Year,Division,Month,Rainfall_mm_SIM,Mean_Temperature_C_SIM,Relative_Humidity_pct_SIM,Wind_Speed_m_s_SIM,Data_Status
2010,Barishal,1,4.8,20.84,67.9,4.3,SIMULATED_TRAINING_DATA
2010,Barishal,2,43.7,21.15,74.9,3.9,SIMULATED_TRAINING_DATA
2010,Barishal,3,246.0,24.36,62.1,1.3,SIMULATED_TRAINING_DATA
2010,Barishal,4,183.0,25.25,74.2,3.3,SIMULATED_TRAINING_DATA
2010,Barishal,5,639.6,30.17,90.0,2.7,SIMULATED_TRAINING_DATA
2010,Barishal,6,170.0,31.51,85.6,2.3,SIMULATED_TRAINING_DATA
2010,Barishal,7,309.6,30.48,88.2,4.0,SIMULATED_TRAINING_DATA
2010,Barishal,8,307.4,31.57,76.3,5.0,SIMULATED_TRAINING_DATA
2010,Barishal,9,235.5,30.21,79.1,1.8,SIMULATED_TRAINING_DATA
2010,Barishal,10,52.1,25.54,77.6,5.3,SIMULATED_TRAINING_DATA
2010,Barishal,11,10.8,22.95,66.1,3.2,SIMULATED_TRAINING_DATA
2010,Barishal,12,2.3,21.09,76.6,3.9,SIMULATED_TRAINING_DATA
2010,Chattogram,1,3.4,21.03,76.7,1.6,SIMULATED_TRAINING_DATA
2010,Chattogram,2,45.0,21.89,81.1,2.8,SIMULATED_TRAINING_DATA
2010,Chattogram,3,277.5,22.73,65.1,1.9,SIMULATED_TRAINING_DATA
2010,Chattogram,4,246.8,26.39,86.9,3.9,SIMULATED_TRAINING_DATA
2010,Chattogram,5,740.4,28.07,88.5,2.1,SIMULATED_TRAINING_DATA
2010,Chattogram,6,444.8,30.09,79.8,2.7,SIMULATED_TRAINING_DATA
2010,Chattogram,7,394.7,32.24,88.7,0.1,SIMULATED_TRAINING_DATA
2010,Chattogram,8,851.7,31.68,75.5,4.0,SIMULATED_TRAINING_DATA
2010,Chattogram,9,351.0,28.04,72.0,3.6,SIMULATED_TRAINING_DATA
2010,Chattogram,10,28.3,27.63,78.3,4.0,SIMULATED_TRAINING_DATA
2010,Chattogram,11,4.7,23.92,74.6,3.1,SIMULATED_TRAINING_DATA
2010,Chattogram,12,3.4,21.99,70.7,3.2,SIMULATED_TRAINING_DATA
2010,Dhaka,1,4.9,22.42,71.1,3.9,SIMULATED_TRAINING_DATA
2010,Dhaka,2,15.7,21.86,74.5,1.9,SIMULATED_TRAINING_DATA
2010,Dhaka,3,59.6,22.44,70.9,1.9,SIMULATED_TRAINING_DATA
2010,Dhaka,4,354.3,25.79,74.7,3.5,SIMULATED_TRAINING_DATA
2010,Dhaka,5,200.9,28.16,74.3,2.6,SIMULATED_TRAINING_DATA
2010,Dhaka,6,1550.8,31.53,94.7,4.5,SIMULATED_TRAINING_DATA
2010,Dhaka,7,663.0,30.12,73.0,2.9,SIMULATED_TRAINING_DATA
2010,Dhaka,8,261.1,29.72,80.0,3.3,SIMULATED_TRAINING_DATA
2010,Dhaka,9,83.5,27.52,76.9,2.0,SIMULATED_TRAINING_DATA
2010,Dhaka,10,38.5,25.01,71.9,2.3,SIMULATED_TRAINING_DATA
2010,Dhaka,11,14.0,24.56,77.4,2.4,SIMULATED_TRAINING_DATA
2010,Dhaka,12,15.9,23.05,67.6,2.4,SIMULATED_TRAINING_DATA
2010,Khulna,1,7.3,21.3,69.7,2.7,SIMULATED_TRAINING_DATA
2010,Khulna,2,22.7,20.82,71.9,5.0,SIMULATED_TRAINING_DATA
2010,Khulna,3,115.6,23.2,63.2,2.2,SIMULATED_TRAINING_DATA
2010,Khulna,4,1093.0,26.76,65.7,3.9,SIMULATED_TRAINING_DATA
2010,Khulna,5,478.2,30.37,85.4,4.2,SIMULATED_TRAINING_DATA
2010,Khulna,6,335.5,30.88,82.1,3.4,SIMULATED_TRAINING_DATA
2010,Khulna,7,96.0,30.69,81.8,2.2,SIMULATED_TRAINING_DATA
2010,Khulna,8,390.2,32.37,85.5,3.8,SIMULATED_TRAINING_DATA
2010,Khulna,9,67.7,27.21,70.2,3.9,SIMULATED_TRAINING_DATA
2010,Khulna,10,10.5,25.23,75.4,2.8,SIMULATED_TRAINING_DATA
2010,Khulna,11,3.3,23.51,82.6,0.9,SIMULATED_TRAINING_DATA
2010,Khulna,12,3.2,21.96,68.2,2.5,SIMULATED_TRAINING_DATA
2010,Mymensingh,1,8.5,22.95,63.7,1.6,SIMULATED_TRAINING_DATA
2010,Mymensingh,2,23.9,22.18,70.0,5.3,SIMULATED_TRAINING_DATA
2010,Mymensingh,3,210.7,23.15,78.2,2.8,SIMULATED_TRAINING_DATA
2010,Mymensingh,4,100.5,25.88,74.3,3.7,SIMULATED_TRAINING_DATA
2010,Mymensingh,5,1285.8,28.49,69.5,3.1,SIMULATED_TRAINING_DATA
2010,Mymensingh,6,221.7,32.27,94.4,3.1,SIMULATED_TRAINING_DATA
2010,Mymensingh,7,262.6,31.53,86.2,3.7,SIMULATED_TRAINING_DATA
2010,Mymensingh,8,407.2,31.43,83.9,1.7,SIMULATED_TRAINING_DATA
2010,Mymensingh,9,109.0,28.38,78.6,4.8,SIMULATED_TRAINING_DATA
2010,Mymensingh,10,22.4,25.37,66.2,3.5,SIMULATED_TRAINING_DATA
2010,Mymensingh,11,23.0,24.92,90.1,3.7,SIMULATED_TRAINING_DATA
2010,Mymensingh,12,8.5,21.55,67.7,1.7,SIMULATED_TRAINING_DATA
2010,Rajshahi,1,3.0,21.16,59.6,2.6,SIMULATED_TRAINING_DATA
2010,Rajshahi,2,22.8,21.86,72.7,4.4,SIMULATED_TRAINING_DATA
2010,Rajshahi,3,31.4,23.54,62.1,2.4,SIMULATED_TRAINING_DATA
2010,Rajshahi,4,424.1,26.51,84.0,4.1,SIMULATED_TRAINING_DATA
2010,Rajshahi,5,122.8,30.06,80.6,2.8,SIMULATED_TRAINING_DATA
2010,Rajshahi,6,546.7,31.48,89.2,3.6,SIMULATED_TRAINING_DATA
2010,Rajshahi,7,113.6,30.84,95.3,2.9,SIMULATED_TRAINING_DATA
2010,Rajshahi,8,257.8,29.69,79.0,1.7,SIMULATED_TRAINING_DATA
2010,Rajshahi,9,187.1,27.78,67.2,6.1,SIMULATED_TRAINING_DATA
2010,Rajshahi,10,38.1,26.13,70.3,2.7,SIMULATED_TRAINING_DATA
2010,Rajshahi,11,7.6,22.11,74.9,2.2,SIMULATED_TRAINING_DATA
2010,Rajshahi,12,15.8,22.22,74.6,2.9,SIMULATED_TRAINING_DATA
2010,Rangpur,1,0.6,21.93,63.4,1.8,SIMULATED_TRAINING_DATA
2010,Rangpur,2,5.2,22.99,77.3,3.0,SIMULATED_TRAINING_DATA
2010,Rangpur,3,169.5,24.45,75.8,3.8,SIMULATED_TRAINING_DATA
2010,Rangpur,4,177.5,25.0,80.2,1.5,SIMULATED_TRAINING_DATA
2010,Rangpur,5,610.3,28.14,73.1,3.1,SIMULATED_TRAINING_DATA
2010,Rangpur,6,653.9,29.75,84.7,0.8,SIMULATED_TRAINING_DATA
2010,Rangpur,7,382.3,29.42,71.6,2.8,SIMULATED_TRAINING_DATA
2010,Rangpur,8,478.9,30.27,71.4,3.0,SIMULATED_TRAINING_DATA
2010,Rangpur,9,56.2,29.22,81.4,2.5,SIMULATED_TRAINING_DATA
2010,Rangpur,10,7.7,25.03,77.2,1.6,SIMULATED_TRAINING_DATA
2010,Rangpur,11,6.5,24.03,69.2,1.7,SIMULATED_TRAINING_DATA
2010,Rangpur,12,2.8,20.31,70.1,6.9,SIMULATED_TRAINING_DATA
2010,Sylhet,1,7.0,21.35,62.9,5.2,SIMULATED_TRAINING_DATA
2010,Sylhet,2,77.9,20.91,68.2,3.7,SIMULATED_TRAINING_DATA
2010,Sylhet,3,221.4,21.44,70.7,2.6,SIMULATED_TRAINING_DATA
2010,Sylhet,4,116.3,25.72,85.4,4.9,SIMULATED_TRAINING_DATA
2010,Sylhet,5,284.5,28.44,82.9,3.2,SIMULATED_TRAINING_DATA
2010,Sylhet,6,595.8,30.27,85.1,3.2,SIMULATED_TRAINING_DATA
2010,Sylhet,7,682.7,29.58,74.4,5.9,SIMULATED_TRAINING_DATA
2010,Sylhet,8,177.0,28.3,61.0,1.6,SIMULATED_TRAINING_DATA
2010,Sylhet,9,106.3,28.72,60.3,3.5,SIMULATED_TRAINING_DATA
2010,Sylhet,10,16.6,24.7,74.9,3.1,SIMULATED_TRAINING_DATA
2010,Sylhet,11,1.8,23.69,70.2,3.8,SIMULATED_TRAINING_DATA
2010,Sylhet,12,12.2,21.02,72.5,1.8,SIMULATED_TRAINING_DATA
2011,Barishal,1,27.2,22.02,71.7,3.6,SIMULATED_TRAINING_DATA
2011,Barishal,2,13.4,21.46,62.8,3.9,SIMULATED_TRAINING_DATA
2011,Barishal,3,193.8,24.92,74.9,3.3,SIMULATED_TRAINING_DATA
2011,Barishal,4,625.1,26.41,79.2,2.7,SIMULATED_TRAINING_DATA
2011,Barishal,5,778.1,26.28,90.4,2.7,SIMULATED_TRAINING_DATA
2011,Barishal,6,586.2,31.83,84.0,4.1,SIMULATED_TRAINING_DATA
2011,Barishal,7,406.8,30.82,96.7,3.7,SIMULATED_TRAINING_DATA
2011,Barishal,8,138.0,27.98,67.0,4.2,SIMULATED_TRAINING_DATA
2011,Barishal,9,194.4,29.31,72.6,2.5,SIMULATED_TRAINING_DATA
2011,Barishal,10,14.8,27.19,73.4,5.0,SIMULATED_TRAINING_DATA
2011,Barishal,11,11.6,23.54,64.7,3.0,SIMULATED_TRAINING_DATA
2011,Barishal,12,2.4,22.77,78.0,3.5,SIMULATED_TRAINING_DATA
2011,Chattogram,1,5.2,20.32,81.8,1.4,SIMULATED_TRAINING_DATA
2011,Chattogram,2,69.6,22.97,77.5,3.9,SIMULATED_TRAINING_DATA
2011,Chattogram,3,108.3,22.23,65.5,2.6,SIMULATED_TRAINING_DATA
2011,Chattogram,4,1026.4,26.46,64.8,4.7,SIMULATED_TRAINING_DATA
2011,Chattogram,5,939.8,29.05,76.1,2.3,SIMULATED_TRAINING_DATA
2011,Chattogram,6,491.1,30.01,79.8,2.2,SIMULATED_TRAINING_DATA
2011,Chattogram,7,629.9,33.11,82.1,3.3,SIMULATED_TRAINING_DATA
2011,Chattogram,8,47.3,30.03,81.0,4.1,SIMULATED_TRAINING_DATA
2011,Chattogram,9,206.0,27.31,58.3,4.6,SIMULATED_TRAINING_DATA
2011,Chattogram,10,18.0,26.87,84.9,3.5,SIMULATED_TRAINING_DATA
2011,Chattogram,11,4.4,23.69,69.1,1.8,SIMULATED_TRAINING_DATA
2011,Chattogram,12,6.6,22.48,75.9,1.5,SIMULATED_TRAINING_DATA
2011,Dhaka,1,3.3,21.29,63.2,2.2,SIMULATED_TRAINING_DATA
2011,Dhaka,2,34.1,22.18,68.6,3.6,SIMULATED_TRAINING_DATA
2011,Dhaka,3,162.7,23.02,74.7,3.0,SIMULATED_TRAINING_DATA
2011,Dhaka,4,547.3,26.76,80.4,4.1,SIMULATED_TRAINING_DATA
2011,Dhaka,5,1238.2,28.01,81.5,2.8,SIMULATED_TRAINING_DATA
2011,Dhaka,6,588.7,28.78,87.2,2.7,SIMULATED_TRAINING_DATA
2011,Dhaka,7,481.4,31.08,91.0,3.2,SIMULATED_TRAINING_DATA
2011,Dhaka,8,448.4,30.5,72.2,5.3,SIMULATED_TRAINING_DATA
2011,Dhaka,9,225.0,27.9,74.3,3.3,SIMULATED_TRAINING_DATA
2011,Dhaka,10,36.2,24.7,65.7,1.0,SIMULATED_TRAINING_DATA
2011,Dhaka,11,2.8,23.71,64.6,2.6,SIMULATED_TRAINING_DATA
2011,Dhaka,12,2.7,22.15,69.6,2.6,SIMULATED_TRAINING_DATA
2011,Khulna,1,6.1,20.61,66.0,2.7,SIMULATED_TRAINING_DATA
2011,Khulna,2,11.3,20.95,60.0,3.8,SIMULATED_TRAINING_DATA
2011,Khulna,3,375.9,24.8,75.4,3.5,SIMULATED_TRAINING_DATA
2011,Khulna,4,198.8,26.69,85.6,3.4,SIMULATED_TRAINING_DATA
2011,Khulna,5,251.7,29.06,82.2,4.0,SIMULATED_TRAINING_DATA
2011,Khulna,6,217.0,31.27,90.8,3.8,SIMULATED_TRAINING_DATA
2011,Khulna,7,409.2,29.7,83.2,3.0,SIMULATED_TRAINING_DATA
2011,Khulna,8,209.2,30.31,78.6,2.6,SIMULATED_TRAINING_DATA
2011,Khulna,9,262.7,30.53,84.2,2.5,SIMULATED_TRAINING_DATA
2011,Khulna,10,0.3,25.5,66.7,3.0,SIMULATED_TRAINING_DATA
2011,Khulna,11,9.1,23.75,68.1,3.8,SIMULATED_TRAINING_DATA
2011,Khulna,12,8.3,21.01,66.2,4.7,SIMULATED_TRAINING_DATA
2011,Mymensingh,1,5.7,22.62,77.4,2.7,SIMULATED_TRAINING_DATA
2011,Mymensingh,2,12.1,21.98,64.1,3.8,SIMULATED_TRAINING_DATA
2011,Mymensingh,3,180.4,21.88,63.6,4.0,SIMULATED_TRAINING_DATA
2011,Mymensingh,4,96.1,26.28,76.8,2.1,SIMULATED_TRAINING_DATA
2011,Mymensingh,5,244.9,28.33,80.1,4.0,SIMULATED_TRAINING_DATA
2011,Mymensingh,6,294.5,29.44,83.1,4.4,SIMULATED_TRAINING_DATA
2011,Mymensingh,7,542.8,32.52,83.5,2.3,SIMULATED_TRAINING_DATA
2011,Mymensingh,8,414.6,29.74,70.2,5.4,SIMULATED_TRAINING_DATA
2011,Mymensingh,9,40.2,29.38,68.4,1.8,SIMULATED_TRAINING_DATA
2011,Mymensingh,10,14.1,26.31,78.9,1.5,SIMULATED_TRAINING_DATA
2011,Mymensingh,11,19.6,23.18,85.8,4.9,SIMULATED_TRAINING_DATA
2011,Mymensingh,12,5.5,21.55,69.9,3.8,SIMULATED_TRAINING_DATA
2011,Rajshahi,1,6.2,20.29,74.0,5.3,SIMULATED_TRAINING_DATA
2011,Rajshahi,2,25.4,21.7,78.3,3.6,SIMULATED_TRAINING_DATA
2011,Rajshahi,3,7.9,22.66,73.7,2.7,SIMULATED_TRAINING_DATA
2011,Rajshahi,4,140.9,26.48,77.9,3.1,SIMULATED_TRAINING_DATA
2011,Rajshahi,5,93.7,27.36,76.0,1.6,SIMULATED_TRAINING_DATA
2011,Rajshahi,6,853.9,28.54,71.6,3.4,SIMULATED_TRAINING_DATA
2011,Rajshahi,7,116.4,30.32,86.4,3.4,SIMULATED_TRAINING_DATA
2011,Rajshahi,8,53.5,30.66,89.5,5.0,SIMULATED_TRAINING_DATA
2011,Rajshahi,9,146.1,28.74,73.9,4.4,SIMULATED_TRAINING_DATA
2011,Rajshahi,10,3.7,25.29,68.0,2.9,SIMULATED_TRAINING_DATA
2011,Rajshahi,11,15.8,25.2,67.9,3.9,SIMULATED_TRAINING_DATA
2011,Rajshahi,12,11.3,21.79,68.9,2.8,SIMULATED_TRAINING_DATA
2011,Rangpur,1,0.1,21.2,78.2,4.0,SIMULATED_TRAINING_DATA
2011,Rangpur,2,13.6,22.52,71.2,2.8,SIMULATED_TRAINING_DATA
2011,Rangpur,3,124.9,22.84,83.7,3.1,SIMULATED_TRAINING_DATA
2011,Rangpur,4,206.1,25.31,72.2,4.2,SIMULATED_TRAINING_DATA
2011,Rangpur,5,443.3,27.66,82.4,2.6,SIMULATED_TRAINING_DATA
2011,Rangpur,6,447.5,31.06,85.5,2.4,SIMULATED_TRAINING_DATA
2011,Rangpur,7,619.3,31.17,91.0,2.5,SIMULATED_TRAINING_DATA
2011,Rangpur,8,122.6,29.92,73.4,3.5,SIMULATED_TRAINING_DATA
2011,Rangpur,9,171.7,28.16,69.8,3.4,SIMULATED_TRAINING_DATA
2011,Rangpur,10,26.6,27.2,70.8,2.6,SIMULATED_TRAINING_DATA
2011,Rangpur,11,4.4,24.17,70.7,4.4,SIMULATED_TRAINING_DATA
2011,Rangpur,12,1.4,23.47,55.6,4.4,SIMULATED_TRAINING_DATA
2011,Sylhet,1,9.3,23.33,66.5,3.8,SIMULATED_TRAINING_DATA
2011,Sylhet,2,17.4,20.94,59.9,3.8,SIMULATED_TRAINING_DATA
2011,Sylhet,3,205.0,24.6,60.0,3.0,SIMULATED_TRAINING_DATA
2011,Sylhet,4,272.6,27.54,99.0,3.4,SIMULATED_TRAINING_DATA
2011,Sylhet,5,415.1,27.54,80.6,4.1,SIMULATED_TRAINING_DATA
2011,Sylhet,6,2084.8,30.54,83.4,2.5,SIMULATED_TRAINING_DATA
2011,Sylhet,7,949.6,30.36,76.3,2.5,SIMULATED_TRAINING_DATA
2011,Sylhet,8,45.4,31.07,69.1,2.3,SIMULATED_TRAINING_DATA
2011,Sylhet,9,414.1,29.09,75.0,4.8,SIMULATED_TRAINING_DATA
2011,Sylhet,10,7.1,25.47,72.4,3.4,SIMULATED_TRAINING_DATA
2011,Sylhet,11,5.8,23.91,78.0,3.3,SIMULATED_TRAINING_DATA
2011,Sylhet,12,2.4,20.18,71.8,4.2,SIMULATED_TRAINING_DATA
2012,Barishal,1,13.6,20.18,77.6,3.5,SIMULATED_TRAINING_DATA
2012,Barishal,2,25.1,22.21,66.6,3.5,SIMULATED_TRAINING_DATA
2012,Barishal,3,498.7,22.83,85.6,2.8,SIMULATED_TRAINING_DATA
2012,Barishal,4,666.3,26.95,73.3,3.2,SIMULATED_TRAINING_DATA
2012,Barishal,5,754.3,28.0,91.3,3.5,SIMULATED_TRAINING_DATA
2012,Barishal,6,258.9,30.06,78.5,4.2,SIMULATED_TRAINING_DATA
2012,Barishal,7,1030.9,32.05,88.5,2.3,SIMULATED_TRAINING_DATA
2012,Barishal,8,137.0,30.36,88.0,2.4,SIMULATED_TRAINING_DATA
2012,Barishal,9,102.8,29.24,68.5,2.6,SIMULATED_TRAINING_DATA
2012,Barishal,10,62.8,25.08,80.1,3.1,SIMULATED_TRAINING_DATA
2012,Barishal,11,14.2,23.6,63.7,2.6,SIMULATED_TRAINING_DATA
2012,Barishal,12,4.8,20.46,67.5,3.7,SIMULATED_TRAINING_DATA
2012,Chattogram,1,4.7,19.28,80.2,2.5,SIMULATED_TRAINING_DATA
2012,Chattogram,2,38.5,21.21,68.1,3.1,SIMULATED_TRAINING_DATA
2012,Chattogram,3,216.9,25.97,60.6,2.9,SIMULATED_TRAINING_DATA
2012,Chattogram,4,623.7,26.46,71.0,1.4,SIMULATED_TRAINING_DATA
2012,Chattogram,5,468.3,28.24,91.2,3.0,SIMULATED_TRAINING_DATA
2012,Chattogram,6,129.5,30.28,92.2,2.8,SIMULATED_TRAINING_DATA
2012,Chattogram,7,244.8,33.82,78.5,4.3,SIMULATED_TRAINING_DATA
2012,Chattogram,8,419.9,31.92,80.3,5.3,SIMULATED_TRAINING_DATA
2012,Chattogram,9,196.0,27.81,80.2,2.5,SIMULATED_TRAINING_DATA
2012,Chattogram,10,6.5,26.42,76.0,5.7,SIMULATED_TRAINING_DATA
2012,Chattogram,11,15.1,23.3,74.9,5.3,SIMULATED_TRAINING_DATA
2012,Chattogram,12,15.1,22.34,66.8,2.8,SIMULATED_TRAINING_DATA
2012,Dhaka,1,11.0,22.74,72.4,3.3,SIMULATED_TRAINING_DATA
2012,Dhaka,2,44.1,22.09,74.0,1.4,SIMULATED_TRAINING_DATA
2012,Dhaka,3,129.9,23.84,72.6,4.0,SIMULATED_TRAINING_DATA
2012,Dhaka,4,49.4,25.88,86.5,2.3,SIMULATED_TRAINING_DATA
2012,Dhaka,5,575.5,28.64,86.5,3.4,SIMULATED_TRAINING_DATA
2012,Dhaka,6,310.8,31.88,78.2,3.2,SIMULATED_TRAINING_DATA
2012,Dhaka,7,264.8,30.87,73.8,0.9,SIMULATED_TRAINING_DATA
2012,Dhaka,8,101.2,29.38,82.4,2.7,SIMULATED_TRAINING_DATA
2012,Dhaka,9,26.6,29.61,71.6,4.3,SIMULATED_TRAINING_DATA
2012,Dhaka,10,6.4,26.84,81.0,3.8,SIMULATED_TRAINING_DATA
2012,Dhaka,11,6.4,23.53,71.4,4.0,SIMULATED_TRAINING_DATA
2012,Dhaka,12,14.8,21.46,81.7,5.6,SIMULATED_TRAINING_DATA
2012,Khulna,1,7.7,22.57,57.6,3.3,SIMULATED_TRAINING_DATA
2012,Khulna,2,5.5,21.54,89.1,3.6,SIMULATED_TRAINING_DATA
2012,Khulna,3,165.8,23.08,78.0,3.0,SIMULATED_TRAINING_DATA
2012,Khulna,4,63.9,25.88,78.7,5.1,SIMULATED_TRAINING_DATA
2012,Khulna,5,284.3,29.5,81.0,3.2,SIMULATED_TRAINING_DATA
2012,Khulna,6,531.7,29.25,84.8,1.5,SIMULATED_TRAINING_DATA
2012,Khulna,7,1112.2,30.19,90.0,3.3,SIMULATED_TRAINING_DATA
2012,Khulna,8,505.6,29.11,71.2,2.9,SIMULATED_TRAINING_DATA
2012,Khulna,9,33.3,29.03,79.1,3.2,SIMULATED_TRAINING_DATA
2012,Khulna,10,38.1,24.5,74.2,1.6,SIMULATED_TRAINING_DATA
2012,Khulna,11,12.8,24.68,76.4,3.5,SIMULATED_TRAINING_DATA
2012,Khulna,12,11.2,21.85,75.1,2.7,SIMULATED_TRAINING_DATA
2012,Mymensingh,1,11.5,19.82,73.7,2.6,SIMULATED_TRAINING_DATA
2012,Mymensingh,2,21.3,19.73,71.4,0.5,SIMULATED_TRAINING_DATA
2012,Mymensingh,3,78.3,25.09,74.4,2.3,SIMULATED_TRAINING_DATA
2012,Mymensingh,4,235.1,27.2,67.7,2.0,SIMULATED_TRAINING_DATA
2012,Mymensingh,5,455.7,30.09,86.6,5.5,SIMULATED_TRAINING_DATA
2012,Mymensingh,6,236.0,30.28,83.5,3.6,SIMULATED_TRAINING_DATA
2012,Mymensingh,7,414.7,31.84,78.2,1.8,SIMULATED_TRAINING_DATA
2012,Mymensingh,8,235.7,31.62,85.8,2.7,SIMULATED_TRAINING_DATA
2012,Mymensingh,9,429.1,28.52,72.8,2.8,SIMULATED_TRAINING_DATA
2012,Mymensingh,10,15.0,26.57,69.3,4.6,SIMULATED_TRAINING_DATA
2012,Mymensingh,11,3.4,23.96,76.5,2.2,SIMULATED_TRAINING_DATA
2012,Mymensingh,12,8.8,20.78,63.0,4.7,SIMULATED_TRAINING_DATA
2012,Rajshahi,1,7.8,20.1,71.6,3.1,SIMULATED_TRAINING_DATA
2012,Rajshahi,2,36.8,20.12,77.4,3.1,SIMULATED_TRAINING_DATA
2012,Rajshahi,3,45.1,22.83,66.6,5.8,SIMULATED_TRAINING_DATA
2012,Rajshahi,4,86.8,25.01,83.2,2.1,SIMULATED_TRAINING_DATA
2012,Rajshahi,5,70.0,28.62,76.0,3.9,SIMULATED_TRAINING_DATA
2012,Rajshahi,6,1179.2,29.21,87.9,1.8,SIMULATED_TRAINING_DATA
2012,Rajshahi,7,838.5,30.15,85.3,2.7,SIMULATED_TRAINING_DATA
2012,Rajshahi,8,123.1,30.97,70.4,3.2,SIMULATED_TRAINING_DATA
2012,Rajshahi,9,166.5,28.72,70.6,4.1,SIMULATED_TRAINING_DATA
2012,Rajshahi,10,22.0,26.94,55.0,3.3,SIMULATED_TRAINING_DATA
2012,Rajshahi,11,10.1,22.76,65.9,3.5,SIMULATED_TRAINING_DATA
2012,Rajshahi,12,14.3,22.99,79.2,1.7,SIMULATED_TRAINING_DATA
2012,Rangpur,1,16.3,21.55,66.5,3.3,SIMULATED_TRAINING_DATA
2012,Rangpur,2,25.6,21.52,74.7,1.7,SIMULATED_TRAINING_DATA
2012,Rangpur,3,104.4,23.39,84.0,3.1,SIMULATED_TRAINING_DATA
2012,Rangpur,4,305.5,25.38,65.9,3.0,SIMULATED_TRAINING_DATA
2012,Rangpur,5,444.5,29.83,86.1,4.1,SIMULATED_TRAINING_DATA
2012,Rangpur,6,351.1,30.42,88.3,3.1,SIMULATED_TRAINING_DATA
2012,Rangpur,7,362.1,30.74,71.3,5.8,SIMULATED_TRAINING_DATA
2012,Rangpur,8,192.1,29.06,83.1,3.0,SIMULATED_TRAINING_DATA
2012,Rangpur,9,214.9,28.38,67.1,4.5,SIMULATED_TRAINING_DATA
2012,Rangpur,10,10.5,24.63,76.2,3.4,SIMULATED_TRAINING_DATA
2012,Rangpur,11,3.8,23.25,70.1,3.8,SIMULATED_TRAINING_DATA
2012,Rangpur,12,5.2,21.77,74.5,3.3,SIMULATED_TRAINING_DATA
2012,Sylhet,1,10.9,21.08,78.2,2.8,SIMULATED_TRAINING_DATA
2012,Sylhet,2,26.7,21.79,70.5,2.2,SIMULATED_TRAINING_DATA
2012,Sylhet,3,315.1,24.07,66.8,2.3,SIMULATED_TRAINING_DATA
2012,Sylhet,4,168.4,26.07,69.1,2.9,SIMULATED_TRAINING_DATA
2012,Sylhet,5,966.7,29.1,93.2,2.6,SIMULATED_TRAINING_DATA
2012,Sylhet,6,608.4,29.73,80.9,4.2,SIMULATED_TRAINING_DATA
2012,Sylhet,7,374.2,31.11,83.0,1.9,SIMULATED_TRAINING_DATA
2012,Sylhet,8,578.2,29.19,82.5,2.5,SIMULATED_TRAINING_DATA
2012,Sylhet,9,567.8,28.61,60.4,4.4,SIMULATED_TRAINING_DATA
2012,Sylhet,10,18.8,25.6,61.6,1.4,SIMULATED_TRAINING_DATA
2012,Sylhet,11,2.3,21.69,72.2,2.9,SIMULATED_TRAINING_DATA
2012,Sylhet,12,5.4,22.89,68.9,4.8,SIMULATED_TRAINING_DATA
2013,Barishal,1,2.6,21.47,66.4,3.6,SIMULATED_TRAINING_DATA
2013,Barishal,2,34.9,22.84,84.1,1.6,SIMULATED_TRAINING_DATA
2013,Barishal,3,31.9,23.15,62.8,3.0,SIMULATED_TRAINING_DATA
2013,Barishal,4,152.9,25.59,71.8,3.1,SIMULATED_TRAINING_DATA
2013,Barishal,5,362.1,29.55,82.9,2.4,SIMULATED_TRAINING_DATA
2013,Barishal,6,631.0,30.22,82.6,3.9,SIMULATED_TRAINING_DATA
2013,Barishal,7,748.2,28.8,78.0,2.1,SIMULATED_TRAINING_DATA
2013,Barishal,8,224.1,29.72,75.8,2.7,SIMULATED_TRAINING_DATA
2013,Barishal,9,225.4,29.73,75.4,4.7,SIMULATED_TRAINING_DATA
2013,Barishal,10,12.6,24.78,78.2,1.9,SIMULATED_TRAINING_DATA
2013,Barishal,11,8.9,23.98,69.3,3.8,SIMULATED_TRAINING_DATA
2013,Barishal,12,2.9,23.05,69.4,1.9,SIMULATED_TRAINING_DATA
2013,Chattogram,1,9.4,21.95,70.0,1.8,SIMULATED_TRAINING_DATA
2013,Chattogram,2,38.3,22.44,64.6,2.4,SIMULATED_TRAINING_DATA
2013,Chattogram,3,326.8,21.96,71.7,3.8,SIMULATED_TRAINING_DATA
2013,Chattogram,4,214.6,26.49,65.8,3.6,SIMULATED_TRAINING_DATA
2013,Chattogram,5,708.6,28.86,72.8,2.5,SIMULATED_TRAINING_DATA
2013,Chattogram,6,208.5,31.83,91.5,4.9,SIMULATED_TRAINING_DATA
2013,Chattogram,7,454.1,32.18,83.4,3.3,SIMULATED_TRAINING_DATA
2013,Chattogram,8,614.2,32.42,74.5,2.7,SIMULATED_TRAINING_DATA
2013,Chattogram,9,335.5,27.53,88.9,3.5,SIMULATED_TRAINING_DATA
2013,Chattogram,10,36.7,27.68,83.0,4.3,SIMULATED_TRAINING_DATA
2013,Chattogram,11,4.4,23.48,81.1,5.1,SIMULATED_TRAINING_DATA
2013,Chattogram,12,17.2,21.08,70.5,1.8,SIMULATED_TRAINING_DATA
2013,Dhaka,1,11.4,21.18,70.9,0.8,SIMULATED_TRAINING_DATA
2013,Dhaka,2,88.6,20.86,64.0,3.6,SIMULATED_TRAINING_DATA
2013,Dhaka,3,114.9,23.78,75.0,3.3,SIMULATED_TRAINING_DATA
2013,Dhaka,4,259.3,27.59,74.4,2.5,SIMULATED_TRAINING_DATA
2013,Dhaka,5,224.6,29.56,81.2,3.3,SIMULATED_TRAINING_DATA
2013,Dhaka,6,423.7,31.2,87.6,2.7,SIMULATED_TRAINING_DATA
2013,Dhaka,7,635.3,30.75,95.9,4.6,SIMULATED_TRAINING_DATA
2013,Dhaka,8,97.3,29.87,73.0,0.8,SIMULATED_TRAINING_DATA
2013,Dhaka,9,169.6,29.4,76.9,5.1,SIMULATED_TRAINING_DATA
2013,Dhaka,10,10.9,25.47,67.8,2.0,SIMULATED_TRAINING_DATA
2013,Dhaka,11,3.7,24.09,60.7,1.2,SIMULATED_TRAINING_DATA
2013,Dhaka,12,15.4,21.0,73.0,2.0,SIMULATED_TRAINING_DATA
2013,Khulna,1,7.1,22.13,73.4,3.7,SIMULATED_TRAINING_DATA
2013,Khulna,2,27.9,20.41,64.8,4.2,SIMULATED_TRAINING_DATA
2013,Khulna,3,58.6,23.32,84.3,2.4,SIMULATED_TRAINING_DATA
2013,Khulna,4,48.6,25.62,74.6,3.1,SIMULATED_TRAINING_DATA
2013,Khulna,5,143.1,29.56,84.8,3.9,SIMULATED_TRAINING_DATA
2013,Khulna,6,565.6,31.15,78.3,5.0,SIMULATED_TRAINING_DATA
2013,Khulna,7,99.8,31.51,80.1,2.8,SIMULATED_TRAINING_DATA
2013,Khulna,8,247.4,31.42,73.3,1.0,SIMULATED_TRAINING_DATA
2013,Khulna,9,340.3,26.88,58.2,4.6,SIMULATED_TRAINING_DATA
2013,Khulna,10,18.9,27.03,75.4,4.1,SIMULATED_TRAINING_DATA
2013,Khulna,11,0.5,23.3,54.7,2.5,SIMULATED_TRAINING_DATA
2013,Khulna,12,5.0,23.32,71.1,3.3,SIMULATED_TRAINING_DATA
2013,Mymensingh,1,21.4,21.6,82.2,4.7,SIMULATED_TRAINING_DATA
2013,Mymensingh,2,11.1,21.89,73.4,4.1,SIMULATED_TRAINING_DATA
2013,Mymensingh,3,373.0,22.85,72.1,2.5,SIMULATED_TRAINING_DATA
2013,Mymensingh,4,181.9,25.97,92.5,2.3,SIMULATED_TRAINING_DATA
2013,Mymensingh,5,10.0,28.52,83.1,2.3,SIMULATED_TRAINING_DATA
2013,Mymensingh,6,1341.1,31.88,86.0,3.7,SIMULATED_TRAINING_DATA
2013,Mymensingh,7,253.5,31.1,85.2,3.0,SIMULATED_TRAINING_DATA
2013,Mymensingh,8,776.6,30.91,74.4,3.5,SIMULATED_TRAINING_DATA
2013,Mymensingh,9,94.4,28.54,76.0,3.3,SIMULATED_TRAINING_DATA
2013,Mymensingh,10,26.9,25.32,55.3,2.5,SIMULATED_TRAINING_DATA
2013,Mymensingh,11,5.2,23.71,71.4,4.6,SIMULATED_TRAINING_DATA
2013,Mymensingh,12,6.9,23.5,69.8,2.3,SIMULATED_TRAINING_DATA
2013,Rajshahi,1,11.6,21.64,57.1,3.0,SIMULATED_TRAINING_DATA
2013,Rajshahi,2,30.9,23.07,70.7,2.6,SIMULATED_TRAINING_DATA
2013,Rajshahi,3,181.0,22.04,79.2,4.0,SIMULATED_TRAINING_DATA
2013,Rajshahi,4,289.1,26.68,76.4,1.9,SIMULATED_TRAINING_DATA
2013,Rajshahi,5,6.4,27.83,85.7,2.6,SIMULATED_TRAINING_DATA
2013,Rajshahi,6,177.7,28.57,78.4,2.7,SIMULATED_TRAINING_DATA
2013,Rajshahi,7,151.7,32.37,85.8,4.0,SIMULATED_TRAINING_DATA
2013,Rajshahi,8,144.5,30.41,84.4,1.2,SIMULATED_TRAINING_DATA
2013,Rajshahi,9,131.9,29.54,81.1,5.2,SIMULATED_TRAINING_DATA
2013,Rajshahi,10,12.0,27.17,69.6,3.1,SIMULATED_TRAINING_DATA
2013,Rajshahi,11,4.6,23.75,61.4,5.1,SIMULATED_TRAINING_DATA
2013,Rajshahi,12,7.5,22.09,79.5,4.3,SIMULATED_TRAINING_DATA
2013,Rangpur,1,4.1,20.66,73.6,3.7,SIMULATED_TRAINING_DATA
2013,Rangpur,2,8.0,21.37,69.1,3.3,SIMULATED_TRAINING_DATA
2013,Rangpur,3,25.1,22.58,80.1,2.9,SIMULATED_TRAINING_DATA
2013,Rangpur,4,74.6,25.9,79.0,4.3,SIMULATED_TRAINING_DATA
2013,Rangpur,5,179.7,26.81,84.6,3.9,SIMULATED_TRAINING_DATA
2013,Rangpur,6,238.6,29.86,87.2,5.1,SIMULATED_TRAINING_DATA
2013,Rangpur,7,680.0,29.12,87.1,2.7,SIMULATED_TRAINING_DATA
2013,Rangpur,8,143.3,29.43,86.1,2.0,SIMULATED_TRAINING_DATA
2013,Rangpur,9,295.9,30.25,79.7,2.5,SIMULATED_TRAINING_DATA
2013,Rangpur,10,13.0,24.33,65.0,5.8,SIMULATED_TRAINING_DATA
2013,Rangpur,11,11.4,23.14,76.4,2.5,SIMULATED_TRAINING_DATA
2013,Rangpur,12,9.6,20.58,79.9,3.0,SIMULATED_TRAINING_DATA
2013,Sylhet,1,7.4,21.79,78.9,2.1,SIMULATED_TRAINING_DATA
2013,Sylhet,2,27.1,23.9,76.9,4.4,SIMULATED_TRAINING_DATA
2013,Sylhet,3,530.5,23.16,76.0,2.8,SIMULATED_TRAINING_DATA
2013,Sylhet,4,650.3,27.22,89.8,2.4,SIMULATED_TRAINING_DATA
2013,Sylhet,5,17.0,28.54,74.3,2.8,SIMULATED_TRAINING_DATA
2013,Sylhet,6,525.7,28.12,85.3,5.5,SIMULATED_TRAINING_DATA
2013,Sylhet,7,79.4,32.02,68.0,3.0,SIMULATED_TRAINING_DATA
2013,Sylhet,8,991.5,29.91,79.7,4.0,SIMULATED_TRAINING_DATA
2013,Sylhet,9,106.6,29.35,86.2,5.4,SIMULATED_TRAINING_DATA
2013,Sylhet,10,18.6,25.22,84.4,3.8,SIMULATED_TRAINING_DATA
2013,Sylhet,11,6.2,21.84,75.5,4.4,SIMULATED_TRAINING_DATA
2013,Sylhet,12,7.5,23.25,72.0,2.6,SIMULATED_TRAINING_DATA
2014,Barishal,1,0.4,21.53,69.1,4.8,SIMULATED_TRAINING_DATA
2014,Barishal,2,41.0,21.7,80.5,3.3,SIMULATED_TRAINING_DATA
2014,Barishal,3,220.3,26.05,66.2,3.3,SIMULATED_TRAINING_DATA
2014,Barishal,4,166.9,26.62,70.6,3.6,SIMULATED_TRAINING_DATA
2014,Barishal,5,198.3,29.66,92.7,2.4,SIMULATED_TRAINING_DATA
2014,Barishal,6,1861.7,32.9,68.1,2.9,SIMULATED_TRAINING_DATA
2014,Barishal,7,97.1,32.91,88.9,2.1,SIMULATED_TRAINING_DATA
2014,Barishal,8,231.6,30.84,67.9,3.4,SIMULATED_TRAINING_DATA
2014,Barishal,9,214.3,28.02,63.5,3.3,SIMULATED_TRAINING_DATA
2014,Barishal,10,8.3,24.96,73.9,6.0,SIMULATED_TRAINING_DATA
2014,Barishal,11,10.3,22.88,74.4,2.8,SIMULATED_TRAINING_DATA
2014,Barishal,12,6.8,22.44,75.1,3.6,SIMULATED_TRAINING_DATA
2014,Chattogram,1,25.0,22.91,55.1,3.8,SIMULATED_TRAINING_DATA
2014,Chattogram,2,5.2,22.01,73.2,3.7,SIMULATED_TRAINING_DATA
2014,Chattogram,3,428.4,25.27,74.7,2.5,SIMULATED_TRAINING_DATA
2014,Chattogram,4,339.3,27.05,81.0,5.2,SIMULATED_TRAINING_DATA
2014,Chattogram,5,620.2,28.24,82.9,4.2,SIMULATED_TRAINING_DATA
2014,Chattogram,6,515.5,30.99,83.4,2.5,SIMULATED_TRAINING_DATA
2014,Chattogram,7,238.3,30.19,89.9,4.7,SIMULATED_TRAINING_DATA
2014,Chattogram,8,570.5,30.68,79.2,1.4,SIMULATED_TRAINING_DATA
2014,Chattogram,9,110.3,29.83,79.0,4.5,SIMULATED_TRAINING_DATA
2014,Chattogram,10,28.8,26.59,60.6,3.0,SIMULATED_TRAINING_DATA
2014,Chattogram,11,8.3,24.63,78.6,2.7,SIMULATED_TRAINING_DATA
2014,Chattogram,12,7.7,21.7,65.2,1.7,SIMULATED_TRAINING_DATA
2014,Dhaka,1,5.7,21.88,68.0,2.3,SIMULATED_TRAINING_DATA
2014,Dhaka,2,12.0,21.27,76.7,6.0,SIMULATED_TRAINING_DATA
2014,Dhaka,3,67.8,24.24,67.0,3.6,SIMULATED_TRAINING_DATA
2014,Dhaka,4,409.5,25.05,89.1,3.2,SIMULATED_TRAINING_DATA
2014,Dhaka,5,533.0,28.67,87.8,4.1,SIMULATED_TRAINING_DATA
2014,Dhaka,6,247.8,32.6,86.7,1.6,SIMULATED_TRAINING_DATA
2014,Dhaka,7,113.5,31.32,78.7,1.9,SIMULATED_TRAINING_DATA
2014,Dhaka,8,474.3,30.33,86.6,3.6,SIMULATED_TRAINING_DATA
2014,Dhaka,9,105.2,29.71,64.7,4.5,SIMULATED_TRAINING_DATA
2014,Dhaka,10,29.7,25.37,56.3,1.0,SIMULATED_TRAINING_DATA
2014,Dhaka,11,12.9,23.65,83.6,2.6,SIMULATED_TRAINING_DATA
2014,Dhaka,12,13.2,21.93,71.0,4.6,SIMULATED_TRAINING_DATA
2014,Khulna,1,25.8,20.51,50.9,3.5,SIMULATED_TRAINING_DATA
2014,Khulna,2,44.9,20.7,68.7,3.3,SIMULATED_TRAINING_DATA
2014,Khulna,3,461.6,23.17,70.3,4.0,SIMULATED_TRAINING_DATA
2014,Khulna,4,242.9,25.71,78.2,2.3,SIMULATED_TRAINING_DATA
2014,Khulna,5,167.9,30.06,80.4,2.1,SIMULATED_TRAINING_DATA
2014,Khulna,6,1696.8,30.18,70.4,1.4,SIMULATED_TRAINING_DATA
2014,Khulna,7,56.5,33.41,79.9,5.0,SIMULATED_TRAINING_DATA
2014,Khulna,8,572.0,31.14,81.6,4.5,SIMULATED_TRAINING_DATA
2014,Khulna,9,87.6,26.66,71.0,4.4,SIMULATED_TRAINING_DATA
2014,Khulna,10,34.2,25.99,57.3,3.3,SIMULATED_TRAINING_DATA
2014,Khulna,11,9.2,23.8,76.9,2.4,SIMULATED_TRAINING_DATA
2014,Khulna,12,15.2,21.85,62.4,2.9,SIMULATED_TRAINING_DATA
2014,Mymensingh,1,5.6,20.62,71.4,4.6,SIMULATED_TRAINING_DATA
2014,Mymensingh,2,40.2,21.86,84.8,0.5,SIMULATED_TRAINING_DATA
2014,Mymensingh,3,238.8,24.64,67.4,2.2,SIMULATED_TRAINING_DATA
2014,Mymensingh,4,270.9,27.09,84.4,3.4,SIMULATED_TRAINING_DATA
2014,Mymensingh,5,271.8,29.06,75.5,4.3,SIMULATED_TRAINING_DATA
2014,Mymensingh,6,255.1,30.54,88.2,3.5,SIMULATED_TRAINING_DATA
2014,Mymensingh,7,247.4,31.94,91.8,4.2,SIMULATED_TRAINING_DATA
2014,Mymensingh,8,404.0,30.7,81.6,2.9,SIMULATED_TRAINING_DATA
2014,Mymensingh,9,151.1,28.18,71.8,2.1,SIMULATED_TRAINING_DATA
2014,Mymensingh,10,30.8,25.6,65.3,3.3,SIMULATED_TRAINING_DATA
2014,Mymensingh,11,7.1,25.04,77.1,2.7,SIMULATED_TRAINING_DATA
2014,Mymensingh,12,20.2,20.67,87.0,3.0,SIMULATED_TRAINING_DATA
2014,Rajshahi,1,6.3,21.67,76.4,2.2,SIMULATED_TRAINING_DATA
2014,Rajshahi,2,10.9,21.47,70.7,2.6,SIMULATED_TRAINING_DATA
2014,Rajshahi,3,346.2,21.93,77.3,5.2,SIMULATED_TRAINING_DATA
2014,Rajshahi,4,56.8,25.63,82.4,3.8,SIMULATED_TRAINING_DATA
2014,Rajshahi,5,542.6,26.94,69.5,3.5,SIMULATED_TRAINING_DATA
2014,Rajshahi,6,35.1,29.22,79.8,3.1,SIMULATED_TRAINING_DATA
2014,Rajshahi,7,292.8,30.95,94.8,2.9,SIMULATED_TRAINING_DATA
2014,Rajshahi,8,244.0,31.56,84.9,2.9,SIMULATED_TRAINING_DATA
2014,Rajshahi,9,130.5,29.24,72.3,1.5,SIMULATED_TRAINING_DATA
2014,Rajshahi,10,34.4,25.34,70.4,2.7,SIMULATED_TRAINING_DATA
2014,Rajshahi,11,9.9,22.31,68.4,0.8,SIMULATED_TRAINING_DATA
2014,Rajshahi,12,15.1,21.47,72.2,3.7,SIMULATED_TRAINING_DATA
2014,Rangpur,1,1.9,21.1,68.6,2.8,SIMULATED_TRAINING_DATA
2014,Rangpur,2,27.3,20.83,70.7,2.4,SIMULATED_TRAINING_DATA
2014,Rangpur,3,129.7,24.33,61.6,3.6,SIMULATED_TRAINING_DATA
2014,Rangpur,4,219.7,25.4,84.6,5.8,SIMULATED_TRAINING_DATA
2014,Rangpur,5,271.7,27.12,79.6,2.3,SIMULATED_TRAINING_DATA
2014,Rangpur,6,592.7,31.06,93.0,3.1,SIMULATED_TRAINING_DATA
2014,Rangpur,7,203.1,29.47,78.7,5.5,SIMULATED_TRAINING_DATA
2014,Rangpur,8,160.1,30.95,84.6,4.0,SIMULATED_TRAINING_DATA
2014,Rangpur,9,149.7,28.61,68.1,4.5,SIMULATED_TRAINING_DATA
2014,Rangpur,10,37.1,28.07,83.5,2.8,SIMULATED_TRAINING_DATA
2014,Rangpur,11,6.2,22.92,72.6,5.4,SIMULATED_TRAINING_DATA
2014,Rangpur,12,23.7,21.55,73.0,4.0,SIMULATED_TRAINING_DATA
2014,Sylhet,1,18.1,20.73,62.2,1.9,SIMULATED_TRAINING_DATA
2014,Sylhet,2,64.4,19.57,77.5,3.2,SIMULATED_TRAINING_DATA
2014,Sylhet,3,297.3,23.62,71.6,2.4,SIMULATED_TRAINING_DATA
2014,Sylhet,4,26.5,26.28,82.6,3.8,SIMULATED_TRAINING_DATA
2014,Sylhet,5,535.2,28.57,77.0,3.2,SIMULATED_TRAINING_DATA
2014,Sylhet,6,1486.9,30.14,87.3,3.0,SIMULATED_TRAINING_DATA
2014,Sylhet,7,596.3,30.9,84.7,3.0,SIMULATED_TRAINING_DATA
2014,Sylhet,8,322.2,29.72,79.3,3.0,SIMULATED_TRAINING_DATA
2014,Sylhet,9,70.0,28.86,73.4,3.1,SIMULATED_TRAINING_DATA
2014,Sylhet,10,13.4,26.28,56.0,2.7,SIMULATED_TRAINING_DATA
2014,Sylhet,11,3.1,22.42,78.7,1.8,SIMULATED_TRAINING_DATA
2014,Sylhet,12,7.4,22.43,73.6,3.1,SIMULATED_TRAINING_DATA
2015,Barishal,1,11.8,19.99,59.6,2.7,SIMULATED_TRAINING_DATA
2015,Barishal,2,39.5,22.44,66.3,4.8,SIMULATED_TRAINING_DATA
2015,Barishal,3,77.8,23.65,78.9,4.8,SIMULATED_TRAINING_DATA
2015,Barishal,4,504.6,27.24,75.3,3.1,SIMULATED_TRAINING_DATA
2015,Barishal,5,848.9,29.23,78.8,2.4,SIMULATED_TRAINING_DATA
2015,Barishal,6,538.7,29.0,90.8,2.2,SIMULATED_TRAINING_DATA
2015,Barishal,7,177.5,31.18,76.5,6.5,SIMULATED_TRAINING_DATA
2015,Barishal,8,103.0,31.16,70.7,3.4,SIMULATED_TRAINING_DATA
2015,Barishal,9,131.7,29.37,77.8,0.4,SIMULATED_TRAINING_DATA
2015,Barishal,10,54.3,26.62,71.2,4.0,SIMULATED_TRAINING_DATA
2015,Barishal,11,8.8,26.29,67.6,3.8,SIMULATED_TRAINING_DATA
2015,Barishal,12,4.0,19.27,68.1,5.1,SIMULATED_TRAINING_DATA
2015,Chattogram,1,30.8,20.68,81.4,4.1,SIMULATED_TRAINING_DATA
2015,Chattogram,2,18.5,22.34,69.5,2.5,SIMULATED_TRAINING_DATA
2015,Chattogram,3,478.4,24.15,70.2,2.8,SIMULATED_TRAINING_DATA
2015,Chattogram,4,379.0,26.59,78.2,4.1,SIMULATED_TRAINING_DATA
2015,Chattogram,5,529.4,29.7,89.7,2.7,SIMULATED_TRAINING_DATA
2015,Chattogram,6,655.4,32.43,82.3,5.8,SIMULATED_TRAINING_DATA
2015,Chattogram,7,89.3,30.66,79.6,3.1,SIMULATED_TRAINING_DATA
2015,Chattogram,8,153.6,32.29,75.6,4.3,SIMULATED_TRAINING_DATA
2015,Chattogram,9,360.0,28.8,76.2,2.8,SIMULATED_TRAINING_DATA
2015,Chattogram,10,16.1,26.76,73.0,3.7,SIMULATED_TRAINING_DATA
2015,Chattogram,11,0.5,23.04,67.1,2.8,SIMULATED_TRAINING_DATA
2015,Chattogram,12,9.5,19.95,76.9,3.0,SIMULATED_TRAINING_DATA
2015,Dhaka,1,3.5,21.52,77.9,1.9,SIMULATED_TRAINING_DATA
2015,Dhaka,2,46.8,23.51,72.2,3.2,SIMULATED_TRAINING_DATA
2015,Dhaka,3,110.3,24.98,82.8,4.8,SIMULATED_TRAINING_DATA
2015,Dhaka,4,587.6,26.52,80.6,3.2,SIMULATED_TRAINING_DATA
2015,Dhaka,5,39.8,27.14,89.4,1.4,SIMULATED_TRAINING_DATA
2015,Dhaka,6,563.3,28.89,91.8,5.2,SIMULATED_TRAINING_DATA
2015,Dhaka,7,287.3,30.34,93.7,2.7,SIMULATED_TRAINING_DATA
2015,Dhaka,8,499.4,29.87,76.5,1.1,SIMULATED_TRAINING_DATA
2015,Dhaka,9,20.0,27.9,57.8,2.5,SIMULATED_TRAINING_DATA
2015,Dhaka,10,30.8,25.05,71.6,2.5,SIMULATED_TRAINING_DATA
2015,Dhaka,11,9.7,23.24,73.9,2.3,SIMULATED_TRAINING_DATA
2015,Dhaka,12,14.2,22.99,66.3,2.4,SIMULATED_TRAINING_DATA
2015,Khulna,1,8.7,21.32,72.5,3.0,SIMULATED_TRAINING_DATA
2015,Khulna,2,5.3,22.25,67.4,2.0,SIMULATED_TRAINING_DATA
2015,Khulna,3,79.0,24.94,65.9,3.7,SIMULATED_TRAINING_DATA
2015,Khulna,4,109.9,26.88,84.5,2.8,SIMULATED_TRAINING_DATA
2015,Khulna,5,438.5,29.53,85.6,2.6,SIMULATED_TRAINING_DATA
2015,Khulna,6,299.7,30.24,78.4,4.0,SIMULATED_TRAINING_DATA
2015,Khulna,7,627.8,30.99,81.3,2.7,SIMULATED_TRAINING_DATA
2015,Khulna,8,34.5,31.44,80.4,3.9,SIMULATED_TRAINING_DATA
2015,Khulna,9,62.8,29.32,59.8,3.6,SIMULATED_TRAINING_DATA
2015,Khulna,10,4.9,26.87,67.9,4.9,SIMULATED_TRAINING_DATA
2015,Khulna,11,21.9,24.04,81.0,3.9,SIMULATED_TRAINING_DATA
2015,Khulna,12,2.3,23.34,80.3,2.5,SIMULATED_TRAINING_DATA
2015,Mymensingh,1,1.9,21.11,76.3,2.8,SIMULATED_TRAINING_DATA
2015,Mymensingh,2,11.4,21.26,73.4,4.6,SIMULATED_TRAINING_DATA
2015,Mymensingh,3,367.3,23.33,78.5,2.5,SIMULATED_TRAINING_DATA
2015,Mymensingh,4,189.5,24.87,89.1,2.4,SIMULATED_TRAINING_DATA
2015,Mymensingh,5,672.0,29.26,87.0,2.2,SIMULATED_TRAINING_DATA
2015,Mymensingh,6,1414.1,30.71,76.7,1.9,SIMULATED_TRAINING_DATA
2015,Mymensingh,7,428.3,32.09,75.0,4.4,SIMULATED_TRAINING_DATA
2015,Mymensingh,8,75.9,30.74,81.7,1.9,SIMULATED_TRAINING_DATA
2015,Mymensingh,9,364.2,28.17,80.1,4.3,SIMULATED_TRAINING_DATA
2015,Mymensingh,10,44.4,24.29,66.7,3.8,SIMULATED_TRAINING_DATA
2015,Mymensingh,11,4.1,21.89,79.5,2.9,SIMULATED_TRAINING_DATA
2015,Mymensingh,12,17.2,21.45,65.3,3.3,SIMULATED_TRAINING_DATA
2015,Rajshahi,1,14.3,21.48,80.7,3.1,SIMULATED_TRAINING_DATA
2015,Rajshahi,2,28.0,21.91,80.6,0.6,SIMULATED_TRAINING_DATA
2015,Rajshahi,3,258.8,24.32,66.7,4.8,SIMULATED_TRAINING_DATA
2015,Rajshahi,4,183.7,26.87,76.0,0.6,SIMULATED_TRAINING_DATA
2015,Rajshahi,5,704.8,29.81,88.2,3.3,SIMULATED_TRAINING_DATA
2015,Rajshahi,6,118.0,30.53,76.5,5.2,SIMULATED_TRAINING_DATA
2015,Rajshahi,7,372.9,31.45,79.2,3.1,SIMULATED_TRAINING_DATA
2015,Rajshahi,8,419.1,30.75,88.7,2.5,SIMULATED_TRAINING_DATA
2015,Rajshahi,9,364.4,28.26,72.2,2.2,SIMULATED_TRAINING_DATA
2015,Rajshahi,10,3.6,27.39,83.1,4.6,SIMULATED_TRAINING_DATA
2015,Rajshahi,11,17.1,23.63,73.9,3.1,SIMULATED_TRAINING_DATA
2015,Rajshahi,12,14.3,22.09,73.2,3.7,SIMULATED_TRAINING_DATA
2015,Rangpur,1,3.9,20.54,78.5,4.1,SIMULATED_TRAINING_DATA
2015,Rangpur,2,28.6,22.69,71.8,2.1,SIMULATED_TRAINING_DATA
2015,Rangpur,3,526.8,23.3,67.3,3.1,SIMULATED_TRAINING_DATA
2015,Rangpur,4,216.5,25.4,76.1,3.3,SIMULATED_TRAINING_DATA
2015,Rangpur,5,573.3,29.77,85.9,5.1,SIMULATED_TRAINING_DATA
2015,Rangpur,6,218.7,29.78,83.2,2.5,SIMULATED_TRAINING_DATA
2015,Rangpur,7,265.0,32.07,89.0,3.2,SIMULATED_TRAINING_DATA
2015,Rangpur,8,22.3,30.45,80.9,3.7,SIMULATED_TRAINING_DATA
2015,Rangpur,9,130.7,27.2,75.7,3.7,SIMULATED_TRAINING_DATA
2015,Rangpur,10,79.4,24.95,68.7,3.4,SIMULATED_TRAINING_DATA
2015,Rangpur,11,12.7,22.35,71.3,4.1,SIMULATED_TRAINING_DATA
2015,Rangpur,12,11.2,22.26,69.4,3.3,SIMULATED_TRAINING_DATA
2015,Sylhet,1,8.3,21.69,65.2,3.9,SIMULATED_TRAINING_DATA
2015,Sylhet,2,19.9,20.61,64.9,3.1,SIMULATED_TRAINING_DATA
2015,Sylhet,3,266.4,23.12,70.1,2.7,SIMULATED_TRAINING_DATA
2015,Sylhet,4,1351.2,27.73,80.1,3.2,SIMULATED_TRAINING_DATA
2015,Sylhet,5,1438.7,29.31,99.0,4.7,SIMULATED_TRAINING_DATA
2015,Sylhet,6,349.1,29.39,87.3,2.7,SIMULATED_TRAINING_DATA
2015,Sylhet,7,1438.3,30.15,88.0,1.6,SIMULATED_TRAINING_DATA
2015,Sylhet,8,141.6,31.37,78.1,5.5,SIMULATED_TRAINING_DATA
2015,Sylhet,9,344.7,27.03,55.1,4.1,SIMULATED_TRAINING_DATA
2015,Sylhet,10,215.4,25.79,76.4,1.8,SIMULATED_TRAINING_DATA
2015,Sylhet,11,4.6,21.76,82.0,3.9,SIMULATED_TRAINING_DATA
2015,Sylhet,12,7.2,21.36,77.0,3.4,SIMULATED_TRAINING_DATA
2016,Barishal,1,2.7,19.9,71.6,3.1,SIMULATED_TRAINING_DATA
2016,Barishal,2,36.2,22.45,82.3,1.6,SIMULATED_TRAINING_DATA
2016,Barishal,3,123.5,26.01,86.2,3.8,SIMULATED_TRAINING_DATA
2016,Barishal,4,528.0,25.57,67.9,2.1,SIMULATED_TRAINING_DATA
2016,Barishal,5,617.0,29.46,75.8,3.7,SIMULATED_TRAINING_DATA
2016,Barishal,6,246.4,30.35,73.5,4.2,SIMULATED_TRAINING_DATA
2016,Barishal,7,661.9,30.61,87.3,3.4,SIMULATED_TRAINING_DATA
2016,Barishal,8,297.5,31.78,71.8,3.9,SIMULATED_TRAINING_DATA
2016,Barishal,9,196.0,26.18,61.9,2.5,SIMULATED_TRAINING_DATA
2016,Barishal,10,30.2,25.25,59.7,1.4,SIMULATED_TRAINING_DATA
2016,Barishal,11,10.2,21.86,69.7,5.4,SIMULATED_TRAINING_DATA
2016,Barishal,12,24.7,20.5,72.4,3.3,SIMULATED_TRAINING_DATA
2016,Chattogram,1,3.5,19.86,68.4,5.3,SIMULATED_TRAINING_DATA
2016,Chattogram,2,8.8,20.86,70.2,2.8,SIMULATED_TRAINING_DATA
2016,Chattogram,3,73.7,24.89,68.8,3.6,SIMULATED_TRAINING_DATA
2016,Chattogram,4,1620.1,27.94,79.9,4.2,SIMULATED_TRAINING_DATA
2016,Chattogram,5,209.1,29.8,83.5,4.1,SIMULATED_TRAINING_DATA
2016,Chattogram,6,636.9,31.35,78.3,3.8,SIMULATED_TRAINING_DATA
2016,Chattogram,7,492.9,29.38,84.6,3.3,SIMULATED_TRAINING_DATA
2016,Chattogram,8,281.5,29.79,79.8,3.0,SIMULATED_TRAINING_DATA
2016,Chattogram,9,243.3,28.44,74.5,1.6,SIMULATED_TRAINING_DATA
2016,Chattogram,10,69.8,25.52,68.7,2.9,SIMULATED_TRAINING_DATA
2016,Chattogram,11,3.1,23.06,75.2,4.9,SIMULATED_TRAINING_DATA
2016,Chattogram,12,11.9,22.5,67.0,1.8,SIMULATED_TRAINING_DATA
2016,Dhaka,1,2.3,19.75,56.0,3.9,SIMULATED_TRAINING_DATA
2016,Dhaka,2,75.3,21.17,72.3,5.0,SIMULATED_TRAINING_DATA
2016,Dhaka,3,82.1,25.14,70.5,1.8,SIMULATED_TRAINING_DATA
2016,Dhaka,4,188.3,26.95,79.9,1.9,SIMULATED_TRAINING_DATA
2016,Dhaka,5,686.5,28.04,87.0,1.5,SIMULATED_TRAINING_DATA
2016,Dhaka,6,781.1,29.6,92.5,2.5,SIMULATED_TRAINING_DATA
2016,Dhaka,7,246.9,31.13,76.6,2.2,SIMULATED_TRAINING_DATA
2016,Dhaka,8,588.8,29.35,76.9,3.3,SIMULATED_TRAINING_DATA
2016,Dhaka,9,298.4,28.34,78.9,2.5,SIMULATED_TRAINING_DATA
2016,Dhaka,10,10.5,28.6,83.2,4.8,SIMULATED_TRAINING_DATA
2016,Dhaka,11,11.0,23.76,75.6,3.1,SIMULATED_TRAINING_DATA
2016,Dhaka,12,4.9,21.97,73.5,2.1,SIMULATED_TRAINING_DATA
2016,Khulna,1,5.7,20.68,70.5,4.9,SIMULATED_TRAINING_DATA
2016,Khulna,2,27.8,22.49,62.9,5.3,SIMULATED_TRAINING_DATA
2016,Khulna,3,143.7,25.0,68.4,4.9,SIMULATED_TRAINING_DATA
2016,Khulna,4,135.2,27.64,71.9,1.5,SIMULATED_TRAINING_DATA
2016,Khulna,5,147.8,28.64,79.3,3.4,SIMULATED_TRAINING_DATA
2016,Khulna,6,404.7,29.56,76.5,4.4,SIMULATED_TRAINING_DATA
2016,Khulna,7,551.5,31.98,99.0,3.9,SIMULATED_TRAINING_DATA
2016,Khulna,8,286.2,30.9,71.4,3.3,SIMULATED_TRAINING_DATA
2016,Khulna,9,142.3,29.22,68.2,3.1,SIMULATED_TRAINING_DATA
2016,Khulna,10,7.4,28.9,73.2,3.5,SIMULATED_TRAINING_DATA
2016,Khulna,11,16.7,22.9,82.6,3.8,SIMULATED_TRAINING_DATA
2016,Khulna,12,4.7,21.31,72.7,2.8,SIMULATED_TRAINING_DATA
2016,Mymensingh,1,9.0,20.13,78.8,3.2,SIMULATED_TRAINING_DATA
2016,Mymensingh,2,43.3,23.4,75.7,4.3,SIMULATED_TRAINING_DATA
2016,Mymensingh,3,110.5,23.62,77.6,2.5,SIMULATED_TRAINING_DATA
2016,Mymensingh,4,365.6,24.86,70.4,4.5,SIMULATED_TRAINING_DATA
2016,Mymensingh,5,878.6,29.22,81.8,2.5,SIMULATED_TRAINING_DATA
2016,Mymensingh,6,804.3,29.94,75.7,5.4,SIMULATED_TRAINING_DATA
2016,Mymensingh,7,80.5,30.89,81.1,3.1,SIMULATED_TRAINING_DATA
2016,Mymensingh,8,464.4,31.73,71.4,2.8,SIMULATED_TRAINING_DATA
2016,Mymensingh,9,18.1,27.65,63.1,2.9,SIMULATED_TRAINING_DATA
2016,Mymensingh,10,106.5,25.98,86.8,4.8,SIMULATED_TRAINING_DATA
2016,Mymensingh,11,4.8,23.13,71.1,3.1,SIMULATED_TRAINING_DATA
2016,Mymensingh,12,34.2,21.12,73.7,5.1,SIMULATED_TRAINING_DATA
2016,Rajshahi,1,3.6,21.61,65.8,5.0,SIMULATED_TRAINING_DATA
2016,Rajshahi,2,18.2,22.33,73.8,2.1,SIMULATED_TRAINING_DATA
2016,Rajshahi,3,108.0,23.26,64.2,2.6,SIMULATED_TRAINING_DATA
2016,Rajshahi,4,160.4,27.25,79.4,3.1,SIMULATED_TRAINING_DATA
2016,Rajshahi,5,276.6,28.5,84.2,2.9,SIMULATED_TRAINING_DATA
2016,Rajshahi,6,281.6,30.25,87.0,1.9,SIMULATED_TRAINING_DATA
2016,Rajshahi,7,24.5,31.23,73.9,2.9,SIMULATED_TRAINING_DATA
2016,Rajshahi,8,116.1,31.08,84.9,3.7,SIMULATED_TRAINING_DATA
2016,Rajshahi,9,440.0,30.32,73.4,4.2,SIMULATED_TRAINING_DATA
2016,Rajshahi,10,6.9,25.73,83.5,2.3,SIMULATED_TRAINING_DATA
2016,Rajshahi,11,5.7,24.3,78.5,3.9,SIMULATED_TRAINING_DATA
2016,Rajshahi,12,4.3,21.96,86.2,2.6,SIMULATED_TRAINING_DATA
2016,Rangpur,1,2.0,21.79,85.7,2.8,SIMULATED_TRAINING_DATA
2016,Rangpur,2,44.6,21.4,71.1,2.5,SIMULATED_TRAINING_DATA
2016,Rangpur,3,102.5,24.7,74.2,3.4,SIMULATED_TRAINING_DATA
2016,Rangpur,4,244.8,27.53,80.1,2.2,SIMULATED_TRAINING_DATA
2016,Rangpur,5,95.8,28.09,88.0,1.8,SIMULATED_TRAINING_DATA
2016,Rangpur,6,135.6,27.84,83.2,3.7,SIMULATED_TRAINING_DATA
2016,Rangpur,7,189.4,32.61,88.9,3.4,SIMULATED_TRAINING_DATA
2016,Rangpur,8,183.7,29.72,82.6,1.7,SIMULATED_TRAINING_DATA
2016,Rangpur,9,171.7,27.71,59.4,3.5,SIMULATED_TRAINING_DATA
2016,Rangpur,10,20.0,27.87,63.1,2.6,SIMULATED_TRAINING_DATA
2016,Rangpur,11,11.7,25.25,88.3,4.4,SIMULATED_TRAINING_DATA
2016,Rangpur,12,3.0,21.7,63.4,2.1,SIMULATED_TRAINING_DATA
2016,Sylhet,1,5.2,19.69,72.8,0.8,SIMULATED_TRAINING_DATA
2016,Sylhet,2,28.4,21.26,79.7,4.2,SIMULATED_TRAINING_DATA
2016,Sylhet,3,323.4,22.37,69.5,4.3,SIMULATED_TRAINING_DATA
2016,Sylhet,4,326.5,26.38,92.4,3.9,SIMULATED_TRAINING_DATA
2016,Sylhet,5,628.8,29.65,84.9,4.4,SIMULATED_TRAINING_DATA
2016,Sylhet,6,465.4,29.36,82.8,3.0,SIMULATED_TRAINING_DATA
2016,Sylhet,7,567.4,33.42,90.7,3.4,SIMULATED_TRAINING_DATA
2016,Sylhet,8,365.6,31.13,81.8,2.2,SIMULATED_TRAINING_DATA
2016,Sylhet,9,215.8,30.57,68.5,0.3,SIMULATED_TRAINING_DATA
2016,Sylhet,10,60.8,25.68,85.4,3.8,SIMULATED_TRAINING_DATA
2016,Sylhet,11,3.6,23.23,55.7,3.2,SIMULATED_TRAINING_DATA
2016,Sylhet,12,2.9,20.94,77.4,5.2,SIMULATED_TRAINING_DATA
2017,Barishal,1,9.7,21.3,59.3,3.0,SIMULATED_TRAINING_DATA
2017,Barishal,2,22.9,22.2,74.0,5.0,SIMULATED_TRAINING_DATA
2017,Barishal,3,401.2,23.54,68.9,1.8,SIMULATED_TRAINING_DATA
2017,Barishal,4,392.2,27.15,79.9,2.7,SIMULATED_TRAINING_DATA
2017,Barishal,5,931.4,31.02,90.4,2.4,SIMULATED_TRAINING_DATA
2017,Barishal,6,330.2,29.94,84.7,3.1,SIMULATED_TRAINING_DATA
2017,Barishal,7,196.2,31.42,78.4,2.4,SIMULATED_TRAINING_DATA
2017,Barishal,8,62.3,31.05,82.2,4.1,SIMULATED_TRAINING_DATA
2017,Barishal,9,368.7,28.56,77.9,3.5,SIMULATED_TRAINING_DATA
2017,Barishal,10,9.0,25.86,62.0,3.3,SIMULATED_TRAINING_DATA
2017,Barishal,11,17.3,24.15,80.9,3.9,SIMULATED_TRAINING_DATA
2017,Barishal,12,0.5,21.15,62.2,3.0,SIMULATED_TRAINING_DATA
2017,Chattogram,1,4.6,21.94,59.3,3.6,SIMULATED_TRAINING_DATA
2017,Chattogram,2,19.0,20.61,71.1,5.0,SIMULATED_TRAINING_DATA
2017,Chattogram,3,215.8,23.08,66.2,3.2,SIMULATED_TRAINING_DATA
2017,Chattogram,4,909.9,26.35,77.7,2.8,SIMULATED_TRAINING_DATA
2017,Chattogram,5,505.1,26.28,72.7,2.5,SIMULATED_TRAINING_DATA
2017,Chattogram,6,597.4,29.66,79.0,2.3,SIMULATED_TRAINING_DATA
2017,Chattogram,7,211.0,29.87,92.0,2.5,SIMULATED_TRAINING_DATA
2017,Chattogram,8,174.6,30.74,84.5,2.5,SIMULATED_TRAINING_DATA
2017,Chattogram,9,60.1,28.08,67.4,3.6,SIMULATED_TRAINING_DATA
2017,Chattogram,10,17.4,24.84,55.7,1.7,SIMULATED_TRAINING_DATA
2017,Chattogram,11,7.6,23.73,67.8,2.0,SIMULATED_TRAINING_DATA
2017,Chattogram,12,3.5,21.62,56.5,2.6,SIMULATED_TRAINING_DATA
2017,Dhaka,1,5.4,21.85,77.3,3.7,SIMULATED_TRAINING_DATA
2017,Dhaka,2,13.0,21.12,65.1,3.1,SIMULATED_TRAINING_DATA
2017,Dhaka,3,99.7,23.14,65.4,1.9,SIMULATED_TRAINING_DATA
2017,Dhaka,4,211.9,25.98,73.6,4.2,SIMULATED_TRAINING_DATA
2017,Dhaka,5,303.4,28.89,62.4,4.3,SIMULATED_TRAINING_DATA
2017,Dhaka,6,375.7,30.13,83.2,1.7,SIMULATED_TRAINING_DATA
2017,Dhaka,7,560.3,30.39,61.1,3.8,SIMULATED_TRAINING_DATA
2017,Dhaka,8,160.2,31.11,71.4,3.4,SIMULATED_TRAINING_DATA
2017,Dhaka,9,348.3,27.76,67.0,4.0,SIMULATED_TRAINING_DATA
2017,Dhaka,10,67.2,26.23,63.2,1.9,SIMULATED_TRAINING_DATA
2017,Dhaka,11,6.8,23.27,70.2,3.7,SIMULATED_TRAINING_DATA
2017,Dhaka,12,2.1,22.98,69.1,3.8,SIMULATED_TRAINING_DATA
2017,Khulna,1,4.4,22.22,78.4,2.4,SIMULATED_TRAINING_DATA
2017,Khulna,2,13.4,21.19,67.0,2.1,SIMULATED_TRAINING_DATA
2017,Khulna,3,302.6,24.34,68.9,3.6,SIMULATED_TRAINING_DATA
2017,Khulna,4,208.8,26.49,81.2,1.9,SIMULATED_TRAINING_DATA
2017,Khulna,5,113.5,29.26,89.4,4.4,SIMULATED_TRAINING_DATA
2017,Khulna,6,404.8,30.92,78.1,2.5,SIMULATED_TRAINING_DATA
2017,Khulna,7,626.3,28.47,93.9,3.2,SIMULATED_TRAINING_DATA
2017,Khulna,8,162.5,30.23,83.1,3.1,SIMULATED_TRAINING_DATA
2017,Khulna,9,78.9,29.23,81.3,3.7,SIMULATED_TRAINING_DATA
2017,Khulna,10,7.9,26.8,66.8,2.5,SIMULATED_TRAINING_DATA
2017,Khulna,11,3.2,22.13,71.6,3.2,SIMULATED_TRAINING_DATA
2017,Khulna,12,9.6,21.99,67.2,2.9,SIMULATED_TRAINING_DATA
2017,Mymensingh,1,1.8,20.84,67.9,3.2,SIMULATED_TRAINING_DATA
2017,Mymensingh,2,61.2,23.46,66.5,2.4,SIMULATED_TRAINING_DATA
2017,Mymensingh,3,210.1,24.06,75.7,3.8,SIMULATED_TRAINING_DATA
2017,Mymensingh,4,363.7,25.79,83.8,3.7,SIMULATED_TRAINING_DATA
2017,Mymensingh,5,324.5,30.86,74.4,4.6,SIMULATED_TRAINING_DATA
2017,Mymensingh,6,181.8,30.64,90.6,1.3,SIMULATED_TRAINING_DATA
2017,Mymensingh,7,386.0,31.44,90.3,3.4,SIMULATED_TRAINING_DATA
2017,Mymensingh,8,126.3,29.63,82.9,2.5,SIMULATED_TRAINING_DATA
2017,Mymensingh,9,228.5,29.21,63.6,3.9,SIMULATED_TRAINING_DATA
2017,Mymensingh,10,68.2,25.78,69.8,2.3,SIMULATED_TRAINING_DATA
2017,Mymensingh,11,3.5,23.28,73.9,4.5,SIMULATED_TRAINING_DATA
2017,Mymensingh,12,3.8,22.83,71.9,1.2,SIMULATED_TRAINING_DATA
2017,Rajshahi,1,5.8,19.85,75.7,2.3,SIMULATED_TRAINING_DATA
2017,Rajshahi,2,6.5,24.48,64.6,4.2,SIMULATED_TRAINING_DATA
2017,Rajshahi,3,136.2,24.78,69.9,2.0,SIMULATED_TRAINING_DATA
2017,Rajshahi,4,276.3,26.63,78.1,2.7,SIMULATED_TRAINING_DATA
2017,Rajshahi,5,151.0,28.61,93.3,3.7,SIMULATED_TRAINING_DATA
2017,Rajshahi,6,567.6,29.14,83.3,1.9,SIMULATED_TRAINING_DATA
2017,Rajshahi,7,437.2,31.04,74.9,0.8,SIMULATED_TRAINING_DATA
2017,Rajshahi,8,173.6,31.17,76.7,2.2,SIMULATED_TRAINING_DATA
2017,Rajshahi,9,146.8,28.58,68.8,4.9,SIMULATED_TRAINING_DATA
2017,Rajshahi,10,38.3,24.95,76.5,2.8,SIMULATED_TRAINING_DATA
2017,Rajshahi,11,10.3,23.23,66.3,2.8,SIMULATED_TRAINING_DATA
2017,Rajshahi,12,1.3,22.56,71.0,4.4,SIMULATED_TRAINING_DATA
2017,Rangpur,1,12.8,22.4,81.7,2.5,SIMULATED_TRAINING_DATA
2017,Rangpur,2,17.6,21.2,79.2,3.3,SIMULATED_TRAINING_DATA
2017,Rangpur,3,246.2,23.86,74.9,1.9,SIMULATED_TRAINING_DATA
2017,Rangpur,4,358.3,25.97,76.6,1.6,SIMULATED_TRAINING_DATA
2017,Rangpur,5,939.4,28.69,79.0,5.7,SIMULATED_TRAINING_DATA
2017,Rangpur,6,721.1,32.88,70.7,2.9,SIMULATED_TRAINING_DATA
2017,Rangpur,7,351.0,31.18,91.2,3.2,SIMULATED_TRAINING_DATA
2017,Rangpur,8,274.9,30.2,82.9,5.0,SIMULATED_TRAINING_DATA
2017,Rangpur,9,74.4,28.08,67.0,5.1,SIMULATED_TRAINING_DATA
2017,Rangpur,10,0.8,26.7,69.4,3.4,SIMULATED_TRAINING_DATA
2017,Rangpur,11,2.2,21.87,67.6,4.1,SIMULATED_TRAINING_DATA
2017,Rangpur,12,9.6,21.8,81.8,3.8,SIMULATED_TRAINING_DATA
2017,Sylhet,1,8.1,21.24,78.7,2.7,SIMULATED_TRAINING_DATA
2017,Sylhet,2,47.7,22.27,66.2,3.1,SIMULATED_TRAINING_DATA
2017,Sylhet,3,307.9,23.03,71.0,5.3,SIMULATED_TRAINING_DATA
2017,Sylhet,4,544.4,26.26,69.0,3.2,SIMULATED_TRAINING_DATA
2017,Sylhet,5,840.8,27.86,86.7,2.4,SIMULATED_TRAINING_DATA
2017,Sylhet,6,298.4,30.65,88.9,3.2,SIMULATED_TRAINING_DATA
2017,Sylhet,7,742.9,32.18,92.1,4.0,SIMULATED_TRAINING_DATA
2017,Sylhet,8,585.6,31.29,80.6,3.8,SIMULATED_TRAINING_DATA
2017,Sylhet,9,127.2,29.06,72.0,3.7,SIMULATED_TRAINING_DATA
2017,Sylhet,10,52.5,24.53,65.1,5.3,SIMULATED_TRAINING_DATA
2017,Sylhet,11,17.5,24.05,78.9,3.6,SIMULATED_TRAINING_DATA
2017,Sylhet,12,0.9,22.47,65.4,4.4,SIMULATED_TRAINING_DATA
2018,Barishal,1,0.9,20.49,77.2,2.4,SIMULATED_TRAINING_DATA
2018,Barishal,2,32.9,24.4,66.3,4.4,SIMULATED_TRAINING_DATA
2018,Barishal,3,170.5,23.88,70.2,4.0,SIMULATED_TRAINING_DATA
2018,Barishal,4,127.4,25.48,78.9,3.5,SIMULATED_TRAINING_DATA
2018,Barishal,5,1044.6,27.95,83.7,2.4,SIMULATED_TRAINING_DATA
2018,Barishal,6,331.3,30.2,93.6,2.2,SIMULATED_TRAINING_DATA
2018,Barishal,7,23.7,32.35,78.7,1.7,SIMULATED_TRAINING_DATA
2018,Barishal,8,219.4,30.03,76.2,4.2,SIMULATED_TRAINING_DATA
2018,Barishal,9,375.1,27.37,80.0,4.2,SIMULATED_TRAINING_DATA
2018,Barishal,10,37.0,25.76,74.5,3.3,SIMULATED_TRAINING_DATA
2018,Barishal,11,3.5,23.04,69.1,3.6,SIMULATED_TRAINING_DATA
2018,Barishal,12,4.9,21.85,70.9,2.6,SIMULATED_TRAINING_DATA
2018,Chattogram,1,15.3,20.98,68.0,3.8,SIMULATED_TRAINING_DATA
2018,Chattogram,2,29.4,22.25,79.5,3.0,SIMULATED_TRAINING_DATA
2018,Chattogram,3,80.1,24.24,72.7,4.0,SIMULATED_TRAINING_DATA
2018,Chattogram,4,139.5,26.8,73.9,5.3,SIMULATED_TRAINING_DATA
2018,Chattogram,5,63.8,29.08,76.2,2.1,SIMULATED_TRAINING_DATA
2018,Chattogram,6,241.6,31.18,77.1,2.9,SIMULATED_TRAINING_DATA
2018,Chattogram,7,402.5,31.66,86.3,1.9,SIMULATED_TRAINING_DATA
2018,Chattogram,8,296.5,30.78,78.4,4.7,SIMULATED_TRAINING_DATA
2018,Chattogram,9,595.9,28.01,66.9,3.7,SIMULATED_TRAINING_DATA
2018,Chattogram,10,43.2,25.66,74.9,3.0,SIMULATED_TRAINING_DATA
2018,Chattogram,11,11.8,24.65,77.6,2.6,SIMULATED_TRAINING_DATA
2018,Chattogram,12,2.7,19.28,57.2,4.4,SIMULATED_TRAINING_DATA
2018,Dhaka,1,6.3,22.18,69.4,1.2,SIMULATED_TRAINING_DATA
2018,Dhaka,2,17.2,22.61,68.5,3.0,SIMULATED_TRAINING_DATA
2018,Dhaka,3,195.3,23.71,81.8,3.3,SIMULATED_TRAINING_DATA
2018,Dhaka,4,118.4,25.79,80.6,3.2,SIMULATED_TRAINING_DATA
2018,Dhaka,5,222.3,27.28,73.5,3.9,SIMULATED_TRAINING_DATA
2018,Dhaka,6,310.6,31.11,73.8,2.1,SIMULATED_TRAINING_DATA
2018,Dhaka,7,252.1,30.62,87.3,3.8,SIMULATED_TRAINING_DATA
2018,Dhaka,8,282.3,28.88,83.8,4.0,SIMULATED_TRAINING_DATA
2018,Dhaka,9,21.7,27.85,63.7,1.7,SIMULATED_TRAINING_DATA
2018,Dhaka,10,7.3,26.38,76.3,4.4,SIMULATED_TRAINING_DATA
2018,Dhaka,11,26.8,23.45,67.0,1.9,SIMULATED_TRAINING_DATA
2018,Dhaka,12,8.9,20.6,70.4,4.5,SIMULATED_TRAINING_DATA
2018,Khulna,1,9.8,21.84,76.3,1.5,SIMULATED_TRAINING_DATA
2018,Khulna,2,9.2,19.89,77.9,3.0,SIMULATED_TRAINING_DATA
2018,Khulna,3,24.2,24.83,83.4,2.4,SIMULATED_TRAINING_DATA
2018,Khulna,4,53.6,25.94,70.1,3.0,SIMULATED_TRAINING_DATA
2018,Khulna,5,1168.7,29.87,86.4,2.8,SIMULATED_TRAINING_DATA
2018,Khulna,6,502.4,30.52,81.0,3.6,SIMULATED_TRAINING_DATA
2018,Khulna,7,254.2,31.43,82.8,3.0,SIMULATED_TRAINING_DATA
2018,Khulna,8,113.7,30.75,68.5,0.0,SIMULATED_TRAINING_DATA
2018,Khulna,9,37.3,28.8,91.3,3.0,SIMULATED_TRAINING_DATA
2018,Khulna,10,38.4,26.25,67.8,2.5,SIMULATED_TRAINING_DATA
2018,Khulna,11,5.4,24.33,60.1,3.4,SIMULATED_TRAINING_DATA
2018,Khulna,12,5.4,22.79,61.0,2.5,SIMULATED_TRAINING_DATA
2018,Mymensingh,1,1.4,22.63,66.5,2.8,SIMULATED_TRAINING_DATA
2018,Mymensingh,2,9.2,22.84,71.8,2.8,SIMULATED_TRAINING_DATA
2018,Mymensingh,3,42.7,24.05,66.6,2.4,SIMULATED_TRAINING_DATA
2018,Mymensingh,4,260.3,26.16,88.1,1.2,SIMULATED_TRAINING_DATA
2018,Mymensingh,5,524.1,27.75,86.2,3.9,SIMULATED_TRAINING_DATA
2018,Mymensingh,6,773.1,31.45,77.7,3.0,SIMULATED_TRAINING_DATA
2018,Mymensingh,7,845.3,30.46,85.4,3.1,SIMULATED_TRAINING_DATA
2018,Mymensingh,8,151.1,29.77,72.8,3.3,SIMULATED_TRAINING_DATA
2018,Mymensingh,9,320.8,30.36,56.6,3.2,SIMULATED_TRAINING_DATA
2018,Mymensingh,10,43.2,26.17,79.4,4.3,SIMULATED_TRAINING_DATA
2018,Mymensingh,11,4.0,24.51,81.8,2.5,SIMULATED_TRAINING_DATA
2018,Mymensingh,12,19.4,22.64,76.1,3.2,SIMULATED_TRAINING_DATA
2018,Rajshahi,1,13.5,21.63,74.0,2.4,SIMULATED_TRAINING_DATA
2018,Rajshahi,2,10.1,22.07,83.3,3.2,SIMULATED_TRAINING_DATA
2018,Rajshahi,3,181.1,22.81,80.6,2.6,SIMULATED_TRAINING_DATA
2018,Rajshahi,4,120.9,26.84,86.5,3.0,SIMULATED_TRAINING_DATA
2018,Rajshahi,5,956.6,27.07,71.3,5.0,SIMULATED_TRAINING_DATA
2018,Rajshahi,6,92.8,31.06,76.3,2.6,SIMULATED_TRAINING_DATA
2018,Rajshahi,7,31.7,29.04,78.9,2.5,SIMULATED_TRAINING_DATA
2018,Rajshahi,8,153.5,31.42,73.0,3.0,SIMULATED_TRAINING_DATA
2018,Rajshahi,9,193.6,30.39,66.9,2.7,SIMULATED_TRAINING_DATA
2018,Rajshahi,10,10.2,25.65,68.3,2.1,SIMULATED_TRAINING_DATA
2018,Rajshahi,11,2.6,22.69,78.3,2.7,SIMULATED_TRAINING_DATA
2018,Rajshahi,12,15.7,20.9,80.8,2.7,SIMULATED_TRAINING_DATA
2018,Rangpur,1,9.2,20.73,78.5,6.1,SIMULATED_TRAINING_DATA
2018,Rangpur,2,3.8,21.43,62.2,3.6,SIMULATED_TRAINING_DATA
2018,Rangpur,3,105.6,24.41,75.4,1.6,SIMULATED_TRAINING_DATA
2018,Rangpur,4,405.8,26.95,87.1,3.5,SIMULATED_TRAINING_DATA
2018,Rangpur,5,197.1,28.95,78.4,0.9,SIMULATED_TRAINING_DATA
2018,Rangpur,6,444.3,30.19,87.7,1.4,SIMULATED_TRAINING_DATA
2018,Rangpur,7,730.6,32.33,65.9,4.2,SIMULATED_TRAINING_DATA
2018,Rangpur,8,238.6,30.71,74.8,4.3,SIMULATED_TRAINING_DATA
2018,Rangpur,9,173.1,29.08,88.3,3.0,SIMULATED_TRAINING_DATA
2018,Rangpur,10,10.3,26.12,72.3,3.2,SIMULATED_TRAINING_DATA
2018,Rangpur,11,14.0,23.82,74.7,2.6,SIMULATED_TRAINING_DATA
2018,Rangpur,12,4.5,23.3,57.4,4.1,SIMULATED_TRAINING_DATA
2018,Sylhet,1,8.8,21.15,79.7,5.3,SIMULATED_TRAINING_DATA
2018,Sylhet,2,11.6,21.56,69.9,3.0,SIMULATED_TRAINING_DATA
2018,Sylhet,3,129.1,24.52,70.8,5.0,SIMULATED_TRAINING_DATA
2018,Sylhet,4,563.8,26.38,76.1,3.9,SIMULATED_TRAINING_DATA
2018,Sylhet,5,709.7,29.01,78.0,2.5,SIMULATED_TRAINING_DATA
2018,Sylhet,6,587.1,29.92,90.2,0.8,SIMULATED_TRAINING_DATA
2018,Sylhet,7,309.6,33.29,90.1,1.5,SIMULATED_TRAINING_DATA
2018,Sylhet,8,282.2,31.72,86.7,2.1,SIMULATED_TRAINING_DATA
2018,Sylhet,9,168.9,28.49,62.7,2.8,SIMULATED_TRAINING_DATA
2018,Sylhet,10,23.9,24.97,81.9,3.3,SIMULATED_TRAINING_DATA
2018,Sylhet,11,1.5,25.6,69.0,2.3,SIMULATED_TRAINING_DATA
2018,Sylhet,12,8.3,22.28,62.0,1.4,SIMULATED_TRAINING_DATA
2019,Barishal,1,7.4,19.86,68.8,5.0,SIMULATED_TRAINING_DATA
2019,Barishal,2,10.5,21.41,69.3,3.3,SIMULATED_TRAINING_DATA
2019,Barishal,3,75.9,22.49,77.0,2.2,SIMULATED_TRAINING_DATA
2019,Barishal,4,223.8,26.78,87.7,4.9,SIMULATED_TRAINING_DATA
2019,Barishal,5,908.5,29.8,70.4,3.1,SIMULATED_TRAINING_DATA
2019,Barishal,6,53.6,28.93,79.0,1.7,SIMULATED_TRAINING_DATA
2019,Barishal,7,628.4,32.77,67.8,1.3,SIMULATED_TRAINING_DATA
2019,Barishal,8,1263.7,31.43,73.9,2.2,SIMULATED_TRAINING_DATA
2019,Barishal,9,159.9,26.79,59.9,2.0,SIMULATED_TRAINING_DATA
2019,Barishal,10,11.9,26.29,81.7,3.2,SIMULATED_TRAINING_DATA
2019,Barishal,11,8.9,23.3,58.1,4.2,SIMULATED_TRAINING_DATA
2019,Barishal,12,11.7,21.43,83.8,3.8,SIMULATED_TRAINING_DATA
2019,Chattogram,1,5.6,21.65,74.5,3.8,SIMULATED_TRAINING_DATA
2019,Chattogram,2,27.5,21.17,73.0,3.0,SIMULATED_TRAINING_DATA
2019,Chattogram,3,132.9,24.7,85.1,5.0,SIMULATED_TRAINING_DATA
2019,Chattogram,4,848.2,25.4,81.5,3.8,SIMULATED_TRAINING_DATA
2019,Chattogram,5,910.0,28.15,87.1,1.4,SIMULATED_TRAINING_DATA
2019,Chattogram,6,38.5,29.34,71.4,3.6,SIMULATED_TRAINING_DATA
2019,Chattogram,7,609.7,30.46,78.9,2.2,SIMULATED_TRAINING_DATA
2019,Chattogram,8,393.6,30.07,81.9,3.5,SIMULATED_TRAINING_DATA
2019,Chattogram,9,221.7,26.81,84.8,4.0,SIMULATED_TRAINING_DATA
2019,Chattogram,10,25.6,25.86,78.8,2.0,SIMULATED_TRAINING_DATA
2019,Chattogram,11,14.5,22.54,68.8,3.3,SIMULATED_TRAINING_DATA
2019,Chattogram,12,7.6,22.09,78.7,3.0,SIMULATED_TRAINING_DATA
2019,Dhaka,1,3.2,21.29,71.7,3.9,SIMULATED_TRAINING_DATA
2019,Dhaka,2,10.5,21.34,77.3,2.6,SIMULATED_TRAINING_DATA
2019,Dhaka,3,180.8,25.0,75.5,4.4,SIMULATED_TRAINING_DATA
2019,Dhaka,4,266.9,25.28,73.3,3.3,SIMULATED_TRAINING_DATA
2019,Dhaka,5,497.7,28.46,82.1,1.1,SIMULATED_TRAINING_DATA
2019,Dhaka,6,570.4,31.21,99.0,3.8,SIMULATED_TRAINING_DATA
2019,Dhaka,7,200.0,29.33,78.2,3.3,SIMULATED_TRAINING_DATA
2019,Dhaka,8,510.6,31.82,89.8,3.7,SIMULATED_TRAINING_DATA
2019,Dhaka,9,36.2,27.96,74.8,2.4,SIMULATED_TRAINING_DATA
2019,Dhaka,10,41.9,26.34,64.8,3.5,SIMULATED_TRAINING_DATA
2019,Dhaka,11,11.9,24.19,77.9,3.4,SIMULATED_TRAINING_DATA
2019,Dhaka,12,8.2,23.85,64.7,3.0,SIMULATED_TRAINING_DATA
2019,Khulna,1,13.2,19.55,76.2,4.2,SIMULATED_TRAINING_DATA
2019,Khulna,2,24.4,22.17,81.5,5.4,SIMULATED_TRAINING_DATA
2019,Khulna,3,56.1,24.21,70.1,2.2,SIMULATED_TRAINING_DATA
2019,Khulna,4,509.3,25.99,81.4,2.3,SIMULATED_TRAINING_DATA
2019,Khulna,5,649.6,28.54,81.2,0.9,SIMULATED_TRAINING_DATA
2019,Khulna,6,83.0,29.67,92.7,3.2,SIMULATED_TRAINING_DATA
2019,Khulna,7,517.1,31.36,99.0,2.3,SIMULATED_TRAINING_DATA
2019,Khulna,8,254.0,30.26,81.3,0.5,SIMULATED_TRAINING_DATA
2019,Khulna,9,341.5,30.27,70.5,2.9,SIMULATED_TRAINING_DATA
2019,Khulna,10,1.9,24.45,82.9,3.2,SIMULATED_TRAINING_DATA
2019,Khulna,11,4.9,26.13,73.7,1.5,SIMULATED_TRAINING_DATA
2019,Khulna,12,18.5,21.06,72.1,3.6,SIMULATED_TRAINING_DATA
2019,Mymensingh,1,8.3,21.19,60.5,2.8,SIMULATED_TRAINING_DATA
2019,Mymensingh,2,22.6,22.93,68.1,4.3,SIMULATED_TRAINING_DATA
2019,Mymensingh,3,87.6,22.82,70.6,4.3,SIMULATED_TRAINING_DATA
2019,Mymensingh,4,116.6,26.68,79.6,1.0,SIMULATED_TRAINING_DATA
2019,Mymensingh,5,376.7,28.72,79.1,2.8,SIMULATED_TRAINING_DATA
2019,Mymensingh,6,482.0,29.59,87.5,2.3,SIMULATED_TRAINING_DATA
2019,Mymensingh,7,213.1,31.54,82.3,4.4,SIMULATED_TRAINING_DATA
2019,Mymensingh,8,43.6,30.76,75.4,2.5,SIMULATED_TRAINING_DATA
2019,Mymensingh,9,185.6,28.52,70.4,3.4,SIMULATED_TRAINING_DATA
2019,Mymensingh,10,16.8,27.04,63.6,3.7,SIMULATED_TRAINING_DATA
2019,Mymensingh,11,1.0,24.64,68.9,2.0,SIMULATED_TRAINING_DATA
2019,Mymensingh,12,3.3,20.41,63.8,3.8,SIMULATED_TRAINING_DATA
2019,Rajshahi,1,8.7,21.54,68.0,3.2,SIMULATED_TRAINING_DATA
2019,Rajshahi,2,18.9,23.76,69.3,3.3,SIMULATED_TRAINING_DATA
2019,Rajshahi,3,201.0,24.82,75.7,3.8,SIMULATED_TRAINING_DATA
2019,Rajshahi,4,53.1,24.98,80.7,4.0,SIMULATED_TRAINING_DATA
2019,Rajshahi,5,680.5,28.77,86.2,3.5,SIMULATED_TRAINING_DATA
2019,Rajshahi,6,376.4,30.99,79.0,2.2,SIMULATED_TRAINING_DATA
2019,Rajshahi,7,531.7,29.87,99.0,3.0,SIMULATED_TRAINING_DATA
2019,Rajshahi,8,170.6,30.99,76.3,4.1,SIMULATED_TRAINING_DATA
2019,Rajshahi,9,83.0,28.82,79.4,3.7,SIMULATED_TRAINING_DATA
2019,Rajshahi,10,26.2,26.21,71.3,4.1,SIMULATED_TRAINING_DATA
2019,Rajshahi,11,11.5,22.92,65.9,3.1,SIMULATED_TRAINING_DATA
2019,Rajshahi,12,5.6,21.46,67.6,1.2,SIMULATED_TRAINING_DATA
2019,Rangpur,1,3.9,21.03,65.1,4.1,SIMULATED_TRAINING_DATA
2019,Rangpur,2,37.1,21.96,69.7,3.5,SIMULATED_TRAINING_DATA
2019,Rangpur,3,19.9,24.05,75.8,1.9,SIMULATED_TRAINING_DATA
2019,Rangpur,4,132.1,27.41,65.7,0.7,SIMULATED_TRAINING_DATA
2019,Rangpur,5,265.4,28.71,84.3,3.8,SIMULATED_TRAINING_DATA
2019,Rangpur,6,612.9,31.18,84.1,2.7,SIMULATED_TRAINING_DATA
2019,Rangpur,7,141.0,30.25,98.2,2.9,SIMULATED_TRAINING_DATA
2019,Rangpur,8,526.6,33.4,77.0,1.7,SIMULATED_TRAINING_DATA
2019,Rangpur,9,335.1,28.9,76.2,3.1,SIMULATED_TRAINING_DATA
2019,Rangpur,10,12.5,26.95,81.6,2.9,SIMULATED_TRAINING_DATA
2019,Rangpur,11,15.6,24.23,87.5,2.3,SIMULATED_TRAINING_DATA
2019,Rangpur,12,5.8,21.78,60.4,4.0,SIMULATED_TRAINING_DATA
2019,Sylhet,1,7.9,23.19,73.3,2.4,SIMULATED_TRAINING_DATA
2019,Sylhet,2,81.9,22.58,67.3,3.8,SIMULATED_TRAINING_DATA
2019,Sylhet,3,567.3,22.35,75.1,5.6,SIMULATED_TRAINING_DATA
2019,Sylhet,4,1218.0,26.91,96.3,3.0,SIMULATED_TRAINING_DATA
2019,Sylhet,5,1225.2,29.25,87.9,1.4,SIMULATED_TRAINING_DATA
2019,Sylhet,6,611.6,30.89,73.9,3.3,SIMULATED_TRAINING_DATA
2019,Sylhet,7,1560.9,29.51,71.7,2.9,SIMULATED_TRAINING_DATA
2019,Sylhet,8,530.0,31.3,69.2,4.2,SIMULATED_TRAINING_DATA
2019,Sylhet,9,133.0,30.61,73.1,2.1,SIMULATED_TRAINING_DATA
2019,Sylhet,10,46.3,27.64,61.8,4.3,SIMULATED_TRAINING_DATA
2019,Sylhet,11,7.1,23.8,70.0,4.5,SIMULATED_TRAINING_DATA
2019,Sylhet,12,5.0,23.14,70.2,4.5,SIMULATED_TRAINING_DATA
2020,Barishal,1,5.9,21.66,75.5,5.4,SIMULATED_TRAINING_DATA
2020,Barishal,2,14.3,22.5,73.8,5.0,SIMULATED_TRAINING_DATA
2020,Barishal,3,17.4,21.26,68.6,3.9,SIMULATED_TRAINING_DATA
2020,Barishal,4,266.7,26.19,75.5,4.5,SIMULATED_TRAINING_DATA
2020,Barishal,5,211.7,31.07,81.6,4.2,SIMULATED_TRAINING_DATA
2020,Barishal,6,493.3,29.84,66.7,4.6,SIMULATED_TRAINING_DATA
2020,Barishal,7,280.4,31.75,78.7,3.8,SIMULATED_TRAINING_DATA
2020,Barishal,8,482.5,30.35,74.4,4.5,SIMULATED_TRAINING_DATA
2020,Barishal,9,385.0,28.08,68.9,2.0,SIMULATED_TRAINING_DATA
2020,Barishal,10,4.5,26.81,78.7,4.8,SIMULATED_TRAINING_DATA
2020,Barishal,11,2.9,23.11,81.4,5.7,SIMULATED_TRAINING_DATA
2020,Barishal,12,4.1,21.89,81.6,4.6,SIMULATED_TRAINING_DATA
2020,Chattogram,1,2.1,20.98,87.0,3.3,SIMULATED_TRAINING_DATA
2020,Chattogram,2,33.8,22.35,74.6,3.5,SIMULATED_TRAINING_DATA
2020,Chattogram,3,407.3,23.84,64.5,3.5,SIMULATED_TRAINING_DATA
2020,Chattogram,4,794.5,28.93,80.7,4.6,SIMULATED_TRAINING_DATA
2020,Chattogram,5,233.9,28.65,85.1,2.3,SIMULATED_TRAINING_DATA
2020,Chattogram,6,457.7,28.93,82.9,3.0,SIMULATED_TRAINING_DATA
2020,Chattogram,7,533.6,30.91,79.2,2.4,SIMULATED_TRAINING_DATA
2020,Chattogram,8,485.0,33.78,76.6,3.9,SIMULATED_TRAINING_DATA
2020,Chattogram,9,704.7,28.64,76.6,4.4,SIMULATED_TRAINING_DATA
2020,Chattogram,10,33.9,26.56,70.5,3.0,SIMULATED_TRAINING_DATA
2020,Chattogram,11,2.1,24.99,65.5,3.8,SIMULATED_TRAINING_DATA
2020,Chattogram,12,10.2,22.1,78.8,4.3,SIMULATED_TRAINING_DATA
2020,Dhaka,1,4.1,21.09,72.8,4.1,SIMULATED_TRAINING_DATA
2020,Dhaka,2,31.7,23.58,66.2,5.4,SIMULATED_TRAINING_DATA
2020,Dhaka,3,79.0,23.31,66.2,4.7,SIMULATED_TRAINING_DATA
2020,Dhaka,4,364.0,27.66,81.8,4.9,SIMULATED_TRAINING_DATA
2020,Dhaka,5,694.2,27.31,93.6,2.6,SIMULATED_TRAINING_DATA
2020,Dhaka,6,622.9,30.82,78.3,3.1,SIMULATED_TRAINING_DATA
2020,Dhaka,7,251.6,30.32,91.4,2.5,SIMULATED_TRAINING_DATA
2020,Dhaka,8,259.8,31.93,87.3,3.4,SIMULATED_TRAINING_DATA
2020,Dhaka,9,179.1,29.98,76.5,3.1,SIMULATED_TRAINING_DATA
2020,Dhaka,10,53.6,27.54,56.7,2.7,SIMULATED_TRAINING_DATA
2020,Dhaka,11,5.3,23.34,74.6,2.5,SIMULATED_TRAINING_DATA
2020,Dhaka,12,10.1,22.39,71.6,4.1,SIMULATED_TRAINING_DATA
2020,Khulna,1,2.1,21.55,71.2,3.1,SIMULATED_TRAINING_DATA
2020,Khulna,2,13.2,21.09,60.4,4.7,SIMULATED_TRAINING_DATA
2020,Khulna,3,306.2,23.09,63.5,2.4,SIMULATED_TRAINING_DATA
2020,Khulna,4,45.7,25.35,67.4,4.1,SIMULATED_TRAINING_DATA
2020,Khulna,5,195.5,28.6,68.9,4.1,SIMULATED_TRAINING_DATA
2020,Khulna,6,599.9,30.87,78.3,2.8,SIMULATED_TRAINING_DATA
2020,Khulna,7,165.9,30.55,91.8,5.2,SIMULATED_TRAINING_DATA
2020,Khulna,8,198.1,30.05,79.7,2.6,SIMULATED_TRAINING_DATA
2020,Khulna,9,116.4,29.84,64.0,3.7,SIMULATED_TRAINING_DATA
2020,Khulna,10,2.1,24.99,88.9,3.9,SIMULATED_TRAINING_DATA
2020,Khulna,11,19.5,23.55,64.1,3.8,SIMULATED_TRAINING_DATA
2020,Khulna,12,2.5,22.25,65.2,1.5,SIMULATED_TRAINING_DATA
2020,Mymensingh,1,8.0,20.76,68.7,2.5,SIMULATED_TRAINING_DATA
2020,Mymensingh,2,8.8,23.93,67.7,4.2,SIMULATED_TRAINING_DATA
2020,Mymensingh,3,272.5,24.12,78.4,4.0,SIMULATED_TRAINING_DATA
2020,Mymensingh,4,301.5,26.23,75.0,3.1,SIMULATED_TRAINING_DATA
2020,Mymensingh,5,274.6,29.19,68.8,2.9,SIMULATED_TRAINING_DATA
2020,Mymensingh,6,415.6,30.7,85.6,1.9,SIMULATED_TRAINING_DATA
2020,Mymensingh,7,160.8,30.81,89.0,3.7,SIMULATED_TRAINING_DATA
2020,Mymensingh,8,497.9,32.87,69.8,4.3,SIMULATED_TRAINING_DATA
2020,Mymensingh,9,179.9,29.25,77.3,3.8,SIMULATED_TRAINING_DATA
2020,Mymensingh,10,9.3,26.96,78.5,2.6,SIMULATED_TRAINING_DATA
2020,Mymensingh,11,1.3,23.28,77.8,4.5,SIMULATED_TRAINING_DATA
2020,Mymensingh,12,6.0,21.21,63.5,4.1,SIMULATED_TRAINING_DATA
2020,Rajshahi,1,1.4,20.43,70.7,3.2,SIMULATED_TRAINING_DATA
2020,Rajshahi,2,5.4,20.25,70.1,1.8,SIMULATED_TRAINING_DATA
2020,Rajshahi,3,29.6,24.82,56.9,2.7,SIMULATED_TRAINING_DATA
2020,Rajshahi,4,143.2,27.37,76.4,0.9,SIMULATED_TRAINING_DATA
2020,Rajshahi,5,473.7,28.74,80.5,4.9,SIMULATED_TRAINING_DATA
2020,Rajshahi,6,239.2,28.71,79.3,2.6,SIMULATED_TRAINING_DATA
2020,Rajshahi,7,196.8,28.98,68.2,2.2,SIMULATED_TRAINING_DATA
2020,Rajshahi,8,803.8,30.21,76.9,1.0,SIMULATED_TRAINING_DATA
2020,Rajshahi,9,90.6,29.7,80.3,3.2,SIMULATED_TRAINING_DATA
2020,Rajshahi,10,26.7,25.89,65.1,3.4,SIMULATED_TRAINING_DATA
2020,Rajshahi,11,16.4,22.42,69.2,4.5,SIMULATED_TRAINING_DATA
2020,Rajshahi,12,2.4,19.58,78.3,2.9,SIMULATED_TRAINING_DATA
2020,Rangpur,1,4.5,22.38,79.0,2.5,SIMULATED_TRAINING_DATA
2020,Rangpur,2,50.8,21.51,64.2,4.5,SIMULATED_TRAINING_DATA
2020,Rangpur,3,279.4,22.18,79.2,2.2,SIMULATED_TRAINING_DATA
2020,Rangpur,4,325.6,25.94,72.0,4.6,SIMULATED_TRAINING_DATA
2020,Rangpur,5,194.1,30.0,83.9,3.2,SIMULATED_TRAINING_DATA
2020,Rangpur,6,357.1,30.84,76.6,4.5,SIMULATED_TRAINING_DATA
2020,Rangpur,7,42.6,31.07,83.2,2.5,SIMULATED_TRAINING_DATA
2020,Rangpur,8,297.6,30.28,75.9,1.8,SIMULATED_TRAINING_DATA
2020,Rangpur,9,176.2,29.19,73.1,4.1,SIMULATED_TRAINING_DATA
2020,Rangpur,10,23.8,25.41,58.0,2.3,SIMULATED_TRAINING_DATA
2020,Rangpur,11,18.8,22.8,74.5,4.3,SIMULATED_TRAINING_DATA
2020,Rangpur,12,17.4,21.14,70.8,4.7,SIMULATED_TRAINING_DATA
2020,Sylhet,1,2.4,21.14,68.0,3.8,SIMULATED_TRAINING_DATA
2020,Sylhet,2,79.8,23.37,67.0,4.2,SIMULATED_TRAINING_DATA
2020,Sylhet,3,274.1,23.9,76.0,1.8,SIMULATED_TRAINING_DATA
2020,Sylhet,4,114.0,26.93,69.1,5.5,SIMULATED_TRAINING_DATA
2020,Sylhet,5,1132.5,26.57,78.4,3.6,SIMULATED_TRAINING_DATA
2020,Sylhet,6,834.3,30.57,86.4,3.7,SIMULATED_TRAINING_DATA
2020,Sylhet,7,547.4,31.9,84.8,4.0,SIMULATED_TRAINING_DATA
2020,Sylhet,8,453.3,31.62,79.2,3.4,SIMULATED_TRAINING_DATA
2020,Sylhet,9,510.3,29.22,70.0,1.3,SIMULATED_TRAINING_DATA
2020,Sylhet,10,25.8,26.02,87.7,3.2,SIMULATED_TRAINING_DATA
2020,Sylhet,11,1.1,22.97,68.6,3.3,SIMULATED_TRAINING_DATA
2020,Sylhet,12,11.7,21.76,78.7,4.9,SIMULATED_TRAINING_DATA
2021,Barishal,1,8.3,21.37,70.3,4.0,SIMULATED_TRAINING_DATA
2021,Barishal,2,30.7,22.35,76.6,2.6,SIMULATED_TRAINING_DATA
2021,Barishal,3,312.6,23.7,72.9,1.9,SIMULATED_TRAINING_DATA
2021,Barishal,4,154.6,27.23,76.1,4.8,SIMULATED_TRAINING_DATA
2021,Barishal,5,191.7,29.13,82.1,2.5,SIMULATED_TRAINING_DATA
2021,Barishal,6,762.4,30.23,92.8,3.6,SIMULATED_TRAINING_DATA
2021,Barishal,7,246.3,33.61,89.9,2.3,SIMULATED_TRAINING_DATA
2021,Barishal,8,50.7,29.34,70.1,3.1,SIMULATED_TRAINING_DATA
2021,Barishal,9,118.6,29.2,84.2,4.2,SIMULATED_TRAINING_DATA
2021,Barishal,10,18.7,25.75,70.8,3.3,SIMULATED_TRAINING_DATA
2021,Barishal,11,12.4,24.27,84.3,4.8,SIMULATED_TRAINING_DATA
2021,Barishal,12,20.1,23.39,71.6,3.1,SIMULATED_TRAINING_DATA
2021,Chattogram,1,13.6,19.2,66.8,4.5,SIMULATED_TRAINING_DATA
2021,Chattogram,2,165.7,23.24,77.6,3.2,SIMULATED_TRAINING_DATA
2021,Chattogram,3,51.7,23.62,69.8,2.9,SIMULATED_TRAINING_DATA
2021,Chattogram,4,576.4,26.64,72.6,2.3,SIMULATED_TRAINING_DATA
2021,Chattogram,5,19.8,29.44,81.7,5.0,SIMULATED_TRAINING_DATA
2021,Chattogram,6,216.2,31.21,80.9,2.5,SIMULATED_TRAINING_DATA
2021,Chattogram,7,167.7,31.14,81.5,4.0,SIMULATED_TRAINING_DATA
2021,Chattogram,8,184.1,31.03,75.4,2.0,SIMULATED_TRAINING_DATA
2021,Chattogram,9,657.4,28.38,77.5,1.9,SIMULATED_TRAINING_DATA
2021,Chattogram,10,59.4,26.04,76.4,5.0,SIMULATED_TRAINING_DATA
2021,Chattogram,11,6.9,23.19,70.8,3.1,SIMULATED_TRAINING_DATA
2021,Chattogram,12,7.9,21.09,77.3,5.2,SIMULATED_TRAINING_DATA
2021,Dhaka,1,19.5,21.22,65.0,1.6,SIMULATED_TRAINING_DATA
2021,Dhaka,2,32.5,22.2,70.0,2.3,SIMULATED_TRAINING_DATA
2021,Dhaka,3,279.3,24.75,70.4,1.1,SIMULATED_TRAINING_DATA
2021,Dhaka,4,577.1,26.93,73.1,3.1,SIMULATED_TRAINING_DATA
2021,Dhaka,5,241.4,30.07,90.1,6.1,SIMULATED_TRAINING_DATA
2021,Dhaka,6,342.7,30.83,79.5,3.8,SIMULATED_TRAINING_DATA
2021,Dhaka,7,41.8,30.31,81.8,1.8,SIMULATED_TRAINING_DATA
2021,Dhaka,8,129.1,32.73,82.7,2.4,SIMULATED_TRAINING_DATA
2021,Dhaka,9,57.8,27.75,65.8,3.6,SIMULATED_TRAINING_DATA
2021,Dhaka,10,43.1,26.34,76.5,3.7,SIMULATED_TRAINING_DATA
2021,Dhaka,11,16.7,26.16,84.7,3.4,SIMULATED_TRAINING_DATA
2021,Dhaka,12,5.0,23.91,69.6,2.9,SIMULATED_TRAINING_DATA
2021,Khulna,1,25.2,20.79,59.1,1.2,SIMULATED_TRAINING_DATA
2021,Khulna,2,24.3,21.67,69.0,4.9,SIMULATED_TRAINING_DATA
2021,Khulna,3,44.7,25.62,68.7,4.1,SIMULATED_TRAINING_DATA
2021,Khulna,4,51.9,28.39,83.2,0.9,SIMULATED_TRAINING_DATA
2021,Khulna,5,246.5,28.5,95.3,1.1,SIMULATED_TRAINING_DATA
2021,Khulna,6,631.4,30.59,90.7,3.4,SIMULATED_TRAINING_DATA
2021,Khulna,7,759.4,31.27,79.3,4.0,SIMULATED_TRAINING_DATA
2021,Khulna,8,361.4,30.71,76.4,3.1,SIMULATED_TRAINING_DATA
2021,Khulna,9,232.3,26.68,70.5,4.2,SIMULATED_TRAINING_DATA
2021,Khulna,10,17.7,25.77,63.8,2.1,SIMULATED_TRAINING_DATA
2021,Khulna,11,12.1,22.26,58.5,4.0,SIMULATED_TRAINING_DATA
2021,Khulna,12,6.7,20.78,76.6,4.4,SIMULATED_TRAINING_DATA
2021,Mymensingh,1,20.9,20.52,72.1,3.5,SIMULATED_TRAINING_DATA
2021,Mymensingh,2,13.5,21.16,81.4,2.6,SIMULATED_TRAINING_DATA
2021,Mymensingh,3,191.4,23.23,74.9,1.4,SIMULATED_TRAINING_DATA
2021,Mymensingh,4,597.5,26.61,87.8,4.6,SIMULATED_TRAINING_DATA
2021,Mymensingh,5,553.6,28.36,78.1,3.1,SIMULATED_TRAINING_DATA
2021,Mymensingh,6,74.9,31.09,79.8,2.3,SIMULATED_TRAINING_DATA
2021,Mymensingh,7,158.4,32.86,62.7,2.5,SIMULATED_TRAINING_DATA
2021,Mymensingh,8,272.9,29.64,78.0,3.2,SIMULATED_TRAINING_DATA
2021,Mymensingh,9,243.0,28.99,77.8,1.9,SIMULATED_TRAINING_DATA
2021,Mymensingh,10,24.0,26.53,69.6,2.1,SIMULATED_TRAINING_DATA
2021,Mymensingh,11,14.0,24.71,66.6,4.6,SIMULATED_TRAINING_DATA
2021,Mymensingh,12,6.4,22.96,65.9,3.2,SIMULATED_TRAINING_DATA
2021,Rajshahi,1,4.9,20.74,65.2,3.4,SIMULATED_TRAINING_DATA
2021,Rajshahi,2,2.7,22.73,82.0,1.6,SIMULATED_TRAINING_DATA
2021,Rajshahi,3,352.3,21.74,78.3,2.4,SIMULATED_TRAINING_DATA
2021,Rajshahi,4,257.4,27.57,66.8,2.7,SIMULATED_TRAINING_DATA
2021,Rajshahi,5,121.9,29.09,79.7,4.8,SIMULATED_TRAINING_DATA
2021,Rajshahi,6,81.5,31.02,83.1,3.4,SIMULATED_TRAINING_DATA
2021,Rajshahi,7,160.9,30.98,77.3,2.2,SIMULATED_TRAINING_DATA
2021,Rajshahi,8,354.1,29.83,82.6,4.4,SIMULATED_TRAINING_DATA
2021,Rajshahi,9,14.3,28.74,80.8,4.3,SIMULATED_TRAINING_DATA
2021,Rajshahi,10,25.4,24.46,73.4,3.3,SIMULATED_TRAINING_DATA
2021,Rajshahi,11,1.0,22.76,75.9,5.0,SIMULATED_TRAINING_DATA
2021,Rajshahi,12,12.8,21.44,91.4,4.1,SIMULATED_TRAINING_DATA
2021,Rangpur,1,3.3,19.09,74.4,1.9,SIMULATED_TRAINING_DATA
2021,Rangpur,2,15.6,21.83,74.4,3.6,SIMULATED_TRAINING_DATA
2021,Rangpur,3,26.3,22.31,68.1,3.3,SIMULATED_TRAINING_DATA
2021,Rangpur,4,422.5,25.06,64.6,1.5,SIMULATED_TRAINING_DATA
2021,Rangpur,5,237.2,30.03,86.9,4.3,SIMULATED_TRAINING_DATA
2021,Rangpur,6,247.5,33.11,93.0,3.1,SIMULATED_TRAINING_DATA
2021,Rangpur,7,456.0,31.3,89.6,3.2,SIMULATED_TRAINING_DATA
2021,Rangpur,8,819.8,28.3,70.3,3.4,SIMULATED_TRAINING_DATA
2021,Rangpur,9,213.3,29.33,71.2,4.7,SIMULATED_TRAINING_DATA
2021,Rangpur,10,22.5,24.88,75.3,4.0,SIMULATED_TRAINING_DATA
2021,Rangpur,11,17.3,24.26,84.3,3.7,SIMULATED_TRAINING_DATA
2021,Rangpur,12,3.7,21.74,76.2,3.4,SIMULATED_TRAINING_DATA
2021,Sylhet,1,0.7,19.37,77.5,2.7,SIMULATED_TRAINING_DATA
2021,Sylhet,2,57.1,22.07,74.0,1.7,SIMULATED_TRAINING_DATA
2021,Sylhet,3,134.2,25.48,81.7,4.9,SIMULATED_TRAINING_DATA
2021,Sylhet,4,382.9,25.77,75.3,3.7,SIMULATED_TRAINING_DATA
2021,Sylhet,5,1560.4,29.56,85.6,1.4,SIMULATED_TRAINING_DATA
2021,Sylhet,6,133.2,29.62,91.7,3.2,SIMULATED_TRAINING_DATA
2021,Sylhet,7,581.1,32.28,88.7,3.0,SIMULATED_TRAINING_DATA
2021,Sylhet,8,90.9,31.9,67.4,2.9,SIMULATED_TRAINING_DATA
2021,Sylhet,9,333.0,28.23,62.8,1.4,SIMULATED_TRAINING_DATA
2021,Sylhet,10,41.4,24.7,70.7,3.8,SIMULATED_TRAINING_DATA
2021,Sylhet,11,0.4,23.35,72.7,3.4,SIMULATED_TRAINING_DATA
2021,Sylhet,12,5.9,22.12,78.0,3.4,SIMULATED_TRAINING_DATA
2022,Barishal,1,20.0,21.06,76.7,0.8,SIMULATED_TRAINING_DATA
2022,Barishal,2,15.0,21.53,78.3,2.3,SIMULATED_TRAINING_DATA
2022,Barishal,3,64.3,24.04,65.5,3.2,SIMULATED_TRAINING_DATA
2022,Barishal,4,158.0,25.96,76.7,4.3,SIMULATED_TRAINING_DATA
2022,Barishal,5,415.5,28.76,79.7,4.0,SIMULATED_TRAINING_DATA
2022,Barishal,6,1024.2,31.36,84.1,3.0,SIMULATED_TRAINING_DATA
2022,Barishal,7,490.0,33.12,82.1,1.1,SIMULATED_TRAINING_DATA
2022,Barishal,8,494.7,29.83,65.8,4.5,SIMULATED_TRAINING_DATA
2022,Barishal,9,157.3,28.86,72.6,2.7,SIMULATED_TRAINING_DATA
2022,Barishal,10,29.0,26.99,67.0,3.4,SIMULATED_TRAINING_DATA
2022,Barishal,11,4.7,23.66,83.6,3.1,SIMULATED_TRAINING_DATA
2022,Barishal,12,1.5,21.65,58.1,3.1,SIMULATED_TRAINING_DATA
2022,Chattogram,1,5.5,20.73,76.7,3.7,SIMULATED_TRAINING_DATA
2022,Chattogram,2,47.4,22.32,56.3,2.5,SIMULATED_TRAINING_DATA
2022,Chattogram,3,665.7,23.53,72.6,0.2,SIMULATED_TRAINING_DATA
2022,Chattogram,4,448.1,26.14,78.1,4.9,SIMULATED_TRAINING_DATA
2022,Chattogram,5,243.1,28.67,71.2,2.4,SIMULATED_TRAINING_DATA
2022,Chattogram,6,756.2,30.5,94.7,2.1,SIMULATED_TRAINING_DATA
2022,Chattogram,7,415.2,30.98,72.9,2.8,SIMULATED_TRAINING_DATA
2022,Chattogram,8,725.1,28.45,84.4,3.2,SIMULATED_TRAINING_DATA
2022,Chattogram,9,211.6,27.55,75.5,4.0,SIMULATED_TRAINING_DATA
2022,Chattogram,10,19.7,26.6,87.9,4.2,SIMULATED_TRAINING_DATA
2022,Chattogram,11,6.3,24.37,72.1,3.2,SIMULATED_TRAINING_DATA
2022,Chattogram,12,2.5,22.85,69.9,5.0,SIMULATED_TRAINING_DATA
2022,Dhaka,1,6.6,20.4,74.0,3.2,SIMULATED_TRAINING_DATA
2022,Dhaka,2,26.7,21.13,78.1,3.8,SIMULATED_TRAINING_DATA
2022,Dhaka,3,149.8,24.33,72.9,4.3,SIMULATED_TRAINING_DATA
2022,Dhaka,4,60.2,27.64,91.4,2.9,SIMULATED_TRAINING_DATA
2022,Dhaka,5,23.6,26.73,78.4,4.4,SIMULATED_TRAINING_DATA
2022,Dhaka,6,160.0,30.11,83.2,3.8,SIMULATED_TRAINING_DATA
2022,Dhaka,7,1031.1,30.13,73.2,1.8,SIMULATED_TRAINING_DATA
2022,Dhaka,8,677.8,28.54,68.6,4.2,SIMULATED_TRAINING_DATA
2022,Dhaka,9,324.3,26.75,73.8,2.4,SIMULATED_TRAINING_DATA
2022,Dhaka,10,20.0,25.33,73.5,3.9,SIMULATED_TRAINING_DATA
2022,Dhaka,11,6.7,23.33,71.2,2.8,SIMULATED_TRAINING_DATA
2022,Dhaka,12,13.3,21.05,69.6,4.4,SIMULATED_TRAINING_DATA
2022,Khulna,1,11.8,22.12,77.2,2.3,SIMULATED_TRAINING_DATA
2022,Khulna,2,6.6,21.8,66.9,3.7,SIMULATED_TRAINING_DATA
2022,Khulna,3,227.3,25.12,76.1,1.4,SIMULATED_TRAINING_DATA
2022,Khulna,4,292.9,27.34,67.4,2.8,SIMULATED_TRAINING_DATA
2022,Khulna,5,258.8,28.8,84.4,2.2,SIMULATED_TRAINING_DATA
2022,Khulna,6,341.1,28.49,78.3,3.4,SIMULATED_TRAINING_DATA
2022,Khulna,7,696.4,29.04,68.1,2.9,SIMULATED_TRAINING_DATA
2022,Khulna,8,148.3,31.92,81.7,2.9,SIMULATED_TRAINING_DATA
2022,Khulna,9,155.0,27.31,79.7,4.7,SIMULATED_TRAINING_DATA
2022,Khulna,10,21.9,26.93,71.6,3.4,SIMULATED_TRAINING_DATA
2022,Khulna,11,7.6,23.03,69.8,3.8,SIMULATED_TRAINING_DATA
2022,Khulna,12,3.3,21.59,83.4,4.3,SIMULATED_TRAINING_DATA
2022,Mymensingh,1,3.0,23.5,72.2,1.8,SIMULATED_TRAINING_DATA
2022,Mymensingh,2,44.2,23.23,76.5,3.1,SIMULATED_TRAINING_DATA
2022,Mymensingh,3,155.4,24.03,73.1,3.9,SIMULATED_TRAINING_DATA
2022,Mymensingh,4,242.4,26.75,68.1,2.4,SIMULATED_TRAINING_DATA
2022,Mymensingh,5,358.0,30.01,83.3,2.6,SIMULATED_TRAINING_DATA
2022,Mymensingh,6,378.4,28.97,72.9,3.9,SIMULATED_TRAINING_DATA
2022,Mymensingh,7,570.9,31.9,81.9,2.4,SIMULATED_TRAINING_DATA
2022,Mymensingh,8,87.9,30.95,69.0,2.5,SIMULATED_TRAINING_DATA
2022,Mymensingh,9,176.2,28.26,71.6,5.4,SIMULATED_TRAINING_DATA
2022,Mymensingh,10,21.4,26.95,64.5,1.9,SIMULATED_TRAINING_DATA
2022,Mymensingh,11,12.1,23.62,78.8,2.6,SIMULATED_TRAINING_DATA
2022,Mymensingh,12,3.7,21.28,81.7,1.7,SIMULATED_TRAINING_DATA
2022,Rajshahi,1,19.6,20.89,75.3,4.7,SIMULATED_TRAINING_DATA
2022,Rajshahi,2,15.8,21.36,66.7,3.8,SIMULATED_TRAINING_DATA
2022,Rajshahi,3,274.2,24.86,83.4,2.4,SIMULATED_TRAINING_DATA
2022,Rajshahi,4,134.1,26.52,78.9,1.5,SIMULATED_TRAINING_DATA
2022,Rajshahi,5,216.6,29.46,89.8,2.8,SIMULATED_TRAINING_DATA
2022,Rajshahi,6,422.4,30.53,87.0,4.3,SIMULATED_TRAINING_DATA
2022,Rajshahi,7,729.2,30.82,86.3,4.9,SIMULATED_TRAINING_DATA
2022,Rajshahi,8,529.1,30.01,78.7,3.0,SIMULATED_TRAINING_DATA
2022,Rajshahi,9,13.7,27.61,72.8,2.9,SIMULATED_TRAINING_DATA
2022,Rajshahi,10,44.2,26.18,64.7,4.0,SIMULATED_TRAINING_DATA
2022,Rajshahi,11,3.5,24.19,75.2,2.2,SIMULATED_TRAINING_DATA
2022,Rajshahi,12,14.6,21.68,75.1,3.0,SIMULATED_TRAINING_DATA
2022,Rangpur,1,18.3,21.38,79.7,4.1,SIMULATED_TRAINING_DATA
2022,Rangpur,2,107.3,22.38,67.6,4.4,SIMULATED_TRAINING_DATA
2022,Rangpur,3,106.0,24.2,77.2,4.5,SIMULATED_TRAINING_DATA
2022,Rangpur,4,106.1,25.53,85.9,3.5,SIMULATED_TRAINING_DATA
2022,Rangpur,5,258.6,30.44,93.6,3.5,SIMULATED_TRAINING_DATA
2022,Rangpur,6,670.0,30.48,88.3,3.1,SIMULATED_TRAINING_DATA
2022,Rangpur,7,1128.0,31.82,88.5,3.1,SIMULATED_TRAINING_DATA
2022,Rangpur,8,288.3,30.86,79.4,3.6,SIMULATED_TRAINING_DATA
2022,Rangpur,9,131.5,29.07,62.1,4.3,SIMULATED_TRAINING_DATA
2022,Rangpur,10,34.8,27.91,67.3,4.5,SIMULATED_TRAINING_DATA
2022,Rangpur,11,19.8,24.75,74.8,6.1,SIMULATED_TRAINING_DATA
2022,Rangpur,12,0.9,23.89,59.7,3.0,SIMULATED_TRAINING_DATA
2022,Sylhet,1,7.6,21.07,70.9,4.4,SIMULATED_TRAINING_DATA
2022,Sylhet,2,38.4,21.64,61.4,5.6,SIMULATED_TRAINING_DATA
2022,Sylhet,3,248.8,23.03,71.1,2.1,SIMULATED_TRAINING_DATA
2022,Sylhet,4,710.4,26.65,72.5,5.1,SIMULATED_TRAINING_DATA
2022,Sylhet,5,586.7,28.65,85.2,3.0,SIMULATED_TRAINING_DATA
2022,Sylhet,6,474.3,29.51,76.0,4.8,SIMULATED_TRAINING_DATA
2022,Sylhet,7,167.8,30.53,89.2,3.2,SIMULATED_TRAINING_DATA
2022,Sylhet,8,598.1,31.09,65.4,3.9,SIMULATED_TRAINING_DATA
2022,Sylhet,9,561.9,30.09,78.9,3.0,SIMULATED_TRAINING_DATA
2022,Sylhet,10,48.3,25.24,85.5,2.2,SIMULATED_TRAINING_DATA
2022,Sylhet,11,14.1,23.84,67.3,2.9,SIMULATED_TRAINING_DATA
2022,Sylhet,12,12.3,20.98,61.3,2.3,SIMULATED_TRAINING_DATA
2023,Barishal,1,4.1,22.09,64.6,1.3,SIMULATED_TRAINING_DATA
2023,Barishal,2,32.4,21.12,80.5,2.6,SIMULATED_TRAINING_DATA
2023,Barishal,3,63.0,24.93,77.5,5.2,SIMULATED_TRAINING_DATA
2023,Barishal,4,358.3,24.7,79.3,4.0,SIMULATED_TRAINING_DATA
2023,Barishal,5,773.5,29.06,78.8,4.9,SIMULATED_TRAINING_DATA
2023,Barishal,6,761.1,31.61,77.6,1.6,SIMULATED_TRAINING_DATA
2023,Barishal,7,218.0,31.18,99.0,4.5,SIMULATED_TRAINING_DATA
2023,Barishal,8,611.2,29.8,71.2,4.2,SIMULATED_TRAINING_DATA
2023,Barishal,9,143.2,29.47,63.5,1.7,SIMULATED_TRAINING_DATA
2023,Barishal,10,5.9,26.42,65.1,4.1,SIMULATED_TRAINING_DATA
2023,Barishal,11,3.1,23.87,64.3,3.9,SIMULATED_TRAINING_DATA
2023,Barishal,12,10.3,22.38,72.2,3.0,SIMULATED_TRAINING_DATA
2023,Chattogram,1,1.6,22.5,69.3,3.7,SIMULATED_TRAINING_DATA
2023,Chattogram,2,24.2,21.41,70.7,2.9,SIMULATED_TRAINING_DATA
2023,Chattogram,3,32.4,23.83,76.3,4.6,SIMULATED_TRAINING_DATA
2023,Chattogram,4,133.0,26.63,78.9,2.9,SIMULATED_TRAINING_DATA
2023,Chattogram,5,186.1,27.76,72.6,3.4,SIMULATED_TRAINING_DATA
2023,Chattogram,6,897.0,31.13,97.5,3.1,SIMULATED_TRAINING_DATA
2023,Chattogram,7,319.1,31.1,85.8,1.9,SIMULATED_TRAINING_DATA
2023,Chattogram,8,407.8,30.3,85.0,0.6,SIMULATED_TRAINING_DATA
2023,Chattogram,9,5.8,28.99,56.8,3.4,SIMULATED_TRAINING_DATA
2023,Chattogram,10,13.5,27.77,75.0,0.6,SIMULATED_TRAINING_DATA
2023,Chattogram,11,11.1,22.42,66.7,5.6,SIMULATED_TRAINING_DATA
2023,Chattogram,12,8.0,23.41,69.9,2.7,SIMULATED_TRAINING_DATA
2023,Dhaka,1,5.3,22.64,68.5,4.5,SIMULATED_TRAINING_DATA
2023,Dhaka,2,33.0,22.5,81.3,2.5,SIMULATED_TRAINING_DATA
2023,Dhaka,3,45.7,24.46,80.7,3.7,SIMULATED_TRAINING_DATA
2023,Dhaka,4,727.0,26.7,70.6,4.8,SIMULATED_TRAINING_DATA
2023,Dhaka,5,703.1,29.68,83.6,3.3,SIMULATED_TRAINING_DATA
2023,Dhaka,6,250.6,30.01,91.5,3.8,SIMULATED_TRAINING_DATA
2023,Dhaka,7,217.8,31.72,93.6,4.0,SIMULATED_TRAINING_DATA
2023,Dhaka,8,315.2,31.68,71.7,2.4,SIMULATED_TRAINING_DATA
2023,Dhaka,9,208.3,30.91,67.5,4.6,SIMULATED_TRAINING_DATA
2023,Dhaka,10,25.0,25.47,73.2,2.9,SIMULATED_TRAINING_DATA
2023,Dhaka,11,4.6,25.04,79.4,3.4,SIMULATED_TRAINING_DATA
2023,Dhaka,12,5.3,21.86,62.1,2.4,SIMULATED_TRAINING_DATA
2023,Khulna,1,0.3,22.67,77.3,3.0,SIMULATED_TRAINING_DATA
2023,Khulna,2,17.7,20.52,61.1,3.5,SIMULATED_TRAINING_DATA
2023,Khulna,3,52.8,24.25,88.0,3.8,SIMULATED_TRAINING_DATA
2023,Khulna,4,772.2,26.51,75.8,3.9,SIMULATED_TRAINING_DATA
2023,Khulna,5,95.8,28.68,73.9,1.9,SIMULATED_TRAINING_DATA
2023,Khulna,6,333.5,31.75,80.1,2.6,SIMULATED_TRAINING_DATA
2023,Khulna,7,497.4,30.01,94.7,3.6,SIMULATED_TRAINING_DATA
2023,Khulna,8,367.2,30.7,84.1,2.0,SIMULATED_TRAINING_DATA
2023,Khulna,9,73.6,29.03,72.5,4.0,SIMULATED_TRAINING_DATA
2023,Khulna,10,13.2,25.9,75.8,2.7,SIMULATED_TRAINING_DATA
2023,Khulna,11,6.7,26.38,72.8,3.7,SIMULATED_TRAINING_DATA
2023,Khulna,12,9.0,22.03,70.0,3.7,SIMULATED_TRAINING_DATA
2023,Mymensingh,1,7.6,24.21,78.8,2.7,SIMULATED_TRAINING_DATA
2023,Mymensingh,2,25.9,20.98,79.9,4.5,SIMULATED_TRAINING_DATA
2023,Mymensingh,3,231.8,24.21,73.1,2.7,SIMULATED_TRAINING_DATA
2023,Mymensingh,4,192.5,27.01,86.0,3.3,SIMULATED_TRAINING_DATA
2023,Mymensingh,5,117.1,29.03,83.9,1.1,SIMULATED_TRAINING_DATA
2023,Mymensingh,6,1049.8,31.15,84.3,3.4,SIMULATED_TRAINING_DATA
2023,Mymensingh,7,511.9,29.86,74.4,3.9,SIMULATED_TRAINING_DATA
2023,Mymensingh,8,444.9,32.06,66.5,3.1,SIMULATED_TRAINING_DATA
2023,Mymensingh,9,360.9,28.06,65.9,3.7,SIMULATED_TRAINING_DATA
2023,Mymensingh,10,6.9,26.12,71.7,3.4,SIMULATED_TRAINING_DATA
2023,Mymensingh,11,16.3,23.66,60.2,2.6,SIMULATED_TRAINING_DATA
2023,Mymensingh,12,2.7,23.63,78.4,3.7,SIMULATED_TRAINING_DATA
2023,Rajshahi,1,4.0,20.65,52.7,2.8,SIMULATED_TRAINING_DATA
2023,Rajshahi,2,1.7,22.49,67.5,2.2,SIMULATED_TRAINING_DATA
2023,Rajshahi,3,108.0,22.86,73.4,2.9,SIMULATED_TRAINING_DATA
2023,Rajshahi,4,593.3,27.23,91.6,2.6,SIMULATED_TRAINING_DATA
2023,Rajshahi,5,47.1,28.0,86.7,2.0,SIMULATED_TRAINING_DATA
2023,Rajshahi,6,459.2,31.23,84.2,3.2,SIMULATED_TRAINING_DATA
2023,Rajshahi,7,20.3,30.51,81.8,3.4,SIMULATED_TRAINING_DATA
2023,Rajshahi,8,113.4,30.14,78.2,3.2,SIMULATED_TRAINING_DATA
2023,Rajshahi,9,100.9,29.13,69.2,3.1,SIMULATED_TRAINING_DATA
2023,Rajshahi,10,27.1,26.25,65.7,2.9,SIMULATED_TRAINING_DATA
2023,Rajshahi,11,3.8,23.81,86.2,1.7,SIMULATED_TRAINING_DATA
2023,Rajshahi,12,16.6,23.24,71.1,2.8,SIMULATED_TRAINING_DATA
2023,Rangpur,1,2.4,21.38,50.8,2.6,SIMULATED_TRAINING_DATA
2023,Rangpur,2,6.4,22.4,76.8,2.5,SIMULATED_TRAINING_DATA
2023,Rangpur,3,580.6,23.81,73.3,1.5,SIMULATED_TRAINING_DATA
2023,Rangpur,4,283.6,25.34,80.6,3.3,SIMULATED_TRAINING_DATA
2023,Rangpur,5,1160.1,26.31,88.1,3.9,SIMULATED_TRAINING_DATA
2023,Rangpur,6,541.1,30.48,88.3,5.8,SIMULATED_TRAINING_DATA
2023,Rangpur,7,307.9,31.11,91.1,4.5,SIMULATED_TRAINING_DATA
2023,Rangpur,8,38.1,30.94,71.8,3.5,SIMULATED_TRAINING_DATA
2023,Rangpur,9,230.7,31.42,75.2,2.3,SIMULATED_TRAINING_DATA
2023,Rangpur,10,33.3,27.5,65.9,3.2,SIMULATED_TRAINING_DATA
2023,Rangpur,11,3.3,25.01,73.9,3.4,SIMULATED_TRAINING_DATA
2023,Rangpur,12,11.9,22.56,65.6,3.0,SIMULATED_TRAINING_DATA
2023,Sylhet,1,14.6,21.48,58.9,3.4,SIMULATED_TRAINING_DATA
2023,Sylhet,2,3.4,21.79,64.5,4.2,SIMULATED_TRAINING_DATA
2023,Sylhet,3,100.2,24.41,77.6,2.9,SIMULATED_TRAINING_DATA
2023,Sylhet,4,923.4,27.01,71.6,3.1,SIMULATED_TRAINING_DATA
2023,Sylhet,5,923.5,28.5,82.5,3.3,SIMULATED_TRAINING_DATA
2023,Sylhet,6,1015.6,30.83,80.9,3.5,SIMULATED_TRAINING_DATA
2023,Sylhet,7,470.0,30.53,90.4,1.9,SIMULATED_TRAINING_DATA
2023,Sylhet,8,263.8,30.71,72.5,3.5,SIMULATED_TRAINING_DATA
2023,Sylhet,9,90.4,29.05,71.5,1.9,SIMULATED_TRAINING_DATA
2023,Sylhet,10,32.2,27.59,72.6,4.2,SIMULATED_TRAINING_DATA
2023,Sylhet,11,19.7,24.63,71.3,2.1,SIMULATED_TRAINING_DATA
2023,Sylhet,12,9.1,21.55,74.8,0.4,SIMULATED_TRAINING_DATA
2024,Barishal,1,9.9,21.06,74.4,2.3,SIMULATED_TRAINING_DATA
2024,Barishal,2,45.7,19.73,73.5,2.5,SIMULATED_TRAINING_DATA
2024,Barishal,3,378.8,24.45,64.7,2.5,SIMULATED_TRAINING_DATA
2024,Barishal,4,349.0,27.55,83.7,2.7,SIMULATED_TRAINING_DATA
2024,Barishal,5,1492.6,27.8,92.0,2.4,SIMULATED_TRAINING_DATA
2024,Barishal,6,190.5,29.37,87.8,2.7,SIMULATED_TRAINING_DATA
2024,Barishal,7,1035.2,30.67,83.3,4.3,SIMULATED_TRAINING_DATA
2024,Barishal,8,280.1,32.29,74.1,1.4,SIMULATED_TRAINING_DATA
2024,Barishal,9,299.5,29.11,63.3,1.7,SIMULATED_TRAINING_DATA
2024,Barishal,10,24.7,26.79,85.6,1.8,SIMULATED_TRAINING_DATA
2024,Barishal,11,3.8,23.67,58.6,2.1,SIMULATED_TRAINING_DATA
2024,Barishal,12,26.7,20.9,71.9,3.4,SIMULATED_TRAINING_DATA
2024,Chattogram,1,3.2,20.4,68.3,3.4,SIMULATED_TRAINING_DATA
2024,Chattogram,2,16.7,22.88,68.5,1.5,SIMULATED_TRAINING_DATA
2024,Chattogram,3,117.7,24.04,80.5,4.8,SIMULATED_TRAINING_DATA
2024,Chattogram,4,62.0,26.71,69.6,4.7,SIMULATED_TRAINING_DATA
2024,Chattogram,5,837.5,27.22,92.3,6.6,SIMULATED_TRAINING_DATA
2024,Chattogram,6,397.2,31.62,85.7,4.4,SIMULATED_TRAINING_DATA
2024,Chattogram,7,790.7,31.27,84.9,3.4,SIMULATED_TRAINING_DATA
2024,Chattogram,8,171.0,28.98,80.8,5.1,SIMULATED_TRAINING_DATA
2024,Chattogram,9,159.3,27.69,71.6,1.1,SIMULATED_TRAINING_DATA
2024,Chattogram,10,29.7,27.7,74.5,3.2,SIMULATED_TRAINING_DATA
2024,Chattogram,11,14.4,24.36,46.8,3.8,SIMULATED_TRAINING_DATA
2024,Chattogram,12,7.6,19.62,82.7,2.9,SIMULATED_TRAINING_DATA
2024,Dhaka,1,0.7,21.06,89.6,4.3,SIMULATED_TRAINING_DATA
2024,Dhaka,2,31.1,22.49,67.0,3.4,SIMULATED_TRAINING_DATA
2024,Dhaka,3,29.5,24.64,77.2,5.0,SIMULATED_TRAINING_DATA
2024,Dhaka,4,511.4,26.89,74.9,3.9,SIMULATED_TRAINING_DATA
2024,Dhaka,5,327.8,29.72,89.8,3.3,SIMULATED_TRAINING_DATA
2024,Dhaka,6,994.6,29.83,90.5,3.3,SIMULATED_TRAINING_DATA
2024,Dhaka,7,397.6,29.75,86.3,2.7,SIMULATED_TRAINING_DATA
2024,Dhaka,8,51.0,29.89,85.3,4.3,SIMULATED_TRAINING_DATA
2024,Dhaka,9,66.7,30.9,68.1,1.6,SIMULATED_TRAINING_DATA
2024,Dhaka,10,108.1,23.22,79.0,4.5,SIMULATED_TRAINING_DATA
2024,Dhaka,11,4.1,23.26,74.8,2.8,SIMULATED_TRAINING_DATA
2024,Dhaka,12,6.2,22.84,68.7,3.9,SIMULATED_TRAINING_DATA
2024,Khulna,1,5.0,21.23,75.2,3.1,SIMULATED_TRAINING_DATA
2024,Khulna,2,7.9,21.0,73.8,4.3,SIMULATED_TRAINING_DATA
2024,Khulna,3,52.8,25.4,63.7,3.7,SIMULATED_TRAINING_DATA
2024,Khulna,4,286.7,26.49,82.9,3.3,SIMULATED_TRAINING_DATA
2024,Khulna,5,307.3,28.43,83.2,0.6,SIMULATED_TRAINING_DATA
2024,Khulna,6,357.6,30.27,83.4,4.4,SIMULATED_TRAINING_DATA
2024,Khulna,7,257.5,30.11,86.4,2.8,SIMULATED_TRAINING_DATA
2024,Khulna,8,378.1,31.5,85.0,4.8,SIMULATED_TRAINING_DATA
2024,Khulna,9,185.2,28.71,66.8,3.4,SIMULATED_TRAINING_DATA
2024,Khulna,10,59.5,26.27,77.0,4.2,SIMULATED_TRAINING_DATA
2024,Khulna,11,14.2,23.93,77.6,3.7,SIMULATED_TRAINING_DATA
2024,Khulna,12,5.9,23.19,67.8,5.0,SIMULATED_TRAINING_DATA
2024,Mymensingh,1,5.6,22.89,69.9,4.1,SIMULATED_TRAINING_DATA
2024,Mymensingh,2,25.0,22.41,70.1,2.6,SIMULATED_TRAINING_DATA
2024,Mymensingh,3,237.7,24.09,66.2,3.9,SIMULATED_TRAINING_DATA
2024,Mymensingh,4,143.0,26.85,84.0,2.9,SIMULATED_TRAINING_DATA
2024,Mymensingh,5,206.9,28.87,88.2,2.7,SIMULATED_TRAINING_DATA
2024,Mymensingh,6,573.0,31.14,79.2,5.0,SIMULATED_TRAINING_DATA
2024,Mymensingh,7,534.9,32.35,94.0,3.5,SIMULATED_TRAINING_DATA
2024,Mymensingh,8,465.8,29.32,84.7,1.9,SIMULATED_TRAINING_DATA
2024,Mymensingh,9,156.8,30.51,76.6,2.5,SIMULATED_TRAINING_DATA
2024,Mymensingh,10,1.0,26.66,78.6,1.9,SIMULATED_TRAINING_DATA
2024,Mymensingh,11,8.7,22.37,62.0,1.8,SIMULATED_TRAINING_DATA
2024,Mymensingh,12,3.8,21.56,79.6,3.2,SIMULATED_TRAINING_DATA
2024,Rajshahi,1,9.9,20.38,64.9,5.0,SIMULATED_TRAINING_DATA
2024,Rajshahi,2,19.8,21.3,58.2,4.2,SIMULATED_TRAINING_DATA
2024,Rajshahi,3,56.9,23.07,74.4,4.1,SIMULATED_TRAINING_DATA
2024,Rajshahi,4,152.5,28.07,83.8,5.5,SIMULATED_TRAINING_DATA
2024,Rajshahi,5,96.5,29.32,91.2,2.3,SIMULATED_TRAINING_DATA
2024,Rajshahi,6,43.5,28.81,68.5,4.0,SIMULATED_TRAINING_DATA
2024,Rajshahi,7,248.6,31.5,88.3,3.9,SIMULATED_TRAINING_DATA
2024,Rajshahi,8,195.8,30.24,84.5,3.3,SIMULATED_TRAINING_DATA
2024,Rajshahi,9,172.8,30.55,71.3,3.3,SIMULATED_TRAINING_DATA
2024,Rajshahi,10,3.5,27.57,65.3,3.1,SIMULATED_TRAINING_DATA
2024,Rajshahi,11,5.8,24.4,64.9,1.8,SIMULATED_TRAINING_DATA
2024,Rajshahi,12,5.1,21.02,81.6,3.8,SIMULATED_TRAINING_DATA
2024,Rangpur,1,9.1,21.32,65.4,1.2,SIMULATED_TRAINING_DATA
2024,Rangpur,2,37.7,22.83,71.1,2.8,SIMULATED_TRAINING_DATA
2024,Rangpur,3,136.2,23.53,68.3,0.9,SIMULATED_TRAINING_DATA
2024,Rangpur,4,322.1,26.12,81.6,4.2,SIMULATED_TRAINING_DATA
2024,Rangpur,5,203.9,28.35,90.8,3.6,SIMULATED_TRAINING_DATA
2024,Rangpur,6,214.8,29.97,84.4,2.6,SIMULATED_TRAINING_DATA
2024,Rangpur,7,79.8,32.91,78.1,4.6,SIMULATED_TRAINING_DATA
2024,Rangpur,8,346.7,31.88,90.6,3.1,SIMULATED_TRAINING_DATA
2024,Rangpur,9,220.7,28.59,57.3,4.1,SIMULATED_TRAINING_DATA
2024,Rangpur,10,18.0,26.55,88.8,3.4,SIMULATED_TRAINING_DATA
2024,Rangpur,11,8.9,25.89,82.0,2.6,SIMULATED_TRAINING_DATA
2024,Rangpur,12,7.1,22.89,74.4,1.8,SIMULATED_TRAINING_DATA
2024,Sylhet,1,6.5,22.55,68.2,1.9,SIMULATED_TRAINING_DATA
2024,Sylhet,2,20.0,21.79,85.3,4.0,SIMULATED_TRAINING_DATA
2024,Sylhet,3,84.0,24.23,75.9,3.1,SIMULATED_TRAINING_DATA
2024,Sylhet,4,944.2,26.74,87.7,3.2,SIMULATED_TRAINING_DATA
2024,Sylhet,5,261.7,29.11,75.6,4.5,SIMULATED_TRAINING_DATA
2024,Sylhet,6,477.6,30.89,79.5,1.7,SIMULATED_TRAINING_DATA
2024,Sylhet,7,203.7,33.61,75.6,6.1,SIMULATED_TRAINING_DATA
2024,Sylhet,8,201.0,31.04,76.6,3.8,SIMULATED_TRAINING_DATA
2024,Sylhet,9,472.2,28.94,67.3,3.9,SIMULATED_TRAINING_DATA
2024,Sylhet,10,19.5,24.85,71.1,5.0,SIMULATED_TRAINING_DATA
2024,Sylhet,11,3.4,24.03,79.4,2.8,SIMULATED_TRAINING_DATA
2024,Sylhet,12,29.5,21.71,60.2,2.8,SIMULATED_TRAINING_DATA
2025,Barishal,1,13.7,22.13,48.9,2.3,SIMULATED_TRAINING_DATA
2025,Barishal,2,65.4,22.28,56.9,1.9,SIMULATED_TRAINING_DATA
2025,Barishal,3,110.8,23.72,64.7,1.7,SIMULATED_TRAINING_DATA
2025,Barishal,4,159.4,26.67,75.5,3.7,SIMULATED_TRAINING_DATA
2025,Barishal,5,266.4,27.71,79.8,4.4,SIMULATED_TRAINING_DATA
2025,Barishal,6,529.4,28.82,86.2,3.4,SIMULATED_TRAINING_DATA
2025,Barishal,7,489.4,30.85,64.8,4.1,SIMULATED_TRAINING_DATA
2025,Barishal,8,500.0,31.09,80.9,4.0,SIMULATED_TRAINING_DATA
2025,Barishal,9,244.0,29.82,67.7,0.6,SIMULATED_TRAINING_DATA
2025,Barishal,10,89.4,26.0,81.6,3.4,SIMULATED_TRAINING_DATA
2025,Barishal,11,13.6,24.12,75.4,0.3,SIMULATED_TRAINING_DATA
2025,Barishal,12,6.0,22.58,75.5,4.0,SIMULATED_TRAINING_DATA
2025,Chattogram,1,10.2,21.99,86.8,3.4,SIMULATED_TRAINING_DATA
2025,Chattogram,2,12.2,20.65,79.2,3.2,SIMULATED_TRAINING_DATA
2025,Chattogram,3,481.5,25.0,65.4,2.9,SIMULATED_TRAINING_DATA
2025,Chattogram,4,205.7,26.53,87.1,3.8,SIMULATED_TRAINING_DATA
2025,Chattogram,5,1188.0,27.94,78.7,3.6,SIMULATED_TRAINING_DATA
2025,Chattogram,6,1232.0,32.27,72.9,4.1,SIMULATED_TRAINING_DATA
2025,Chattogram,7,674.0,30.64,84.4,3.2,SIMULATED_TRAINING_DATA
2025,Chattogram,8,259.9,29.78,78.4,3.8,SIMULATED_TRAINING_DATA
2025,Chattogram,9,52.9,28.81,65.6,4.1,SIMULATED_TRAINING_DATA
2025,Chattogram,10,21.8,27.55,84.5,2.3,SIMULATED_TRAINING_DATA
2025,Chattogram,11,1.0,23.95,71.8,4.5,SIMULATED_TRAINING_DATA
2025,Chattogram,12,21.4,20.54,70.3,2.7,SIMULATED_TRAINING_DATA
2025,Dhaka,1,20.0,21.15,74.8,3.2,SIMULATED_TRAINING_DATA
2025,Dhaka,2,45.4,22.67,69.6,3.2,SIMULATED_TRAINING_DATA
2025,Dhaka,3,50.5,24.69,56.5,3.7,SIMULATED_TRAINING_DATA
2025,Dhaka,4,70.2,27.58,70.9,1.1,SIMULATED_TRAINING_DATA
2025,Dhaka,5,203.0,28.77,80.1,3.2,SIMULATED_TRAINING_DATA
2025,Dhaka,6,33.3,29.84,78.7,2.9,SIMULATED_TRAINING_DATA
2025,Dhaka,7,636.1,32.12,80.5,3.7,SIMULATED_TRAINING_DATA
2025,Dhaka,8,344.4,30.0,65.0,5.5,SIMULATED_TRAINING_DATA
2025,Dhaka,9,127.7,30.26,71.2,3.5,SIMULATED_TRAINING_DATA
2025,Dhaka,10,24.3,26.64,59.3,1.2,SIMULATED_TRAINING_DATA
2025,Dhaka,11,10.9,24.0,71.5,2.3,SIMULATED_TRAINING_DATA
2025,Dhaka,12,4.7,22.58,61.0,3.3,SIMULATED_TRAINING_DATA
2025,Khulna,1,3.3,22.77,67.1,2.7,SIMULATED_TRAINING_DATA
2025,Khulna,2,56.6,24.38,75.3,2.4,SIMULATED_TRAINING_DATA
2025,Khulna,3,59.6,23.36,76.2,3.7,SIMULATED_TRAINING_DATA
2025,Khulna,4,121.5,24.72,69.0,3.7,SIMULATED_TRAINING_DATA
2025,Khulna,5,315.1,29.57,78.6,1.8,SIMULATED_TRAINING_DATA
2025,Khulna,6,1129.2,30.5,78.9,2.0,SIMULATED_TRAINING_DATA
2025,Khulna,7,488.2,32.98,94.4,2.9,SIMULATED_TRAINING_DATA
2025,Khulna,8,30.5,32.26,79.9,5.2,SIMULATED_TRAINING_DATA
2025,Khulna,9,76.9,28.55,77.8,4.3,SIMULATED_TRAINING_DATA
2025,Khulna,10,1.3,26.34,70.8,1.1,SIMULATED_TRAINING_DATA
2025,Khulna,11,10.8,24.58,73.6,2.9,SIMULATED_TRAINING_DATA
2025,Khulna,12,11.8,20.89,69.0,4.0,SIMULATED_TRAINING_DATA
2025,Mymensingh,1,14.9,21.15,70.1,2.1,SIMULATED_TRAINING_DATA
2025,Mymensingh,2,5.0,23.07,64.3,4.3,SIMULATED_TRAINING_DATA
2025,Mymensingh,3,262.3,24.86,75.6,4.2,SIMULATED_TRAINING_DATA
2025,Mymensingh,4,84.2,27.24,81.6,2.1,SIMULATED_TRAINING_DATA
2025,Mymensingh,5,248.2,27.94,93.1,3.2,SIMULATED_TRAINING_DATA
2025,Mymensingh,6,265.3,31.04,91.8,1.9,SIMULATED_TRAINING_DATA
2025,Mymensingh,7,621.7,31.22,80.5,4.9,SIMULATED_TRAINING_DATA
2025,Mymensingh,8,206.8,29.86,74.2,4.4,SIMULATED_TRAINING_DATA
2025,Mymensingh,9,387.4,28.54,68.7,3.7,SIMULATED_TRAINING_DATA
2025,Mymensingh,10,1.7,26.28,66.0,1.7,SIMULATED_TRAINING_DATA
2025,Mymensingh,11,15.3,23.63,72.9,2.9,SIMULATED_TRAINING_DATA
2025,Mymensingh,12,2.8,22.62,77.5,2.4,SIMULATED_TRAINING_DATA
2025,Rajshahi,1,5.6,19.89,75.9,3.7,SIMULATED_TRAINING_DATA
2025,Rajshahi,2,12.6,22.04,79.6,3.9,SIMULATED_TRAINING_DATA
2025,Rajshahi,3,136.8,24.74,63.1,2.1,SIMULATED_TRAINING_DATA
2025,Rajshahi,4,57.4,25.74,74.0,2.3,SIMULATED_TRAINING_DATA
2025,Rajshahi,5,712.6,27.78,78.8,5.0,SIMULATED_TRAINING_DATA
2025,Rajshahi,6,180.1,32.08,70.7,3.9,SIMULATED_TRAINING_DATA
2025,Rajshahi,7,291.8,29.76,77.0,4.1,SIMULATED_TRAINING_DATA
2025,Rajshahi,8,428.9,31.52,80.4,3.5,SIMULATED_TRAINING_DATA
2025,Rajshahi,9,73.7,28.9,65.6,2.3,SIMULATED_TRAINING_DATA
2025,Rajshahi,10,17.2,26.44,83.3,2.3,SIMULATED_TRAINING_DATA
2025,Rajshahi,11,1.5,21.84,75.0,4.2,SIMULATED_TRAINING_DATA
2025,Rajshahi,12,10.3,21.9,77.9,4.4,SIMULATED_TRAINING_DATA
2025,Rangpur,1,16.7,20.83,73.0,1.6,SIMULATED_TRAINING_DATA
2025,Rangpur,2,0.5,23.14,78.2,3.3,SIMULATED_TRAINING_DATA
2025,Rangpur,3,320.0,23.97,69.3,2.7,SIMULATED_TRAINING_DATA
2025,Rangpur,4,345.3,25.58,73.8,3.0,SIMULATED_TRAINING_DATA
2025,Rangpur,5,216.6,28.56,80.9,4.4,SIMULATED_TRAINING_DATA
2025,Rangpur,6,737.2,30.57,96.2,3.3,SIMULATED_TRAINING_DATA
2025,Rangpur,7,415.0,32.81,78.3,3.6,SIMULATED_TRAINING_DATA
2025,Rangpur,8,151.8,29.21,78.1,3.2,SIMULATED_TRAINING_DATA
2025,Rangpur,9,62.6,29.18,68.4,3.1,SIMULATED_TRAINING_DATA
2025,Rangpur,10,21.2,28.55,77.9,2.2,SIMULATED_TRAINING_DATA
2025,Rangpur,11,18.6,24.1,71.4,3.7,SIMULATED_TRAINING_DATA
2025,Rangpur,12,5.4,21.1,89.2,1.8,SIMULATED_TRAINING_DATA
2025,Sylhet,1,3.6,20.63,68.0,2.9,SIMULATED_TRAINING_DATA
2025,Sylhet,2,33.5,22.06,72.7,3.3,SIMULATED_TRAINING_DATA
2025,Sylhet,3,203.4,25.29,75.3,2.1,SIMULATED_TRAINING_DATA
2025,Sylhet,4,245.7,27.38,83.2,2.0,SIMULATED_TRAINING_DATA
2025,Sylhet,5,894.2,29.79,84.1,3.0,SIMULATED_TRAINING_DATA
2025,Sylhet,6,566.2,31.77,97.3,3.3,SIMULATED_TRAINING_DATA
2025,Sylhet,7,281.1,32.3,93.3,3.8,SIMULATED_TRAINING_DATA
2025,Sylhet,8,460.3,32.7,69.0,0.5,SIMULATED_TRAINING_DATA
2025,Sylhet,9,400.2,28.66,68.0,2.9,SIMULATED_TRAINING_DATA
2025,Sylhet,10,66.5,26.79,67.9,2.8,SIMULATED_TRAINING_DATA
2025,Sylhet,11,4.7,22.92,71.4,2.1,SIMULATED_TRAINING_DATA
2025,Sylhet,12,7.7,23.95,69.7,4.0,SIMULATED_TRAINING_DATA
