Sample_ID,Variety,Nitrogen_kg_ha,Phosphorus_kg_ha,Potassium_kg_ha,Rainfall_mm,Temperature_C,Humidity_pct,Soil_pH,Organic_Matter_pct,Yield_t_ha
AG0001,V1,131.3,50.1,80.5,1471.2,25.0,84.5,6.02,2.29,6.86
AG0002,V4,47.5,34.5,106.5,670.0,29.1,59.1,6.8,2.88,5.22
AG0003,V4,99.7,18.4,53.4,1549.0,26.7,58.4,6.36,1.66,6.64
AG0004,V3,96.8,51.1,58.3,1718.0,23.6,67.4,6.36,2.57,5.97
AG0005,V3,141.5,86.9,93.1,1288.5,23.7,55.5,5.41,2.1,6.52
AG0006,V5,90.2,63.9,65.5,1423.5,32.1,72.4,5.52,2.16,6.15
AG0007,V1,80.1,52.2,86.3,1427.7,26.5,83.3,7.7,1.04,5.64
AG0008,V4,113.1,23.3,61.4,1790.7,32.7,87.1,6.08,2.6,6.03
AG0009,V2,64.6,33.9,39.4,944.0,25.2,79.2,5.66,3.14,4.96
AG0010,V1,48.2,37.1,87.1,711.7,28.0,88.9,7.2,1.18,4.01
AG0011,V3,92.1,72.4,31.8,1174.9,35.4,71.3,6.4,1.79,3.03
AG0012,V5,84.2,80.8,37.9,1193.2,23.3,89.0,6.6,0.93,5.63
AG0013,V4,60.2,82.6,76.4,731.3,20.4,75.3,6.1,0.88,3.5
AG0014,V4,77.8,88.8,87.3,1297.0,31.5,63.9,5.98,3.47,7.01
AG0015,V4,77.6,88.7,100.5,518.4,24.1,92.8,6.08,2.13,5.59
AG0016,V4,72.6,86.5,44.5,1706.0,26.9,66.0,5.23,1.76,6.26
AG0017,V3,79.3,20.4,30.0,843.9,24.9,56.0,6.14,1.54,4.25
AG0018,V1,119.1,25.3,106.0,551.4,27.9,64.7,6.41,3.45,5.3
AG0019,V5,68.6,37.8,33.9,640.7,23.7,69.7,7.5,1.48,3.79
AG0020,V3,153.4,56.5,37.8,812.3,26.4,69.1,6.26,2.76,6.68
AG0021,V3,149.1,22.3,46.2,856.1,28.6,76.0,4.57,1.57,5.49
AG0022,V2,92.5,78.4,67.6,542.7,23.5,90.3,6.13,0.99,4.36
AG0023,V1,72.7,61.3,99.5,863.2,24.5,66.7,8.12,2.64,5.37
AG0024,V5,99.6,55.7,88.4,750.8,25.8,75.8,6.81,0.8,5.7
AG0025,V4,140.3,27.4,83.7,992.2,22.0,68.6,5.63,2.62,6.53
AG0026,V4,114.8,34.0,35.8,1000.7,25.5,87.9,6.61,1.48,5.89
AG0027,V3,134.6,27.0,52.2,940.7,27.4,61.3,5.68,2.81,6.59
AG0028,V5,99.3,78.9,63.1,926.3,25.6,59.1,5.25,2.88,5.76
AG0029,V3,112.3,58.8,33.3,616.7,26.1,75.1,5.96,2.76,5.97
AG0030,V3,67.5,70.1,44.6,532.8,26.9,81.9,6.26,0.87,4.15
AG0031,V3,125.5,37.2,47.7,762.7,24.7,86.8,4.89,2.7,4.8
AG0032,V2,56.3,42.8,31.5,1483.6,29.4,78.6,5.4,3.47,5.38
AG0033,V1,120.3,45.4,69.5,1788.1,32.0,86.0,6.21,1.46,6.2
AG0034,V3,141.9,72.0,83.5,1707.1,25.4,70.7,5.91,1.54,7.24
AG0035,V5,47.2,72.9,26.3,1155.5,28.7,56.3,6.48,3.0,5.69
AG0036,V1,109.9,30.5,63.3,1191.4,26.2,59.6,5.35,1.23,5.03
AG0037,V5,42.4,85.6,90.4,909.0,28.3,56.5,6.7,2.58,4.84
AG0038,V5,124.3,24.0,87.3,1506.1,32.5,68.2,5.37,2.84,6.44
AG0039,V2,41.0,82.2,93.4,1494.2,28.8,74.8,7.35,0.9,5.81
AG0040,V4,151.7,22.5,60.3,1597.6,20.8,69.3,5.0,2.3,5.59
AG0041,V1,47.9,34.8,93.9,1664.2,28.6,77.4,5.44,2.35,5.71
AG0042,V4,154.7,78.5,41.7,1064.7,31.3,74.2,6.49,1.62,7.12
AG0043,V4,134.1,28.5,52.5,1496.9,26.2,82.1,7.36,3.17,7.45
AG0044,V2,107.2,46.0,35.9,1548.3,30.5,81.7,6.42,1.24,6.06
AG0045,V1,131.7,48.7,62.1,901.0,24.6,67.7,6.59,1.78,6.49
AG0046,V5,133.4,33.4,55.3,1708.0,21.8,68.8,6.21,3.09,6.41
AG0047,V3,153.0,68.3,41.7,622.6,27.5,78.4,5.48,1.31,6.04
AG0048,V5,62.9,78.9,87.7,1792.5,20.9,78.9,5.86,3.02,5.79
AG0049,V4,106.7,80.6,48.2,1501.1,26.2,67.6,5.35,1.01,6.62
AG0050,V4,42.4,40.4,44.6,621.3,31.5,68.2,5.3,2.12,3.54
AG0051,V4,110.1,54.8,31.8,1353.1,20.3,82.8,6.48,1.0,4.86
AG0052,V1,52.3,33.6,59.5,544.4,22.5,80.9,5.41,2.63,3.71
AG0053,V2,103.4,33.4,47.3,1501.2,23.4,60.4,6.42,2.93,6.0
AG0054,V3,104.4,27.1,53.2,1539.0,26.8,72.6,5.29,3.09,6.66
AG0055,V3,90.6,85.5,41.2,1283.1,25.7,90.7,6.41,3.45,6.4
AG0056,V1,97.9,81.6,88.7,1613.9,31.9,56.5,5.86,2.61,6.47
AG0057,V3,129.3,73.3,103.7,627.2,30.3,89.2,7.18,2.88,6.07
AG0058,V1,133.9,53.8,64.8,858.7,28.7,61.5,6.43,2.17,6.55
AG0059,V4,94.0,51.8,77.9,1038.4,27.5,75.3,7.07,3.26,5.89
AG0060,V4,107.9,54.7,98.0,555.2,28.4,72.0,5.67,2.54,6.5
AG0061,V5,151.1,55.2,109.9,1082.7,24.0,55.4,6.24,3.19,7.25
AG0062,V4,45.6,47.6,75.2,844.8,30.0,91.6,5.51,1.44,4.93
AG0063,V2,45.2,24.9,100.1,1010.6,23.1,73.2,5.91,2.14,4.39
AG0064,V5,41.4,24.4,101.8,1052.6,29.9,93.2,6.02,2.77,4.9
AG0065,V3,115.5,86.4,91.2,1643.2,31.2,66.5,5.69,1.35,7.24
AG0066,V2,84.4,51.2,61.5,851.4,27.7,89.7,5.35,1.37,5.14
AG0067,V5,130.7,86.5,27.3,1661.9,26.4,91.9,5.21,3.44,8.26
AG0068,V2,117.3,27.3,21.4,1053.8,28.4,77.3,4.56,1.97,5.25
AG0069,V1,73.4,56.6,62.9,926.2,17.0,63.1,5.46,1.29,1.73
AG0070,V3,146.8,30.6,64.5,1153.3,28.1,82.4,6.64,1.69,6.48
AG0071,V4,129.1,34.0,56.7,1043.1,26.6,77.0,5.08,1.87,6.54
AG0072,V1,65.2,17.3,71.1,834.6,26.8,92.8,5.24,2.48,4.49
AG0073,V3,77.3,23.9,69.7,1153.5,29.5,72.6,7.45,3.29,4.93
AG0074,V1,70.9,83.8,95.3,697.3,26.7,65.7,5.75,3.46,5.91
AG0075,V4,50.5,39.1,29.8,957.5,23.0,60.5,6.42,2.56,4.68
AG0076,V3,49.2,60.6,40.3,1235.5,26.5,82.9,6.65,2.69,5.32
AG0077,V2,151.7,49.9,91.4,1037.4,27.2,94.0,6.66,1.67,7.37
AG0078,V2,86.9,45.0,96.3,1571.1,27.4,56.1,5.13,3.11,7.26
AG0079,V3,79.8,54.9,109.5,833.7,27.6,84.6,6.04,1.39,5.02
AG0080,V4,124.9,29.0,98.6,1760.7,30.6,92.1,5.07,1.09,6.23
AG0081,V5,101.9,89.1,100.1,1520.1,23.2,58.0,7.91,3.43,6.3
AG0082,V3,151.7,76.4,48.3,1757.9,27.6,59.4,5.08,3.13,8.66
AG0083,V1,131.4,70.6,56.1,1589.6,31.5,82.7,5.47,1.62,6.57
AG0084,V5,92.3,50.2,44.1,684.7,20.9,80.9,5.47,2.62,4.34
AG0085,V4,78.9,26.5,74.6,1184.4,27.6,57.8,5.15,2.06,5.16
AG0086,V4,158.3,84.0,104.5,721.0,25.0,88.4,7.15,1.67,7.23
AG0087,V1,123.3,40.6,51.0,1563.7,25.7,75.9,7.9,1.57,6.3
AG0088,V2,153.7,18.8,70.1,1259.4,23.8,91.3,5.87,1.17,6.3
AG0089,V4,45.4,40.7,46.7,842.5,26.4,90.1,5.28,2.28,5.13
AG0090,V5,140.6,74.6,35.3,1708.5,33.4,87.5,4.63,2.01,6.48
AG0091,V3,112.8,61.7,37.6,649.7,22.6,75.6,6.03,2.18,4.66
AG0092,V5,45.8,71.3,25.2,1233.0,22.9,65.1,5.98,1.38,4.18
AG0093,V5,106.5,74.5,105.4,1437.4,22.4,75.2,5.74,3.33,6.58
AG0094,V2,119.2,30.9,56.3,576.5,33.0,59.0,6.35,2.52,5.16
AG0095,V5,31.6,84.3,95.1,1277.2,25.4,81.4,6.48,3.23,6.43
AG0096,V2,89.1,47.8,81.3,1560.7,26.9,60.4,6.43,1.1,6.32
AG0097,V2,137.3,62.9,37.3,587.8,25.6,75.4,5.98,2.48,6.39
AG0098,V4,68.4,15.2,35.8,1165.9,23.7,57.2,5.43,3.09,4.87
AG0099,V4,89.6,89.5,93.1,836.1,26.2,67.0,6.67,1.69,6.7
AG0100,V1,87.5,36.1,43.8,1361.8,35.6,64.3,6.21,1.33,2.94
AG0101,V5,69.3,19.7,102.2,654.3,31.9,79.8,6.82,1.52,3.78
AG0102,V1,149.4,49.4,32.6,1718.2,24.0,86.5,6.75,1.54,7.23
AG0103,V5,131.6,24.7,81.0,1663.1,29.3,57.3,5.2,2.01,6.69
AG0104,V1,44.4,26.4,93.3,741.8,24.1,89.0,5.2,1.68,3.81
AG0105,V4,159.6,62.4,41.2,920.2,20.8,89.4,5.67,1.53,5.67
AG0106,V4,144.3,44.5,44.9,1263.9,30.6,68.7,5.46,2.55,7.09
AG0107,V4,66.9,84.1,106.8,1433.5,31.1,81.4,6.73,0.94,6.46
AG0108,V4,138.8,38.9,43.8,1075.5,30.7,71.1,6.45,1.72,6.45
AG0109,V3,43.8,69.5,58.7,703.2,25.4,61.2,6.97,2.66,4.99
AG0110,V4,159.9,49.6,58.9,635.4,26.4,76.1,6.48,1.27,6.55
AG0111,V2,116.5,64.5,42.8,1799.7,29.6,58.5,6.35,1.4,6.74
AG0112,V4,114.5,60.0,89.8,1092.0,28.4,90.1,7.04,1.34,6.74
AG0113,V3,41.8,50.5,89.5,1634.3,25.6,92.0,6.53,0.8,5.27
AG0114,V3,146.6,86.3,54.0,1127.1,21.3,87.9,6.25,2.08,5.61
AG0115,V3,33.8,40.7,95.2,1699.1,27.4,77.5,7.24,0.91,4.86
AG0116,V3,61.3,28.3,39.2,614.1,30.8,77.3,6.28,1.54,3.57
AG0117,V1,48.6,65.9,20.4,648.2,22.8,94.4,5.99,3.49,4.27
AG0118,V1,131.0,78.5,71.4,1708.5,29.2,64.9,5.61,3.28,8.47
AG0119,V2,55.8,18.0,109.5,1731.7,28.2,58.0,6.69,1.38,5.98
AG0120,V1,148.4,48.7,23.5,909.1,29.6,77.5,7.07,1.64,6.47
AG0121,V3,115.3,81.9,38.7,961.7,30.1,68.2,6.16,2.05,6.08
AG0122,V4,34.7,71.2,66.7,1088.2,24.6,67.9,7.12,3.08,5.54
AG0123,V4,30.7,89.4,92.9,1041.0,21.3,55.3,4.82,2.97,4.14
AG0124,V3,36.7,54.9,28.0,747.1,25.1,78.8,6.16,1.14,3.81
AG0125,V5,108.8,64.5,55.6,1667.9,30.1,65.6,6.17,1.14,6.48
AG0126,V3,134.2,37.7,87.2,829.3,25.1,62.5,5.69,1.93,5.52
AG0127,V1,61.0,86.1,53.4,1416.9,24.6,56.6,7.87,3.15,5.62
AG0128,V4,140.4,42.5,37.0,587.3,20.6,69.6,6.15,3.18,5.14
AG0129,V3,37.4,70.4,37.6,550.4,33.1,90.2,5.91,1.09,2.73
AG0130,V4,134.1,45.2,56.9,1349.8,29.9,68.5,6.22,2.35,7.21
AG0131,V3,150.6,57.1,63.1,940.7,29.7,82.2,4.8,1.22,5.53
AG0132,V3,130.4,69.0,97.6,1352.1,30.4,85.3,5.67,2.65,7.14
AG0133,V1,120.8,53.2,77.8,622.2,29.0,68.1,6.89,3.27,6.19
AG0134,V3,138.9,83.0,82.1,1734.8,26.1,87.9,5.76,2.03,6.84
AG0135,V4,35.2,46.4,108.5,1473.1,26.4,82.7,5.62,1.02,5.29
AG0136,V2,56.2,63.5,57.1,1639.1,25.5,77.4,7.12,2.36,6.51
AG0137,V4,46.2,40.7,56.3,677.4,36.2,55.0,7.14,1.9,1.02
AG0138,V1,95.6,45.6,103.1,916.2,28.9,56.4,6.56,2.99,6.22
AG0139,V2,126.9,48.0,42.1,978.8,25.4,94.6,5.88,1.72,6.76
AG0140,V3,111.9,24.4,85.7,1198.3,28.6,86.3,6.03,3.16,6.14
AG0141,V5,140.6,21.9,87.9,885.9,23.5,92.5,5.64,1.54,5.74
AG0142,V2,50.2,65.1,28.8,578.8,32.3,91.1,5.5,1.23,2.86
AG0143,V2,125.5,64.2,62.1,979.5,24.7,55.8,5.47,1.63,6.83
AG0144,V3,55.1,64.7,38.1,830.9,28.8,86.7,5.77,0.89,4.26
AG0145,V5,65.2,16.5,36.7,1001.7,30.7,73.0,5.48,1.56,4.07
AG0146,V5,122.3,39.5,61.7,756.0,28.3,86.6,5.11,2.58,6.3
AG0147,V1,157.4,29.8,46.0,840.5,27.3,55.3,6.35,1.18,6.42
AG0148,V2,109.5,73.4,91.6,1315.0,27.0,66.5,6.36,1.1,6.51
AG0149,V5,37.1,79.5,101.7,1004.6,26.8,85.1,7.39,1.16,4.7
AG0150,V1,110.1,33.5,92.2,949.0,25.0,86.7,5.73,1.01,5.69
AG0151,V5,35.5,65.1,43.9,1194.1,25.4,79.8,6.41,3.16,5.27
AG0152,V2,144.9,24.7,44.7,1503.4,32.2,67.1,6.42,3.35,5.92
AG0153,V5,122.2,35.6,42.9,992.5,26.6,67.4,6.02,0.93,5.71
AG0154,V2,52.5,25.4,32.2,1263.8,24.2,93.7,6.72,2.85,4.59
AG0155,V3,41.9,36.3,104.9,1756.1,25.2,72.6,6.74,2.79,6.46
AG0156,V4,53.9,65.6,56.2,1178.6,30.9,72.9,6.43,3.49,5.87
AG0157,V1,157.4,83.3,40.2,1682.7,29.4,77.1,6.02,1.74,7.47
AG0158,V3,89.6,30.2,96.2,1531.8,29.0,71.4,5.95,1.57,5.68
AG0159,V3,131.9,55.7,55.9,576.3,26.1,77.1,5.24,2.02,4.99
AG0160,V4,112.7,67.6,23.2,1057.8,29.0,72.3,5.64,3.11,6.32
AG0161,V5,104.4,86.5,34.6,1407.8,24.7,88.1,5.76,2.77,7.25
AG0162,V4,48.9,60.8,77.5,1782.7,26.1,91.4,5.41,2.07,7.12
AG0163,V3,153.0,34.1,90.5,1095.9,30.4,92.3,6.51,1.46,6.52
AG0164,V3,69.2,61.9,39.0,620.6,30.1,77.6,7.04,2.76,4.6
AG0165,V3,105.1,39.0,102.6,1230.6,23.6,72.7,5.56,3.11,6.01
AG0166,V5,121.0,88.2,96.6,664.5,24.0,83.2,6.4,1.88,5.97
AG0167,V2,114.4,45.0,96.4,1477.0,27.4,88.5,5.48,2.61,7.88
AG0168,V1,152.3,66.4,40.5,1160.0,33.0,77.5,5.99,1.88,5.77
AG0169,V2,49.3,16.7,24.5,1440.5,20.3,83.0,5.72,2.09,4.24
AG0170,V1,96.1,45.0,98.1,1630.2,28.0,85.0,6.62,2.22,7.32
AG0171,V1,82.5,80.6,47.5,1317.6,22.2,82.1,5.72,2.89,5.14
AG0172,V1,91.6,60.8,75.7,1296.2,24.8,84.8,6.91,3.44,6.41
AG0173,V4,45.5,48.3,88.4,1480.9,25.7,63.3,6.03,2.0,5.7
AG0174,V4,47.4,85.2,31.5,1595.2,25.5,74.9,5.75,1.72,6.01
AG0175,V4,66.1,79.0,90.3,1629.8,25.1,78.5,5.32,1.81,6.52
AG0176,V3,69.6,39.2,104.5,547.4,27.0,55.1,6.38,1.16,5.61
AG0177,V4,85.6,55.8,85.6,1223.0,25.1,89.2,6.83,1.6,5.79
AG0178,V1,109.4,51.7,59.7,781.2,21.9,79.4,6.39,1.03,4.71
AG0179,V5,112.5,62.4,98.9,1618.4,29.7,60.2,7.77,1.96,6.83
AG0180,V3,83.5,40.1,67.5,1342.9,29.6,87.7,7.2,1.25,5.17
AG0181,V5,83.1,33.3,87.0,1046.3,30.0,83.7,5.98,1.74,5.34
AG0182,V1,58.3,83.5,93.8,744.5,21.6,85.3,5.98,2.94,4.43
AG0183,V3,106.5,84.3,87.4,940.7,28.0,70.7,6.53,1.46,6.23
AG0184,V4,71.2,78.2,45.9,1414.9,29.4,89.2,5.61,2.45,6.53
AG0185,V3,34.7,88.4,30.6,765.7,23.4,71.6,7.02,3.23,4.61
AG0186,V3,84.4,70.9,41.5,621.7,27.0,77.8,6.45,2.33,5.52
AG0187,V1,91.6,72.4,65.3,1654.4,26.6,55.0,6.38,1.32,7.14
AG0188,V2,59.3,72.2,65.5,1493.5,33.4,80.8,6.68,1.73,5.02
AG0189,V2,104.4,51.0,72.4,759.7,33.7,83.7,7.41,2.39,4.29
AG0190,V2,103.6,49.2,55.6,880.0,21.2,77.7,6.32,2.17,4.45
AG0191,V4,121.3,33.0,90.8,1763.7,35.7,74.9,6.12,1.2,4.38
AG0192,V4,114.2,63.4,102.2,1420.6,23.8,87.4,7.26,2.01,6.8
AG0193,V4,114.8,36.7,42.2,1293.7,30.4,82.3,6.88,2.27,6.31
AG0194,V2,71.1,34.3,86.3,899.9,30.4,66.1,5.98,1.52,4.68
AG0195,V5,132.4,58.9,81.0,888.9,23.5,93.4,6.2,2.45,6.1
AG0196,V1,101.4,45.7,67.1,551.4,28.7,83.3,6.34,0.99,4.56
AG0197,V2,86.1,31.4,37.0,1447.0,26.6,94.5,6.45,1.71,5.34
AG0198,V1,111.4,76.2,91.6,556.1,28.9,93.9,5.25,2.97,6.02
AG0199,V2,76.9,79.5,106.5,506.3,27.8,91.8,5.12,1.5,4.72
AG0200,V5,96.7,27.6,85.0,1448.3,31.2,85.2,5.58,2.43,5.44
AG0201,V2,125.8,15.6,102.6,1733.5,27.3,79.4,5.52,1.91,6.99
AG0202,V5,145.2,40.2,108.6,1483.5,26.4,61.9,5.75,1.65,6.91
AG0203,V3,149.7,74.8,51.7,1113.1,30.8,76.7,6.64,3.27,7.13
AG0204,V4,95.5,77.9,77.4,1131.9,29.0,85.6,6.08,1.73,6.79
AG0205,V3,97.6,25.4,62.7,1067.0,29.6,75.8,6.34,1.44,4.95
AG0206,V2,134.0,73.1,108.8,922.0,24.7,89.7,5.34,3.26,7.09
AG0207,V4,70.9,23.7,28.4,1178.2,23.3,59.4,5.88,2.81,5.41
AG0208,V5,138.9,44.3,57.1,1060.5,25.0,70.2,6.61,2.64,6.51
AG0209,V2,94.2,89.9,98.8,1277.6,24.8,75.2,6.62,0.93,6.22
AG0210,V4,45.1,29.4,45.6,1667.6,29.8,72.3,5.69,1.15,5.52
AG0211,V2,39.4,26.5,90.9,1793.5,30.4,59.3,6.31,2.52,5.96
AG0212,V4,139.5,46.7,54.5,602.4,26.5,61.1,7.74,1.37,5.94
AG0213,V4,37.2,61.5,108.2,1000.1,32.0,88.5,6.19,1.41,4.79
AG0214,V3,66.5,85.0,99.5,734.9,31.8,74.4,5.71,2.9,4.29
AG0215,V4,73.4,88.6,47.1,957.8,27.9,56.9,6.08,1.57,6.4
AG0216,V2,52.5,20.2,89.3,873.7,24.1,55.7,6.26,0.99,4.42
AG0217,V1,70.8,25.3,50.3,726.9,32.5,73.9,6.09,0.9,3.65
AG0218,V1,126.6,74.3,74.6,1493.3,26.8,61.6,6.18,2.0,7.54
AG0219,V3,31.9,35.3,79.3,1145.2,27.4,83.2,5.19,2.47,4.6
AG0220,V5,137.5,81.4,94.7,1695.0,25.8,86.8,5.53,3.15,8.23
AG0221,V1,141.4,64.8,22.2,542.4,23.9,64.1,6.1,1.1,5.57
AG0222,V3,78.4,23.4,39.8,587.1,21.9,78.7,6.08,1.33,3.21
AG0223,V4,50.0,77.4,84.1,1024.3,29.2,61.2,5.8,2.23,6.02
AG0224,V2,108.1,28.2,70.7,604.4,24.3,67.1,6.08,1.78,4.68
AG0225,V4,45.6,46.8,64.6,841.5,37.7,90.6,6.24,2.1,0.91
AG0226,V2,77.4,56.4,25.0,1781.8,23.2,76.8,6.82,3.3,7.11
AG0227,V5,154.6,52.6,51.3,771.6,22.6,90.4,6.13,2.27,5.89
AG0228,V3,159.4,66.5,97.9,757.6,28.8,64.0,6.48,1.92,6.78
AG0229,V3,130.4,64.0,22.8,1245.7,32.4,68.2,5.82,3.47,5.75
AG0230,V1,70.4,89.4,55.7,1147.4,27.2,73.8,6.6,0.98,5.79
AG0231,V3,119.4,90.0,105.1,1254.6,29.0,74.2,6.46,3.32,7.27
AG0232,V5,121.7,53.7,24.6,989.8,20.5,94.9,6.81,2.15,4.7
AG0233,V1,80.4,22.1,87.5,1574.8,24.6,59.6,6.7,2.16,6.25
AG0234,V4,113.3,69.6,43.2,680.2,23.2,89.1,6.61,3.29,5.94
AG0235,V3,31.4,88.2,98.0,1056.9,20.4,89.5,6.13,2.17,4.12
AG0236,V4,57.2,38.9,87.1,1396.7,27.4,77.1,6.37,1.98,6.27
AG0237,V4,98.3,49.6,99.7,1628.7,19.2,68.8,6.94,1.54,5.18
AG0238,V3,51.3,46.9,39.4,980.4,22.4,75.8,5.74,2.58,4.18
AG0239,V2,51.6,18.9,67.8,1238.1,25.1,66.7,5.76,2.34,6.26
AG0240,V4,138.7,65.4,90.1,589.9,24.1,87.0,6.33,1.38,6.69
AG0241,V1,158.6,41.5,42.1,721.4,28.4,74.9,6.49,2.72,6.76
AG0242,V3,102.3,74.1,40.8,589.9,28.1,92.0,5.62,2.54,5.27
AG0243,V1,139.1,77.4,22.4,1446.2,30.1,79.9,6.15,1.87,6.88
AG0244,V4,158.7,76.6,106.3,874.5,29.6,75.6,6.13,0.81,7.6
AG0245,V4,48.4,46.2,83.9,1440.9,31.0,83.4,4.65,2.01,5.4
AG0246,V1,88.3,39.1,77.2,586.3,27.0,75.2,6.05,0.82,5.31
AG0247,V4,81.0,71.2,87.0,1621.3,28.1,91.2,6.09,1.0,6.96
AG0248,V3,40.4,75.1,67.8,1586.2,28.8,62.4,6.09,1.96,5.21
AG0249,V4,128.2,51.8,62.9,615.6,27.5,93.9,7.19,1.02,5.99
AG0250,V1,86.4,82.0,60.5,530.9,25.6,87.5,5.35,1.54,4.68
AG0251,V1,91.0,25.8,77.6,573.2,25.8,89.4,5.62,2.57,4.63
AG0252,V3,49.6,80.9,38.1,1609.7,24.1,74.3,4.37,1.63,4.72
AG0253,V1,53.5,22.2,99.9,805.1,28.5,88.5,5.86,3.49,5.38
AG0254,V2,147.9,26.5,93.1,1212.8,26.7,67.3,5.92,3.27,7.87
AG0255,V4,35.8,55.0,51.5,1054.1,24.7,85.5,5.84,2.38,5.25
AG0256,V1,60.3,20.1,72.1,1534.2,24.7,60.6,6.98,3.41,5.99
AG0257,V4,68.0,19.0,32.7,1135.6,22.8,67.3,6.8,3.14,4.68
AG0258,V1,93.7,15.0,107.5,1150.9,30.4,72.8,6.25,1.66,5.33
AG0259,V1,106.2,47.7,101.3,1785.8,27.3,67.9,5.94,2.82,6.97
AG0260,V3,94.1,73.1,103.0,695.2,24.0,70.5,6.92,1.17,4.48
AG0261,V4,40.9,17.6,49.9,1579.9,29.8,87.8,6.19,2.65,5.65
AG0262,V1,61.7,63.9,35.2,567.3,25.0,65.3,5.63,2.13,4.32
AG0263,V2,139.7,76.7,39.1,1120.9,22.1,84.8,5.0,0.85,5.84
AG0264,V5,112.9,27.6,28.1,1652.2,30.6,57.9,5.89,1.54,6.31
AG0265,V5,114.4,26.0,30.8,1364.8,25.1,85.6,6.73,3.38,6.35
AG0266,V3,117.1,79.6,26.4,1390.8,25.6,86.7,7.79,1.65,6.26
AG0267,V3,129.2,76.7,109.1,842.3,27.1,71.1,6.24,1.29,6.28
AG0268,V2,37.6,55.4,26.7,1044.1,31.0,83.9,5.66,1.31,3.37
AG0269,V4,77.7,76.4,31.9,976.6,27.1,91.6,5.37,2.09,5.86
AG0270,V3,100.1,22.0,94.5,1177.9,22.8,87.0,6.59,3.08,5.47
AG0271,V2,74.0,44.6,72.2,1100.9,28.9,70.6,4.96,2.85,5.39
AG0272,V1,139.8,70.3,89.7,925.0,25.3,74.4,6.59,1.98,7.57
AG0273,V1,92.7,34.3,76.8,897.1,33.6,86.2,6.77,1.36,3.28
AG0274,V5,129.9,71.4,99.4,826.1,27.0,66.7,6.51,0.92,6.58
AG0275,V3,140.8,52.8,77.5,974.6,19.2,87.2,6.05,2.05,4.16
AG0276,V3,95.6,71.3,67.0,694.9,28.3,68.1,6.6,3.0,6.26
AG0277,V3,148.2,49.9,84.1,1633.7,33.8,87.2,6.32,2.77,6.33
AG0278,V4,106.3,42.6,60.3,1282.8,32.5,58.5,5.66,1.9,5.57
AG0279,V1,140.5,31.4,51.1,673.9,33.4,56.8,7.5,2.41,4.08
AG0280,V1,74.3,30.6,62.1,1402.0,23.4,94.9,5.95,1.98,5.01
AG0281,V2,94.8,71.4,35.3,1602.0,30.2,89.8,6.74,2.36,6.9
AG0282,V3,99.1,23.9,91.7,808.8,24.5,90.3,4.51,2.2,5.2
AG0283,V4,43.6,21.4,43.5,695.8,27.8,93.1,7.09,2.64,4.67
AG0284,V3,81.8,28.2,33.8,511.2,22.5,72.5,7.23,2.17,3.34
AG0285,V3,149.3,28.2,42.2,561.4,24.7,66.5,6.22,3.34,6.21
AG0286,V5,112.0,76.7,95.8,1490.9,24.6,60.2,6.59,1.96,7.97
AG0287,V1,53.1,44.9,49.7,1783.3,30.1,75.0,6.59,0.84,5.2
AG0288,V3,74.1,89.3,81.7,558.3,29.8,63.8,5.75,1.44,5.39
AG0289,V3,54.9,25.3,97.1,1472.5,28.0,92.4,6.58,2.15,5.23
AG0290,V3,33.2,64.0,27.0,593.4,22.3,55.2,5.63,2.26,3.29
AG0291,V5,150.6,48.7,88.9,1269.8,25.9,60.7,5.77,2.29,7.62
AG0292,V2,88.3,44.5,47.7,1482.9,24.4,64.9,6.99,2.73,6.39
AG0293,V5,70.0,80.6,39.5,967.0,30.0,63.0,6.88,1.54,4.85
AG0294,V2,107.8,88.2,82.0,514.2,31.1,64.0,5.71,2.6,5.51
AG0295,V3,31.0,80.5,101.9,1273.7,30.7,81.2,5.69,2.7,5.54
AG0296,V3,66.1,29.4,46.6,1788.6,24.4,68.1,5.75,1.91,5.89
AG0297,V5,121.4,31.6,71.2,834.9,17.4,79.6,6.71,1.89,3.28
AG0298,V3,112.4,64.2,46.1,746.3,20.8,90.6,5.5,1.28,4.72
AG0299,V2,157.6,36.7,69.9,661.1,32.0,79.1,6.45,1.92,5.79
AG0300,V1,110.6,70.1,76.0,1221.8,25.6,82.8,6.72,2.92,6.86
AG0301,V2,92.1,57.5,74.9,1275.4,24.4,69.6,6.14,3.25,7.14
AG0302,V5,129.0,56.3,76.1,1530.0,32.7,61.4,6.91,2.4,6.49
AG0303,V1,147.4,77.1,32.2,1479.0,31.4,67.8,5.99,1.61,6.36
AG0304,V5,123.7,68.3,82.4,1660.3,27.1,93.6,6.05,2.64,7.43
AG0305,V3,155.2,17.0,80.7,1547.5,26.0,79.9,5.52,2.8,7.47
AG0306,V1,131.7,18.7,81.4,821.4,26.5,66.1,6.91,1.7,5.81
AG0307,V2,142.7,60.1,26.7,1222.6,27.8,73.0,5.66,3.03,7.31
AG0308,V3,44.8,51.5,60.2,886.6,32.6,88.4,6.44,1.0,3.62
AG0309,V2,125.2,34.5,56.8,928.7,28.5,81.7,6.15,0.83,6.05
AG0310,V1,87.2,46.4,27.8,1711.5,29.5,77.4,5.46,1.13,6.13
AG0311,V4,101.9,71.8,40.0,1386.5,31.1,90.4,5.77,1.22,5.3
AG0312,V4,115.0,77.0,59.7,1767.0,22.9,81.9,7.17,3.17,7.52
AG0313,V1,156.1,57.1,86.9,1042.0,29.6,80.7,6.34,1.95,7.25
AG0314,V2,158.0,43.9,41.3,1198.7,26.0,62.6,5.49,1.54,6.33
AG0315,V2,67.5,35.3,94.7,1133.3,18.2,59.3,6.41,1.96,2.76
AG0316,V4,125.4,54.1,69.1,639.5,19.6,93.6,6.1,1.87,4.1
AG0317,V4,127.5,38.6,88.4,807.7,23.4,79.0,8.2,1.61,5.19
AG0318,V4,75.0,57.3,62.5,1185.9,28.9,71.6,6.4,1.17,6.29
AG0319,V5,46.1,65.7,64.9,587.6,27.4,78.6,5.93,2.57,5.64
AG0320,V4,35.3,20.0,75.8,1710.9,27.6,57.5,7.19,1.17,4.92
AG0321,V2,131.1,15.1,103.5,661.0,33.8,87.9,4.91,2.89,4.55
AG0322,V1,93.7,30.9,64.3,757.4,22.6,63.7,6.27,1.34,4.63
AG0323,V4,158.1,82.1,67.6,1494.9,26.9,87.2,7.6,2.77,8.37
AG0324,V5,90.4,63.5,74.2,626.0,28.1,76.4,6.12,2.98,6.07
AG0325,V5,157.1,27.9,86.4,1670.4,24.4,66.1,4.99,1.14,6.93
AG0326,V2,83.5,81.8,26.5,1443.4,27.1,56.2,5.92,1.03,6.75
AG0327,V2,133.2,50.2,66.4,589.2,21.4,87.6,7.22,3.36,5.84
AG0328,V1,41.0,50.7,63.3,1399.4,31.9,62.1,6.46,2.05,4.19
AG0329,V1,102.2,85.2,103.0,1321.1,24.6,57.1,5.61,2.5,7.22
AG0330,V3,134.3,19.5,64.4,1484.6,34.1,85.2,5.72,0.86,4.74
AG0331,V3,150.2,31.1,62.1,1576.7,26.9,69.0,5.81,1.55,7.09
AG0332,V2,136.9,58.9,106.6,1433.9,30.6,70.6,6.45,2.16,7.68
AG0333,V2,34.8,29.7,60.6,1262.0,26.8,64.9,7.14,3.19,5.34
AG0334,V5,78.5,66.0,36.3,919.2,26.9,89.4,6.94,1.53,5.39
AG0335,V3,36.3,31.1,39.5,1406.5,25.0,66.9,6.52,2.89,5.0
AG0336,V5,44.2,22.4,28.6,1744.1,27.4,63.4,5.27,2.59,4.64
AG0337,V5,117.8,30.5,20.1,1263.8,28.1,67.4,5.27,1.11,5.56
AG0338,V2,122.7,46.7,58.9,1363.6,24.3,63.1,6.57,1.59,6.25
AG0339,V2,130.6,28.2,89.2,1068.3,26.6,67.7,5.26,1.44,5.8
AG0340,V5,142.5,25.1,86.0,1483.0,24.9,58.3,6.04,1.99,7.54
AG0341,V4,126.1,79.5,22.9,1797.0,35.0,61.3,6.41,2.52,5.9
AG0342,V2,134.1,39.0,71.3,708.5,26.7,71.7,5.4,1.97,6.11
AG0343,V4,36.4,42.1,33.9,763.1,32.4,90.2,5.48,1.46,3.02
AG0344,V3,60.5,19.1,104.7,1201.3,26.3,57.3,6.13,2.68,5.56
AG0345,V5,110.8,41.8,35.1,1125.8,27.9,63.5,6.55,2.38,6.54
AG0346,V2,141.6,34.9,76.4,1243.0,22.4,91.3,6.94,2.2,6.01
AG0347,V5,30.6,60.8,49.4,563.8,25.4,90.6,6.62,2.3,4.3
AG0348,V5,96.9,30.4,77.7,1025.6,27.7,82.2,6.25,1.4,5.93
AG0349,V1,118.0,81.6,57.1,1257.9,32.6,64.6,5.68,2.64,5.34
AG0350,V1,33.8,84.7,88.4,1260.7,27.8,71.8,5.45,1.85,5.42
AG0351,V3,82.2,22.5,40.8,1354.5,31.8,63.4,5.84,1.78,4.38
AG0352,V1,146.4,23.1,101.5,1436.3,29.2,60.1,6.49,1.2,6.74
AG0353,V2,117.3,23.6,65.0,1334.0,32.7,70.2,6.44,2.41,5.37
AG0354,V3,60.9,61.5,88.0,1527.3,26.8,78.0,4.73,2.43,5.7
AG0355,V5,140.9,24.1,96.5,1312.2,35.4,69.4,5.65,1.72,5.06
AG0356,V5,75.2,78.9,109.9,1198.8,25.3,79.4,7.04,3.12,6.51
AG0357,V1,140.9,71.6,40.2,1288.1,24.3,66.9,6.26,3.08,7.41
AG0358,V5,68.9,76.5,45.8,631.6,22.8,68.8,5.21,1.09,4.73
AG0359,V1,106.7,54.5,42.5,855.1,35.2,86.6,7.85,2.68,3.04
AG0360,V4,81.6,89.8,43.7,1185.6,29.9,90.1,6.18,1.86,6.83
AG0361,V5,65.7,18.3,72.4,1634.9,25.8,67.9,6.47,3.5,6.32
AG0362,V5,145.3,45.1,109.4,1382.8,31.4,77.9,6.48,1.41,7.26
AG0363,V2,54.4,39.3,109.1,617.5,29.4,66.1,5.94,1.56,4.87
AG0364,V5,41.0,86.1,67.4,1270.0,33.9,57.1,5.69,1.99,4.12
AG0365,V1,74.5,58.3,77.5,788.3,21.6,84.5,7.69,1.53,3.81
AG0366,V3,123.3,75.5,97.4,1454.2,26.1,61.8,6.9,2.67,7.21
AG0367,V3,135.0,27.8,104.0,1575.7,25.4,72.0,6.78,2.1,7.05
AG0368,V2,159.8,88.4,38.3,1271.5,20.1,74.5,6.6,1.4,6.26
AG0369,V1,68.5,52.4,67.6,1268.8,30.7,62.4,5.5,2.17,5.22
AG0370,V4,83.0,52.0,95.0,940.2,26.1,58.8,7.09,3.2,6.26
AG0371,V2,47.8,87.8,47.3,1080.1,29.6,68.9,5.61,2.94,5.55
AG0372,V4,104.7,43.6,59.6,1623.3,35.3,93.1,6.4,2.15,5.02
AG0373,V3,159.7,44.8,108.7,1440.3,25.8,79.6,5.05,1.58,7.53
AG0374,V2,121.1,58.9,108.7,1175.7,25.5,70.3,4.77,1.29,6.03
AG0375,V5,107.4,24.6,101.5,978.7,27.4,56.6,6.42,3.17,6.23
AG0376,V1,81.0,39.1,91.9,565.5,30.5,79.0,5.63,2.72,5.03
AG0377,V4,149.0,29.5,44.2,685.9,25.0,58.7,4.81,2.34,6.45
AG0378,V4,94.6,22.7,48.9,750.9,24.8,76.7,6.58,3.17,6.09
AG0379,V2,47.5,80.0,69.3,985.4,30.7,85.1,7.68,1.13,3.92
AG0380,V2,77.5,59.2,70.5,1727.4,28.3,71.9,7.17,2.64,6.65
AG0381,V1,38.7,41.9,65.5,1156.7,19.8,67.0,6.02,1.39,2.63
AG0382,V5,56.3,45.7,77.3,805.3,22.7,56.9,6.21,1.13,4.0
AG0383,V5,32.3,47.4,56.7,637.5,32.3,56.0,6.82,2.06,3.86
AG0384,V2,88.9,62.5,87.4,939.8,28.4,72.2,6.99,1.85,5.43
AG0385,V1,112.5,84.5,50.0,1560.4,24.3,90.3,5.96,3.34,6.84
AG0386,V1,74.6,85.0,49.8,998.3,26.4,64.8,6.22,1.67,5.44
AG0387,V1,84.6,44.4,31.5,1504.3,27.0,78.0,6.41,3.0,6.5
AG0388,V5,154.7,39.7,37.0,1543.5,29.6,82.4,6.59,2.82,7.64
AG0389,V5,127.8,48.8,96.5,644.1,22.2,57.4,6.11,2.6,5.85
AG0390,V1,100.3,57.6,60.2,1291.3,24.1,61.1,6.12,3.29,6.96
AG0391,V4,67.0,49.6,40.5,1746.8,28.0,68.3,7.17,1.9,5.59
AG0392,V1,146.6,64.4,88.3,1022.8,26.7,81.8,7.05,1.85,7.41
AG0393,V2,60.6,56.6,69.9,566.2,29.0,72.6,6.53,1.23,4.49
AG0394,V3,72.3,39.1,21.9,1700.3,22.7,84.4,7.4,1.54,4.97
AG0395,V4,148.2,40.9,48.5,1648.8,28.2,89.7,5.93,3.18,7.59
AG0396,V5,98.8,43.4,35.9,1178.8,30.8,85.3,7.34,2.08,5.26
AG0397,V1,126.5,22.1,79.0,1217.9,28.7,94.7,6.58,1.72,6.34
AG0398,V1,106.8,27.5,44.8,775.3,27.5,85.2,8.2,1.38,4.84
AG0399,V2,114.9,69.2,25.8,1565.3,26.7,89.1,5.37,2.11,6.37
AG0400,V2,68.9,44.2,24.9,1148.2,24.1,88.3,5.72,2.73,5.34
AG0401,V5,61.4,31.1,72.4,544.0,26.7,84.2,6.49,1.57,4.08
AG0402,V4,71.9,57.2,22.0,1387.9,31.4,87.1,6.48,2.85,5.86
AG0403,V2,50.2,71.7,96.4,1735.6,26.6,92.4,7.57,2.5,6.66
AG0404,V5,143.7,34.3,34.0,1577.9,23.9,74.0,5.73,2.93,7.51
AG0405,V3,66.8,77.0,74.6,860.4,25.3,80.5,6.83,1.48,4.92
AG0406,V3,103.0,84.6,60.0,569.3,27.7,75.6,7.01,2.5,6.13
AG0407,V3,133.0,59.8,59.9,1722.5,25.7,89.0,6.69,1.22,7.49
AG0408,V1,131.9,65.2,26.5,1718.2,28.7,72.3,5.53,1.78,6.49
AG0409,V5,87.0,18.9,92.2,1192.1,28.8,87.8,7.19,2.76,6.02
AG0410,V1,91.9,85.9,100.4,1335.0,30.1,87.0,7.06,2.51,6.94
AG0411,V1,159.3,44.4,21.0,1101.4,32.0,93.5,6.62,1.31,5.62
AG0412,V2,117.7,84.3,36.1,1045.7,30.5,65.0,6.34,3.12,6.29
AG0413,V2,135.9,58.4,101.4,655.3,23.7,83.4,6.36,0.94,6.28
AG0414,V1,147.3,15.3,69.5,625.8,23.8,85.3,6.14,2.41,5.37
AG0415,V1,132.4,17.9,33.5,802.6,26.7,92.5,6.65,3.46,6.18
AG0416,V4,54.1,66.0,38.3,1587.6,25.4,91.3,6.22,2.24,6.18
AG0417,V5,103.1,57.2,79.4,689.6,23.0,77.9,5.61,2.96,5.82
AG0418,V1,43.2,17.0,85.2,794.7,25.5,78.2,5.47,2.41,4.13
AG0419,V2,114.9,70.8,73.9,1213.2,25.3,61.7,5.67,2.91,6.86
AG0420,V3,154.2,78.9,105.8,779.7,24.6,94.0,6.36,2.57,7.18
AG0421,V5,96.7,52.2,64.5,712.2,25.9,65.2,6.18,2.67,6.2
AG0422,V4,86.3,49.9,47.0,1232.3,31.1,84.0,6.35,1.42,6.21
AG0423,V4,34.7,15.4,63.0,978.5,27.7,86.8,6.55,2.8,4.38
AG0424,V3,154.8,74.0,52.4,1314.0,35.7,72.6,5.76,1.44,4.65
AG0425,V3,43.4,39.8,40.2,1685.9,27.6,63.4,7.23,3.45,5.3
AG0426,V1,35.3,80.9,24.1,696.3,26.0,62.6,6.01,1.42,4.68
AG0427,V5,62.0,43.0,51.7,1687.5,27.0,89.3,5.9,1.44,5.46
AG0428,V5,38.5,57.4,84.0,1673.2,27.9,75.4,6.54,3.12,6.06
AG0429,V1,89.2,35.3,21.7,1577.8,28.5,58.6,4.91,1.46,5.15
AG0430,V4,97.1,27.0,59.5,1320.7,34.3,83.7,5.65,1.77,4.27
AG0431,V1,70.6,73.1,78.0,1306.2,24.0,65.0,6.89,2.73,6.17
AG0432,V4,36.6,52.2,74.9,1331.0,30.0,90.1,4.98,1.23,4.83
AG0433,V5,44.5,55.2,89.9,1397.6,27.7,67.4,6.98,1.23,5.34
AG0434,V1,80.0,87.4,92.9,521.4,21.5,63.0,7.26,2.11,3.99
AG0435,V3,37.9,87.3,84.1,1745.5,29.7,58.4,5.94,1.46,5.96
AG0436,V1,120.8,79.2,29.3,1261.3,31.4,75.5,6.4,1.44,5.91
AG0437,V3,56.9,29.1,62.8,1515.9,24.0,73.0,6.98,0.82,5.0
AG0438,V5,69.3,59.6,74.3,990.5,27.0,85.1,5.87,1.8,5.29
AG0439,V1,81.2,80.9,42.1,516.1,21.0,73.6,6.81,1.66,3.29
AG0440,V2,84.2,43.1,23.8,1162.7,22.6,68.8,5.73,0.88,4.57
AG0441,V5,30.2,22.6,40.1,1159.3,30.7,65.5,5.87,2.48,4.61
AG0442,V2,44.6,75.8,60.9,1068.1,25.4,66.1,5.64,2.49,5.55
AG0443,V1,142.2,51.1,57.3,941.6,23.1,92.1,6.44,0.99,5.69
AG0444,V3,30.2,57.3,35.9,824.8,27.8,61.6,7.01,1.66,3.73
AG0445,V3,96.1,88.7,94.2,1185.8,25.2,94.5,6.07,3.16,7.52
AG0446,V4,93.6,60.5,103.3,987.9,25.4,68.1,5.31,2.37,5.98
AG0447,V2,73.3,46.9,38.1,1760.9,29.6,58.5,5.44,1.91,5.69
AG0448,V5,86.1,42.7,103.7,724.8,22.9,64.9,6.48,2.06,5.24
AG0449,V3,131.5,46.3,21.6,915.6,23.8,57.3,7.49,1.36,4.46
AG0450,V2,139.4,23.9,103.2,882.1,27.5,86.6,6.48,2.99,7.4
AG0451,V5,63.8,74.6,105.7,1206.3,30.4,75.5,5.93,3.27,6.41
AG0452,V5,71.9,77.8,21.1,1149.1,31.3,68.5,6.74,3.26,5.84
AG0453,V3,61.5,36.3,88.7,1336.9,24.7,81.5,6.03,1.4,5.31
AG0454,V1,92.4,37.8,107.3,1735.0,30.3,80.2,5.94,1.64,6.25
AG0455,V3,118.8,80.6,101.5,870.8,24.3,92.6,5.53,1.23,5.58
AG0456,V3,59.7,16.8,107.4,1400.6,33.4,93.5,7.19,1.63,3.67
AG0457,V1,73.0,54.0,69.5,532.6,23.0,82.2,4.42,1.7,3.25
AG0458,V4,151.0,49.8,27.0,841.1,31.6,87.7,6.76,2.51,6.33
AG0459,V5,36.3,66.8,96.5,1102.8,24.7,86.7,5.88,1.31,5.22
AG0460,V1,89.9,27.3,75.2,540.3,34.0,74.7,5.91,3.28,4.24
AG0461,V4,122.5,65.1,75.3,1303.0,29.1,83.2,7.38,1.08,6.7
AG0462,V1,49.6,43.3,57.6,1381.8,23.4,58.1,5.7,0.82,4.8
AG0463,V4,36.2,61.4,71.5,1470.8,25.2,85.3,5.72,3.11,5.98
AG0464,V3,48.0,18.0,33.8,1171.5,29.7,93.5,6.11,2.7,4.35
AG0465,V1,149.4,49.6,86.6,1285.1,30.7,58.4,6.49,1.76,6.95
AG0466,V5,31.2,54.2,26.8,1014.9,26.8,88.4,5.89,2.41,4.61
AG0467,V1,54.5,31.1,85.7,553.6,27.2,92.3,5.1,1.4,4.1
AG0468,V3,34.1,25.5,96.4,629.9,29.7,64.0,5.59,1.25,3.11
AG0469,V1,44.4,29.1,62.5,1351.5,27.5,76.0,7.1,2.07,4.71
AG0470,V5,110.6,40.8,65.9,1794.2,22.5,92.1,6.25,1.75,6.5
AG0471,V4,61.4,22.3,48.1,520.5,24.2,93.4,6.52,2.46,4.76
AG0472,V5,104.0,86.0,107.3,1224.9,27.8,60.1,6.02,1.39,6.47
AG0473,V3,106.7,45.4,86.0,1476.3,31.3,69.0,5.74,2.59,6.34
AG0474,V3,140.4,75.7,53.2,1574.8,32.7,82.9,7.37,2.87,6.24
AG0475,V4,30.6,88.1,35.7,1208.8,29.7,63.9,6.07,1.25,5.04
AG0476,V4,140.9,21.1,39.8,1305.9,28.0,68.0,5.89,0.92,6.94
AG0477,V5,110.5,63.9,61.8,1405.7,29.6,55.9,6.97,1.99,6.8
AG0478,V1,51.2,80.4,104.8,1616.7,24.7,61.1,5.69,2.89,6.77
AG0479,V4,130.5,62.6,86.1,659.0,26.5,77.5,5.78,2.56,7.5
AG0480,V1,141.2,47.2,39.4,1704.0,24.1,81.1,6.21,2.7,7.09
AG0481,V2,63.1,47.3,97.4,533.8,22.6,81.0,6.2,1.89,4.02
AG0482,V5,149.4,17.7,54.0,1587.1,28.2,86.1,6.38,1.43,6.68
AG0483,V2,89.1,55.1,96.7,599.8,27.6,71.6,7.66,2.24,5.28
AG0484,V4,108.4,89.5,41.8,753.0,29.4,65.9,6.44,1.35,5.22
AG0485,V3,158.0,86.9,75.7,505.1,28.9,55.6,4.54,2.76,6.18
AG0486,V2,77.0,18.0,103.4,1078.8,27.8,63.3,6.43,1.33,5.21
AG0487,V2,135.7,67.9,43.2,934.7,28.9,67.5,6.23,1.59,6.78
AG0488,V3,71.4,37.6,82.4,715.8,26.9,62.1,6.23,2.17,5.12
AG0489,V4,133.9,82.7,108.9,1086.4,28.4,55.8,6.37,2.11,7.42
AG0490,V4,108.1,18.4,33.6,1023.1,24.5,61.3,6.18,2.42,6.02
AG0491,V5,58.1,85.2,28.0,1498.0,28.3,81.6,6.16,1.98,6.27
AG0492,V5,83.8,77.8,80.7,1661.1,29.3,80.2,6.63,3.28,6.93
AG0493,V4,71.3,23.8,50.6,1348.3,24.7,92.4,5.82,3.07,5.75
AG0494,V4,40.2,19.5,26.4,661.7,27.2,86.9,5.54,3.17,3.71
AG0495,V2,33.9,77.6,62.8,884.0,24.8,77.7,8.2,2.5,3.96
AG0496,V3,75.0,26.7,87.8,1687.3,25.2,60.5,5.7,2.51,5.79
AG0497,V1,32.5,55.1,45.7,615.4,23.1,77.6,6.27,2.44,3.9
AG0498,V2,51.5,83.7,50.2,1028.9,31.4,57.5,5.15,1.97,4.3
AG0499,V5,124.3,57.6,96.1,1725.3,30.7,72.2,6.28,1.67,6.84
AG0500,V3,122.1,44.8,66.8,1735.9,28.9,70.6,5.55,2.4,6.53
AG0501,V1,126.0,48.4,95.8,1034.6,33.9,72.1,5.89,0.87,4.62
AG0502,V4,71.2,19.7,60.2,1367.6,26.3,66.2,6.93,0.82,5.45
AG0503,V5,145.7,87.7,105.8,1093.8,37.6,82.4,6.53,3.1,4.24
AG0504,V5,107.2,38.3,78.6,1479.5,26.2,88.6,6.6,0.93,6.27
AG0505,V2,46.4,29.2,30.4,541.1,27.9,85.7,4.96,2.22,3.28
AG0506,V3,48.7,36.5,99.7,687.4,25.6,80.1,7.49,2.46,4.15
AG0507,V3,120.1,87.3,64.0,1298.5,28.3,76.5,5.37,1.34,6.38
AG0508,V2,52.5,22.1,32.7,802.3,29.9,56.2,7.27,3.22,4.3
AG0509,V2,95.9,80.0,33.7,1365.9,26.6,83.9,6.92,1.31,6.38
AG0510,V2,158.9,68.1,81.9,956.6,33.2,76.8,6.6,3.19,7.01
AG0511,V5,30.5,77.3,24.3,1652.6,27.8,65.8,5.6,2.86,6.11
AG0512,V4,32.2,88.2,45.8,1565.0,27.9,68.1,6.31,1.45,5.52
AG0513,V5,159.1,78.2,32.6,1140.7,23.8,92.4,5.87,1.21,6.98
AG0514,V5,106.0,85.8,59.7,1504.8,28.5,80.0,6.22,1.65,7.18
AG0515,V5,46.5,24.5,57.3,852.5,26.5,74.0,6.03,1.87,4.2
AG0516,V1,146.6,74.7,67.0,1142.5,24.9,79.8,4.77,1.46,6.75
AG0517,V5,144.4,55.9,45.2,756.7,24.3,71.5,6.99,3.5,6.61
AG0518,V1,99.7,55.8,22.9,1619.2,36.4,73.8,6.14,1.42,2.78
AG0519,V3,110.8,82.4,75.3,1570.0,26.1,66.6,5.86,3.04,7.62
AG0520,V3,65.5,87.9,53.6,1672.8,21.9,72.6,5.81,1.23,5.26
AG0521,V2,36.6,67.9,78.6,1640.7,24.6,82.4,6.45,3.45,6.28
AG0522,V1,107.3,51.2,29.8,1747.5,26.8,56.6,5.57,1.41,6.48
AG0523,V1,68.3,49.2,21.2,796.8,28.9,86.8,4.62,1.94,3.88
AG0524,V5,116.3,44.0,42.3,1711.4,28.9,66.3,6.48,2.31,7.16
AG0525,V2,138.7,42.1,61.1,1242.6,29.4,82.3,6.56,1.12,6.48
AG0526,V2,32.4,44.4,55.5,1049.2,24.7,80.7,6.06,3.01,5.08
AG0527,V5,107.4,21.7,92.9,1228.5,28.2,81.1,5.4,1.54,6.01
AG0528,V1,60.1,20.8,54.0,945.4,23.9,79.3,6.26,2.28,4.15
AG0529,V5,143.6,73.5,67.7,875.1,24.8,93.4,5.17,2.28,6.32
AG0530,V5,63.0,48.5,73.4,813.7,23.8,75.3,5.48,2.43,4.05
AG0531,V3,109.4,84.8,22.0,607.2,22.8,84.3,5.67,0.95,4.84
AG0532,V1,102.0,60.9,66.4,1145.5,30.7,83.2,6.79,1.26,5.12
AG0533,V1,81.5,17.6,51.0,1654.1,29.4,64.5,5.95,1.24,5.52
AG0534,V2,118.1,26.8,57.9,1319.2,30.4,66.3,5.89,1.62,6.08
AG0535,V3,124.4,30.4,29.0,1177.3,27.1,72.0,7.57,1.19,5.61
AG0536,V1,103.7,88.2,90.5,1057.2,29.7,66.1,6.45,3.29,6.5
AG0537,V3,128.6,31.4,104.8,1103.7,20.8,69.7,6.44,2.18,5.2
AG0538,V1,157.8,53.7,22.0,772.1,30.0,70.6,5.94,2.48,6.95
AG0539,V3,84.5,85.2,74.1,1569.8,27.6,79.2,5.78,1.77,7.17
AG0540,V1,96.9,88.3,88.7,757.9,29.2,63.8,4.67,1.55,5.68
AG0541,V4,31.6,32.7,45.6,1431.6,28.3,87.2,6.88,2.16,5.29
AG0542,V1,133.5,18.7,90.9,1488.0,23.5,72.5,6.51,1.59,6.04
AG0543,V1,97.6,26.5,76.9,1247.3,21.8,83.2,6.07,1.73,5.22
AG0544,V1,83.0,19.7,103.6,1621.8,24.5,58.3,6.1,2.02,6.03
AG0545,V5,42.2,29.6,108.3,878.4,29.0,73.8,6.72,2.17,4.95
AG0546,V1,145.7,57.6,23.8,1646.1,29.4,56.1,5.11,3.46,7.21
AG0547,V3,81.4,83.4,60.0,1448.2,22.2,82.0,5.79,1.4,5.28
AG0548,V3,118.7,55.3,69.2,1538.4,23.6,68.7,5.4,2.12,6.42
AG0549,V3,49.4,61.9,33.2,1364.0,24.5,93.0,7.44,1.2,4.62
AG0550,V4,155.0,30.1,50.3,1600.2,25.7,68.0,6.81,1.74,7.64
AG0551,V5,53.2,75.0,108.9,1791.0,22.2,77.6,4.66,2.74,5.38
AG0552,V2,55.9,61.3,21.5,1046.2,22.0,65.3,5.14,1.27,3.39
AG0553,V5,141.7,79.8,60.7,1558.1,24.1,79.8,6.11,2.37,8.19
AG0554,V2,148.6,86.2,95.8,1468.0,27.3,73.7,5.87,1.93,9.0
AG0555,V5,57.6,41.1,49.2,1088.7,22.9,69.8,5.27,0.94,4.14
AG0556,V3,91.1,21.8,63.2,1705.0,26.6,63.1,7.56,3.32,5.82
AG0557,V4,125.4,31.9,108.0,1012.8,30.7,59.5,6.42,1.92,6.02
AG0558,V5,144.2,47.8,62.7,1235.1,22.4,59.8,6.53,2.92,6.84
AG0559,V4,79.3,85.9,31.8,637.7,26.3,95.0,5.72,1.92,6.06
AG0560,V5,97.2,43.4,24.7,793.5,30.6,71.5,6.71,3.33,4.98
AG0561,V3,126.4,72.8,105.1,1592.9,25.5,55.1,5.93,1.58,7.25
AG0562,V1,125.0,55.5,43.9,1015.5,25.0,93.1,6.0,1.91,6.28
AG0563,V3,131.8,28.7,65.4,1012.3,31.1,55.8,6.63,2.85,6.17
AG0564,V1,104.1,39.1,28.2,819.8,25.9,71.7,5.06,1.73,4.9
AG0565,V5,43.6,64.0,58.1,1139.1,30.9,83.7,7.32,1.78,3.94
AG0566,V2,147.5,65.5,103.7,1547.6,28.5,91.6,6.33,3.49,8.73
AG0567,V2,142.5,47.6,65.2,1663.7,25.8,83.5,7.1,2.3,7.98
AG0568,V2,133.8,32.1,107.4,591.1,28.7,73.5,5.45,2.66,6.24
AG0569,V4,43.0,69.1,43.3,1247.3,28.1,94.0,5.55,2.54,5.82
AG0570,V3,56.6,27.7,65.4,1107.5,30.6,56.6,5.39,3.04,4.49
AG0571,V5,126.7,85.3,97.4,1298.6,25.1,94.5,6.38,3.13,7.46
AG0572,V3,33.0,29.1,60.3,1081.5,27.1,89.0,6.25,2.32,4.92
AG0573,V2,157.3,23.0,45.2,1018.2,26.8,92.2,5.87,1.6,6.7
AG0574,V1,79.0,52.3,97.0,1113.4,29.5,65.2,5.49,0.86,5.38
AG0575,V1,123.5,54.0,55.1,1256.6,23.4,60.7,5.31,2.46,6.73
AG0576,V2,145.4,53.1,67.8,1151.3,30.6,81.5,6.17,3.03,6.74
AG0577,V5,81.3,47.8,107.9,1113.8,28.6,75.6,5.87,2.02,5.75
AG0578,V3,71.5,89.6,36.8,1563.2,22.4,75.9,5.72,1.24,5.28
AG0579,V5,109.1,51.5,47.1,1469.3,31.2,92.0,7.28,1.58,5.49
AG0580,V1,105.5,50.8,22.8,943.8,34.8,79.8,6.14,2.18,3.97
AG0581,V1,83.2,46.6,55.3,1540.8,30.5,67.4,7.09,3.06,5.98
AG0582,V5,108.2,20.0,38.0,1609.7,32.0,71.0,5.83,1.26,4.87
AG0583,V1,151.6,59.5,81.2,699.5,27.3,60.3,6.37,2.45,6.95
AG0584,V1,90.8,32.1,36.3,1257.5,21.2,62.7,6.16,2.83,4.91
AG0585,V3,55.6,62.8,80.7,870.9,20.5,60.7,5.01,3.33,4.1
AG0586,V5,79.0,18.8,43.7,1460.9,27.9,87.4,7.2,1.12,5.34
AG0587,V4,81.2,88.6,52.0,810.4,24.9,83.2,6.11,3.3,6.57
AG0588,V1,47.0,50.2,51.4,1372.8,23.8,76.2,6.72,2.42,5.27
AG0589,V5,51.2,82.3,84.5,831.7,26.8,70.0,5.67,2.87,5.61
AG0590,V5,119.0,50.7,62.0,1164.5,29.2,81.7,6.08,0.95,5.78
AG0591,V5,74.1,19.5,52.5,1733.2,21.9,87.5,5.59,2.17,5.16
AG0592,V5,154.1,76.7,96.7,995.7,25.4,90.2,7.07,2.48,7.36
AG0593,V2,61.7,63.6,71.5,1638.5,32.3,76.9,6.42,1.63,5.9
AG0594,V5,42.9,73.6,39.2,1783.0,23.2,87.8,6.46,1.97,6.04
AG0595,V2,128.0,47.1,101.0,1637.3,30.0,75.5,7.15,2.3,7.43
AG0596,V5,144.5,62.8,50.8,715.6,25.3,74.0,7.01,2.29,6.59
AG0597,V3,66.2,79.2,23.5,1565.6,28.9,89.6,6.74,0.91,5.43
AG0598,V4,56.3,62.3,64.5,541.8,30.8,70.5,5.2,1.99,3.87
AG0599,V4,54.1,41.1,31.2,1011.3,29.6,70.8,5.71,1.38,4.56
AG0600,V4,97.9,64.7,41.5,1632.0,30.2,67.2,5.5,3.28,7.03
