Trial_Site,Variety,Replicate,Grain_Yield_t_ha_SIM,Days_to_Maturity_SIM,Plant_Height_cm_SIM,Panicle_Length_cm_SIM,Thousand_Grain_Weight_g_SIM,Soil_pH_SIM,Data_Status
Gazipur,BRRI dhan28,1,4.81,151.6,106.0,25.9,96.9,5.94,SIMULATED_EXPERIMENTAL_TRAINING_DATA
Gazipur,BRRI dhan28,2,4.65,146.9,76.3,23.0,104.1,5.47,SIMULATED_EXPERIMENTAL_TRAINING_DATA
Gazipur,BRRI dhan28,3,4.73,150.3,89.0,19.9,116.7,5.94,SIMULATED_EXPERIMENTAL_TRAINING_DATA
Gazipur,BRRI dhan28,4,4.72,141.2,98.0,22.2,109.6,6.83,SIMULATED_EXPERIMENTAL_TRAINING_DATA
Gazipur,BRRI dhan28,5,4.56,137.3,96.0,26.7,117.8,6.36,SIMULATED_EXPERIMENTAL_TRAINING_DATA
Gazipur,BRRI dhan28,6,4.09,142.6,104.4,24.8,104.5,5.49,SIMULATED_EXPERIMENTAL_TRAINING_DATA
Gazipur,BRRI dhan28,7,5.49,136.9,98.4,20.5,101.3,6.65,SIMULATED_EXPERIMENTAL_TRAINING_DATA
Gazipur,BRRI dhan28,8,5.08,144.5,110.1,24.3,94.6,6.08,SIMULATED_EXPERIMENTAL_TRAINING_DATA
Gazipur,BRRI dhan28,9,4.64,139.3,83.5,21.1,101.4,6.43,SIMULATED_EXPERIMENTAL_TRAINING_DATA
Gazipur,BRRI dhan28,10,4.43,135.8,99.9,20.2,123.0,6.25,SIMULATED_EXPERIMENTAL_TRAINING_DATA
Gazipur,BRRI dhan28,11,5.5,147.3,88.3,17.0,108.3,6.59,SIMULATED_EXPERIMENTAL_TRAINING_DATA
Gazipur,BRRI dhan28,12,4.77,150.2,96.1,22.1,85.0,5.91,SIMULATED_EXPERIMENTAL_TRAINING_DATA
Gazipur,BRRI dhan28,13,5.55,150.3,105.7,26.3,121.5,5.87,SIMULATED_EXPERIMENTAL_TRAINING_DATA
Gazipur,BRRI dhan28,14,5.27,152.9,105.8,22.2,75.2,6.65,SIMULATED_EXPERIMENTAL_TRAINING_DATA
Gazipur,BRRI dhan28,15,4.43,157.3,111.8,23.8,97.6,5.97,SIMULATED_EXPERIMENTAL_TRAINING_DATA
Gazipur,BRRI dhan28,16,3.18,140.1,97.3,16.5,102.6,6.4,SIMULATED_EXPERIMENTAL_TRAINING_DATA
Gazipur,BRRI dhan28,17,4.88,150.3,91.9,23.7,76.6,6.3,SIMULATED_EXPERIMENTAL_TRAINING_DATA
Gazipur,BRRI dhan28,18,5.37,148.5,96.7,22.8,114.8,6.1,SIMULATED_EXPERIMENTAL_TRAINING_DATA
Gazipur,BRRI dhan28,19,4.64,155.3,90.0,19.4,101.0,6.95,SIMULATED_EXPERIMENTAL_TRAINING_DATA
Gazipur,BRRI dhan28,20,5.83,159.5,92.7,22.5,95.2,7.19,SIMULATED_EXPERIMENTAL_TRAINING_DATA
Gazipur,BRRI dhan29,1,5.73,151.1,90.6,19.8,108.0,6.82,SIMULATED_EXPERIMENTAL_TRAINING_DATA
Gazipur,BRRI dhan29,2,7.01,156.3,94.7,23.2,109.5,6.66,SIMULATED_EXPERIMENTAL_TRAINING_DATA
Gazipur,BRRI dhan29,3,5.69,154.1,112.3,26.1,89.2,6.38,SIMULATED_EXPERIMENTAL_TRAINING_DATA
Gazipur,BRRI dhan29,4,5.18,163.3,99.1,25.9,101.5,5.92,SIMULATED_EXPERIMENTAL_TRAINING_DATA
Gazipur,BRRI dhan29,5,5.59,144.4,95.4,25.1,92.3,5.94,SIMULATED_EXPERIMENTAL_TRAINING_DATA
Gazipur,BRRI dhan29,6,4.98,163.6,100.2,25.4,103.8,6.38,SIMULATED_EXPERIMENTAL_TRAINING_DATA
Gazipur,BRRI dhan29,7,5.57,168.3,91.1,19.9,100.1,6.41,SIMULATED_EXPERIMENTAL_TRAINING_DATA
Gazipur,BRRI dhan29,8,6.86,147.7,92.8,26.7,106.4,6.09,SIMULATED_EXPERIMENTAL_TRAINING_DATA
Gazipur,BRRI dhan29,9,6.34,153.7,106.2,25.7,99.9,6.54,SIMULATED_EXPERIMENTAL_TRAINING_DATA
Gazipur,BRRI dhan29,10,6.54,145.4,90.8,24.4,85.4,5.59,SIMULATED_EXPERIMENTAL_TRAINING_DATA
Gazipur,BRRI dhan29,11,7.17,150.1,95.1,20.7,81.7,6.89,SIMULATED_EXPERIMENTAL_TRAINING_DATA
Gazipur,BRRI dhan29,12,5.45,154.7,116.3,22.2,88.7,5.69,SIMULATED_EXPERIMENTAL_TRAINING_DATA
Gazipur,BRRI dhan29,13,6.17,157.8,95.7,24.8,81.9,5.19,SIMULATED_EXPERIMENTAL_TRAINING_DATA
Gazipur,BRRI dhan29,14,7.55,152.5,95.6,15.3,103.3,6.28,SIMULATED_EXPERIMENTAL_TRAINING_DATA
Gazipur,BRRI dhan29,15,6.6,148.4,102.8,22.0,84.0,6.34,SIMULATED_EXPERIMENTAL_TRAINING_DATA
Gazipur,BRRI dhan29,16,4.58,157.5,109.0,21.4,73.9,6.26,SIMULATED_EXPERIMENTAL_TRAINING_DATA
Gazipur,BRRI dhan29,17,6.04,172.1,98.9,26.7,131.5,6.32,SIMULATED_EXPERIMENTAL_TRAINING_DATA
Gazipur,BRRI dhan29,18,6.65,155.6,102.8,22.8,99.9,6.07,SIMULATED_EXPERIMENTAL_TRAINING_DATA
Gazipur,BRRI dhan29,19,6.0,153.8,114.3,23.4,121.0,6.21,SIMULATED_EXPERIMENTAL_TRAINING_DATA
Gazipur,BRRI dhan29,20,6.58,155.0,109.7,16.6,108.7,5.54,SIMULATED_EXPERIMENTAL_TRAINING_DATA
Gazipur,BRRI dhan49,1,5.44,145.5,108.6,23.9,84.8,5.74,SIMULATED_EXPERIMENTAL_TRAINING_DATA
Gazipur,BRRI dhan49,2,5.52,156.2,119.5,23.8,90.7,5.81,SIMULATED_EXPERIMENTAL_TRAINING_DATA
Gazipur,BRRI dhan49,3,5.62,139.8,108.3,14.4,92.4,7.09,SIMULATED_EXPERIMENTAL_TRAINING_DATA
Gazipur,BRRI dhan49,4,6.09,144.0,116.7,23.0,128.2,6.17,SIMULATED_EXPERIMENTAL_TRAINING_DATA
Gazipur,BRRI dhan49,5,4.3,153.8,93.7,18.4,96.3,6.2,SIMULATED_EXPERIMENTAL_TRAINING_DATA
Gazipur,BRRI dhan49,6,5.76,140.2,106.7,22.4,93.5,6.36,SIMULATED_EXPERIMENTAL_TRAINING_DATA
Gazipur,BRRI dhan49,7,5.79,152.0,95.5,20.0,98.1,6.15,SIMULATED_EXPERIMENTAL_TRAINING_DATA
Gazipur,BRRI dhan49,8,6.39,136.9,119.5,24.8,102.1,6.58,SIMULATED_EXPERIMENTAL_TRAINING_DATA
Gazipur,BRRI dhan49,9,5.85,152.4,124.4,19.3,108.3,5.93,SIMULATED_EXPERIMENTAL_TRAINING_DATA
Gazipur,BRRI dhan49,10,4.7,160.5,97.9,19.8,105.6,5.89,SIMULATED_EXPERIMENTAL_TRAINING_DATA
Gazipur,BRRI dhan49,11,5.68,151.0,96.8,26.3,120.4,5.94,SIMULATED_EXPERIMENTAL_TRAINING_DATA
Gazipur,BRRI dhan49,12,5.62,143.4,100.7,23.5,106.0,5.84,SIMULATED_EXPERIMENTAL_TRAINING_DATA
Gazipur,BRRI dhan49,13,4.97,137.2,97.0,21.1,104.8,6.23,SIMULATED_EXPERIMENTAL_TRAINING_DATA
Gazipur,BRRI dhan49,14,6.63,142.8,121.5,16.2,88.4,5.54,SIMULATED_EXPERIMENTAL_TRAINING_DATA
Gazipur,BRRI dhan49,15,5.25,143.6,97.9,21.9,104.1,5.67,SIMULATED_EXPERIMENTAL_TRAINING_DATA
Gazipur,BRRI dhan49,16,4.47,145.7,110.3,22.0,92.5,5.8,SIMULATED_EXPERIMENTAL_TRAINING_DATA
Gazipur,BRRI dhan49,17,5.5,149.0,101.2,21.6,115.7,6.22,SIMULATED_EXPERIMENTAL_TRAINING_DATA
Gazipur,BRRI dhan49,18,5.62,155.4,114.4,21.0,116.4,6.17,SIMULATED_EXPERIMENTAL_TRAINING_DATA
Gazipur,BRRI dhan49,19,4.58,150.7,100.4,19.4,120.1,6.0,SIMULATED_EXPERIMENTAL_TRAINING_DATA
Gazipur,BRRI dhan49,20,5.7,139.4,119.4,24.3,106.5,6.07,SIMULATED_EXPERIMENTAL_TRAINING_DATA
Gazipur,BRRI dhan rice 87,1,5.51,143.4,107.3,25.2,121.1,6.28,SIMULATED_EXPERIMENTAL_TRAINING_DATA
Gazipur,BRRI dhan rice 87,2,5.96,134.1,89.0,19.1,104.1,5.9,SIMULATED_EXPERIMENTAL_TRAINING_DATA
Gazipur,BRRI dhan rice 87,3,6.09,132.2,110.4,25.2,94.0,5.95,SIMULATED_EXPERIMENTAL_TRAINING_DATA
Gazipur,BRRI dhan rice 87,4,6.81,130.1,94.0,25.1,115.2,6.07,SIMULATED_EXPERIMENTAL_TRAINING_DATA
Gazipur,BRRI dhan rice 87,5,5.98,129.3,104.6,24.4,93.3,6.39,SIMULATED_EXPERIMENTAL_TRAINING_DATA
Gazipur,BRRI dhan rice 87,6,5.9,143.3,88.3,23.4,78.7,6.3,SIMULATED_EXPERIMENTAL_TRAINING_DATA
Gazipur,BRRI dhan rice 87,7,5.18,124.4,90.2,24.9,96.5,6.73,SIMULATED_EXPERIMENTAL_TRAINING_DATA
Gazipur,BRRI dhan rice 87,8,7.02,139.0,102.8,19.2,82.6,7.44,SIMULATED_EXPERIMENTAL_TRAINING_DATA
Gazipur,BRRI dhan rice 87,9,5.67,137.7,83.9,18.0,99.5,6.13,SIMULATED_EXPERIMENTAL_TRAINING_DATA
Gazipur,BRRI dhan rice 87,10,5.18,133.3,115.2,21.5,75.6,6.28,SIMULATED_EXPERIMENTAL_TRAINING_DATA
Gazipur,BRRI dhan rice 87,11,6.22,132.3,90.4,25.4,98.2,6.74,SIMULATED_EXPERIMENTAL_TRAINING_DATA
Gazipur,BRRI dhan rice 87,12,6.42,120.8,96.7,22.7,125.1,6.16,SIMULATED_EXPERIMENTAL_TRAINING_DATA
Gazipur,BRRI dhan rice 87,13,5.86,128.2,90.7,21.1,94.8,6.38,SIMULATED_EXPERIMENTAL_TRAINING_DATA
Gazipur,BRRI dhan rice 87,14,6.06,136.0,88.6,19.3,108.0,6.42,SIMULATED_EXPERIMENTAL_TRAINING_DATA
Gazipur,BRRI dhan rice 87,15,5.71,148.4,83.9,20.6,87.0,6.19,SIMULATED_EXPERIMENTAL_TRAINING_DATA
Gazipur,BRRI dhan rice 87,16,5.95,142.4,102.4,20.2,86.8,6.67,SIMULATED_EXPERIMENTAL_TRAINING_DATA
Gazipur,BRRI dhan rice 87,17,5.9,124.3,107.1,19.7,106.3,5.61,SIMULATED_EXPERIMENTAL_TRAINING_DATA
Gazipur,BRRI dhan rice 87,18,5.29,136.7,73.4,18.1,84.3,5.33,SIMULATED_EXPERIMENTAL_TRAINING_DATA
Gazipur,BRRI dhan rice 87,19,5.89,127.0,81.8,25.7,85.8,6.33,SIMULATED_EXPERIMENTAL_TRAINING_DATA
Gazipur,BRRI dhan rice 87,20,5.05,138.0,94.1,22.3,92.3,6.26,SIMULATED_EXPERIMENTAL_TRAINING_DATA
Gazipur,Hybrid H1,1,8.41,135.4,103.8,24.6,95.9,6.33,SIMULATED_EXPERIMENTAL_TRAINING_DATA
Gazipur,Hybrid H1,2,6.99,123.2,129.2,22.0,100.9,6.19,SIMULATED_EXPERIMENTAL_TRAINING_DATA
Gazipur,Hybrid H1,3,5.98,136.1,94.9,24.9,78.7,6.22,SIMULATED_EXPERIMENTAL_TRAINING_DATA
Gazipur,Hybrid H1,4,7.19,126.4,115.1,30.6,109.7,5.32,SIMULATED_EXPERIMENTAL_TRAINING_DATA
Gazipur,Hybrid H1,5,6.99,136.5,103.9,20.3,99.3,6.17,SIMULATED_EXPERIMENTAL_TRAINING_DATA
Gazipur,Hybrid H1,6,6.8,139.5,111.0,24.3,118.1,5.96,SIMULATED_EXPERIMENTAL_TRAINING_DATA
Gazipur,Hybrid H1,7,6.9,129.2,102.4,21.1,113.1,5.96,SIMULATED_EXPERIMENTAL_TRAINING_DATA
Gazipur,Hybrid H1,8,7.8,116.9,124.7,21.9,98.0,6.0,SIMULATED_EXPERIMENTAL_TRAINING_DATA
Gazipur,Hybrid H1,9,7.22,129.8,103.6,26.7,87.9,6.11,SIMULATED_EXPERIMENTAL_TRAINING_DATA
Gazipur,Hybrid H1,10,7.31,126.7,109.6,22.0,89.7,6.08,SIMULATED_EXPERIMENTAL_TRAINING_DATA
Gazipur,Hybrid H1,11,5.84,119.0,101.7,22.8,79.3,6.09,SIMULATED_EXPERIMENTAL_TRAINING_DATA
Gazipur,Hybrid H1,12,6.94,129.2,125.9,22.5,107.9,6.14,SIMULATED_EXPERIMENTAL_TRAINING_DATA
Gazipur,Hybrid H1,13,8.03,122.0,127.8,17.9,109.7,6.27,SIMULATED_EXPERIMENTAL_TRAINING_DATA
Gazipur,Hybrid H1,14,6.77,140.9,106.3,20.8,94.2,5.93,SIMULATED_EXPERIMENTAL_TRAINING_DATA
Gazipur,Hybrid H1,15,6.33,120.9,125.5,24.0,94.9,5.91,SIMULATED_EXPERIMENTAL_TRAINING_DATA
Gazipur,Hybrid H1,16,6.55,124.9,125.8,21.1,108.1,6.68,SIMULATED_EXPERIMENTAL_TRAINING_DATA
Gazipur,Hybrid H1,17,7.77,130.8,117.8,21.8,89.8,5.86,SIMULATED_EXPERIMENTAL_TRAINING_DATA
Gazipur,Hybrid H1,18,6.54,133.4,95.9,22.9,100.3,6.37,SIMULATED_EXPERIMENTAL_TRAINING_DATA
Gazipur,Hybrid H1,19,7.62,131.7,96.4,25.2,106.6,6.17,SIMULATED_EXPERIMENTAL_TRAINING_DATA
Gazipur,Hybrid H1,20,6.72,127.2,109.7,27.8,107.3,5.91,SIMULATED_EXPERIMENTAL_TRAINING_DATA
Gazipur,Local variety,1,4.43,153.2,107.3,23.6,78.7,6.61,SIMULATED_EXPERIMENTAL_TRAINING_DATA
Gazipur,Local variety,2,4.41,160.9,131.9,21.1,88.5,6.25,SIMULATED_EXPERIMENTAL_TRAINING_DATA
Gazipur,Local variety,3,2.53,170.0,119.9,21.4,110.8,6.35,SIMULATED_EXPERIMENTAL_TRAINING_DATA
Gazipur,Local variety,4,3.77,152.4,114.3,25.6,98.1,5.96,SIMULATED_EXPERIMENTAL_TRAINING_DATA
Gazipur,Local variety,5,3.31,164.4,116.6,19.8,91.5,5.86,SIMULATED_EXPERIMENTAL_TRAINING_DATA
Gazipur,Local variety,6,4.48,152.1,117.5,22.1,93.8,5.99,SIMULATED_EXPERIMENTAL_TRAINING_DATA
Gazipur,Local variety,7,4.65,153.4,128.2,24.8,111.7,6.06,SIMULATED_EXPERIMENTAL_TRAINING_DATA
Gazipur,Local variety,8,4.5,152.5,106.8,23.9,111.9,6.19,SIMULATED_EXPERIMENTAL_TRAINING_DATA
Gazipur,Local variety,9,4.11,158.6,130.6,22.4,115.4,6.36,SIMULATED_EXPERIMENTAL_TRAINING_DATA
Gazipur,Local variety,10,3.68,170.0,122.7,22.2,79.2,6.33,SIMULATED_EXPERIMENTAL_TRAINING_DATA
Gazipur,Local variety,11,3.28,164.2,119.2,22.6,92.5,5.79,SIMULATED_EXPERIMENTAL_TRAINING_DATA
Gazipur,Local variety,12,4.48,163.6,119.2,22.0,90.7,6.78,SIMULATED_EXPERIMENTAL_TRAINING_DATA
Gazipur,Local variety,13,4.36,156.3,132.7,22.9,75.2,5.56,SIMULATED_EXPERIMENTAL_TRAINING_DATA
Gazipur,Local variety,14,4.46,153.2,120.3,22.1,98.5,6.85,SIMULATED_EXPERIMENTAL_TRAINING_DATA
Gazipur,Local variety,15,3.35,160.9,109.2,22.8,92.2,6.56,SIMULATED_EXPERIMENTAL_TRAINING_DATA
Gazipur,Local variety,16,2.87,162.6,102.5,21.9,108.3,6.12,SIMULATED_EXPERIMENTAL_TRAINING_DATA
Gazipur,Local variety,17,3.51,155.1,107.8,20.7,83.5,6.53,SIMULATED_EXPERIMENTAL_TRAINING_DATA
Gazipur,Local variety,18,3.9,162.2,104.7,22.0,110.9,5.7,SIMULATED_EXPERIMENTAL_TRAINING_DATA
Gazipur,Local variety,19,4.09,152.4,98.8,22.3,100.9,6.1,SIMULATED_EXPERIMENTAL_TRAINING_DATA
Gazipur,Local variety,20,3.35,161.5,117.3,20.9,95.4,6.17,SIMULATED_EXPERIMENTAL_TRAINING_DATA
Rajshahi,BRRI dhan28,1,3.89,145.7,110.3,24.1,80.1,5.79,SIMULATED_EXPERIMENTAL_TRAINING_DATA
Rajshahi,BRRI dhan28,2,5.19,136.8,78.2,21.8,111.7,5.53,SIMULATED_EXPERIMENTAL_TRAINING_DATA
Rajshahi,BRRI dhan28,3,5.34,140.7,96.5,27.4,110.8,5.47,SIMULATED_EXPERIMENTAL_TRAINING_DATA
Rajshahi,BRRI dhan28,4,5.33,154.1,102.7,17.0,109.2,6.16,SIMULATED_EXPERIMENTAL_TRAINING_DATA
Rajshahi,BRRI dhan28,5,5.34,144.7,102.6,20.0,103.4,5.59,SIMULATED_EXPERIMENTAL_TRAINING_DATA
Rajshahi,BRRI dhan28,6,5.59,152.5,98.2,24.5,81.0,6.64,SIMULATED_EXPERIMENTAL_TRAINING_DATA
Rajshahi,BRRI dhan28,7,5.19,142.9,107.8,22.9,92.1,6.13,SIMULATED_EXPERIMENTAL_TRAINING_DATA
Rajshahi,BRRI dhan28,8,4.61,145.1,82.2,21.7,97.8,6.07,SIMULATED_EXPERIMENTAL_TRAINING_DATA
Rajshahi,BRRI dhan28,9,5.07,142.8,92.7,23.3,100.6,6.01,SIMULATED_EXPERIMENTAL_TRAINING_DATA
Rajshahi,BRRI dhan28,10,5.4,141.2,100.6,25.9,98.5,6.2,SIMULATED_EXPERIMENTAL_TRAINING_DATA
Rajshahi,BRRI dhan28,11,4.71,145.7,116.8,21.7,109.0,6.32,SIMULATED_EXPERIMENTAL_TRAINING_DATA
Rajshahi,BRRI dhan28,12,5.42,152.5,92.4,23.0,99.1,6.28,SIMULATED_EXPERIMENTAL_TRAINING_DATA
Rajshahi,BRRI dhan28,13,4.95,154.3,95.1,23.0,89.9,5.99,SIMULATED_EXPERIMENTAL_TRAINING_DATA
Rajshahi,BRRI dhan28,14,5.29,139.4,106.7,22.2,115.2,6.49,SIMULATED_EXPERIMENTAL_TRAINING_DATA
Rajshahi,BRRI dhan28,15,5.16,142.5,86.4,19.7,85.5,6.2,SIMULATED_EXPERIMENTAL_TRAINING_DATA
Rajshahi,BRRI dhan28,16,4.66,147.1,94.8,19.9,110.1,5.56,SIMULATED_EXPERIMENTAL_TRAINING_DATA
Rajshahi,BRRI dhan28,17,4.12,144.1,98.2,23.0,91.1,6.13,SIMULATED_EXPERIMENTAL_TRAINING_DATA
Rajshahi,BRRI dhan28,18,3.75,148.0,92.3,21.5,120.1,5.95,SIMULATED_EXPERIMENTAL_TRAINING_DATA
Rajshahi,BRRI dhan28,19,5.04,148.3,93.1,22.2,87.1,6.5,SIMULATED_EXPERIMENTAL_TRAINING_DATA
Rajshahi,BRRI dhan28,20,5.37,158.5,103.7,24.9,100.2,6.4,SIMULATED_EXPERIMENTAL_TRAINING_DATA
Rajshahi,BRRI dhan29,1,5.92,141.3,82.3,21.2,96.4,6.29,SIMULATED_EXPERIMENTAL_TRAINING_DATA
Rajshahi,BRRI dhan29,2,6.17,149.2,102.6,22.4,95.2,6.21,SIMULATED_EXPERIMENTAL_TRAINING_DATA
Rajshahi,BRRI dhan29,3,5.91,142.5,117.7,19.9,100.6,6.26,SIMULATED_EXPERIMENTAL_TRAINING_DATA
Rajshahi,BRRI dhan29,4,6.14,162.4,112.0,23.0,97.8,6.06,SIMULATED_EXPERIMENTAL_TRAINING_DATA
Rajshahi,BRRI dhan29,5,6.99,155.0,105.9,19.8,96.5,6.42,SIMULATED_EXPERIMENTAL_TRAINING_DATA
Rajshahi,BRRI dhan29,6,6.53,159.0,104.5,22.0,95.0,6.25,SIMULATED_EXPERIMENTAL_TRAINING_DATA
Rajshahi,BRRI dhan29,7,5.99,157.1,109.0,21.8,128.2,6.2,SIMULATED_EXPERIMENTAL_TRAINING_DATA
Rajshahi,BRRI dhan29,8,6.24,158.0,101.5,20.3,110.2,5.99,SIMULATED_EXPERIMENTAL_TRAINING_DATA
Rajshahi,BRRI dhan29,9,5.38,151.1,118.3,23.2,88.0,5.92,SIMULATED_EXPERIMENTAL_TRAINING_DATA
Rajshahi,BRRI dhan29,10,6.05,148.9,101.3,21.7,107.7,6.32,SIMULATED_EXPERIMENTAL_TRAINING_DATA
Rajshahi,BRRI dhan29,11,5.35,160.2,106.2,19.8,90.8,5.97,SIMULATED_EXPERIMENTAL_TRAINING_DATA
Rajshahi,BRRI dhan29,12,5.6,165.9,110.6,22.7,94.0,6.23,SIMULATED_EXPERIMENTAL_TRAINING_DATA
Rajshahi,BRRI dhan29,13,6.19,158.2,92.9,15.5,98.1,6.78,SIMULATED_EXPERIMENTAL_TRAINING_DATA
Rajshahi,BRRI dhan29,14,6.31,145.4,98.6,22.1,114.4,6.3,SIMULATED_EXPERIMENTAL_TRAINING_DATA
Rajshahi,BRRI dhan29,15,6.3,147.5,105.1,26.8,92.5,6.18,SIMULATED_EXPERIMENTAL_TRAINING_DATA
Rajshahi,BRRI dhan29,16,7.29,153.0,112.0,18.6,112.2,5.65,SIMULATED_EXPERIMENTAL_TRAINING_DATA
Rajshahi,BRRI dhan29,17,6.62,154.3,97.8,20.5,83.6,6.69,SIMULATED_EXPERIMENTAL_TRAINING_DATA
Rajshahi,BRRI dhan29,18,7.14,156.7,107.2,27.0,75.0,6.67,SIMULATED_EXPERIMENTAL_TRAINING_DATA
Rajshahi,BRRI dhan29,19,7.37,143.5,108.7,17.2,90.1,5.74,SIMULATED_EXPERIMENTAL_TRAINING_DATA
Rajshahi,BRRI dhan29,20,7.37,145.7,100.5,18.2,116.9,6.39,SIMULATED_EXPERIMENTAL_TRAINING_DATA
Rajshahi,BRRI dhan49,1,4.54,145.0,108.5,22.7,110.4,6.24,SIMULATED_EXPERIMENTAL_TRAINING_DATA
Rajshahi,BRRI dhan49,2,4.7,138.9,89.8,21.8,107.9,6.28,SIMULATED_EXPERIMENTAL_TRAINING_DATA
Rajshahi,BRRI dhan49,3,5.56,151.1,86.4,26.3,90.4,6.57,SIMULATED_EXPERIMENTAL_TRAINING_DATA
Rajshahi,BRRI dhan49,4,3.89,163.9,99.8,24.4,124.7,6.26,SIMULATED_EXPERIMENTAL_TRAINING_DATA
Rajshahi,BRRI dhan49,5,6.52,146.5,102.3,17.5,90.3,6.63,SIMULATED_EXPERIMENTAL_TRAINING_DATA
Rajshahi,BRRI dhan49,6,4.43,148.5,106.8,22.8,84.7,6.34,SIMULATED_EXPERIMENTAL_TRAINING_DATA
Rajshahi,BRRI dhan49,7,5.39,147.4,106.4,21.5,86.6,6.08,SIMULATED_EXPERIMENTAL_TRAINING_DATA
Rajshahi,BRRI dhan49,8,5.36,147.2,109.4,22.0,93.1,6.46,SIMULATED_EXPERIMENTAL_TRAINING_DATA
Rajshahi,BRRI dhan49,9,5.16,140.4,93.2,21.7,93.5,6.87,SIMULATED_EXPERIMENTAL_TRAINING_DATA
Rajshahi,BRRI dhan49,10,5.47,143.0,97.0,23.3,94.5,6.16,SIMULATED_EXPERIMENTAL_TRAINING_DATA
Rajshahi,BRRI dhan49,11,5.7,142.0,106.8,19.2,104.6,5.89,SIMULATED_EXPERIMENTAL_TRAINING_DATA
Rajshahi,BRRI dhan49,12,5.58,141.3,109.1,19.3,107.0,6.11,SIMULATED_EXPERIMENTAL_TRAINING_DATA
Rajshahi,BRRI dhan49,13,5.17,151.0,102.1,22.1,119.6,5.98,SIMULATED_EXPERIMENTAL_TRAINING_DATA
Rajshahi,BRRI dhan49,14,4.92,143.1,91.4,29.7,99.7,5.68,SIMULATED_EXPERIMENTAL_TRAINING_DATA
Rajshahi,BRRI dhan49,15,4.97,148.6,122.9,17.0,104.6,6.16,SIMULATED_EXPERIMENTAL_TRAINING_DATA
Rajshahi,BRRI dhan49,16,6.07,143.1,100.0,18.9,117.5,6.48,SIMULATED_EXPERIMENTAL_TRAINING_DATA
Rajshahi,BRRI dhan49,17,6.31,152.4,84.8,21.5,85.7,6.56,SIMULATED_EXPERIMENTAL_TRAINING_DATA
Rajshahi,BRRI dhan49,18,5.6,142.4,88.3,23.5,95.1,5.51,SIMULATED_EXPERIMENTAL_TRAINING_DATA
Rajshahi,BRRI dhan49,19,6.66,146.4,108.1,22.4,98.3,6.31,SIMULATED_EXPERIMENTAL_TRAINING_DATA
Rajshahi,BRRI dhan49,20,5.06,143.5,94.2,23.2,80.2,6.53,SIMULATED_EXPERIMENTAL_TRAINING_DATA
Rajshahi,BRRI dhan rice 87,1,5.85,123.7,88.2,22.6,102.6,6.4,SIMULATED_EXPERIMENTAL_TRAINING_DATA
Rajshahi,BRRI dhan rice 87,2,6.23,133.4,107.1,20.3,92.3,6.15,SIMULATED_EXPERIMENTAL_TRAINING_DATA
Rajshahi,BRRI dhan rice 87,3,5.66,136.5,88.1,24.6,86.1,6.03,SIMULATED_EXPERIMENTAL_TRAINING_DATA
Rajshahi,BRRI dhan rice 87,4,7.2,126.8,83.9,21.8,105.7,6.24,SIMULATED_EXPERIMENTAL_TRAINING_DATA
Rajshahi,BRRI dhan rice 87,5,5.98,128.1,111.7,23.6,112.1,5.86,SIMULATED_EXPERIMENTAL_TRAINING_DATA
Rajshahi,BRRI dhan rice 87,6,6.08,128.7,93.9,24.0,106.3,6.99,SIMULATED_EXPERIMENTAL_TRAINING_DATA
Rajshahi,BRRI dhan rice 87,7,6.05,122.2,89.2,16.9,91.0,6.62,SIMULATED_EXPERIMENTAL_TRAINING_DATA
Rajshahi,BRRI dhan rice 87,8,5.23,129.7,80.3,25.1,78.0,6.12,SIMULATED_EXPERIMENTAL_TRAINING_DATA
Rajshahi,BRRI dhan rice 87,9,5.27,148.3,75.1,19.3,94.9,6.48,SIMULATED_EXPERIMENTAL_TRAINING_DATA
Rajshahi,BRRI dhan rice 87,10,5.74,153.5,97.2,17.6,102.7,5.83,SIMULATED_EXPERIMENTAL_TRAINING_DATA
Rajshahi,BRRI dhan rice 87,11,6.15,135.2,98.3,18.9,108.9,5.83,SIMULATED_EXPERIMENTAL_TRAINING_DATA
Rajshahi,BRRI dhan rice 87,12,4.43,134.3,101.0,21.0,116.2,6.33,SIMULATED_EXPERIMENTAL_TRAINING_DATA
Rajshahi,BRRI dhan rice 87,13,6.06,136.2,102.4,28.7,98.8,6.62,SIMULATED_EXPERIMENTAL_TRAINING_DATA
Rajshahi,BRRI dhan rice 87,14,5.4,147.8,90.8,20.8,128.3,6.73,SIMULATED_EXPERIMENTAL_TRAINING_DATA
Rajshahi,BRRI dhan rice 87,15,5.92,131.9,96.9,19.6,91.4,5.7,SIMULATED_EXPERIMENTAL_TRAINING_DATA
Rajshahi,BRRI dhan rice 87,16,5.31,124.6,100.8,21.4,100.6,6.67,SIMULATED_EXPERIMENTAL_TRAINING_DATA
Rajshahi,BRRI dhan rice 87,17,5.38,145.9,80.2,21.5,101.1,5.65,SIMULATED_EXPERIMENTAL_TRAINING_DATA
Rajshahi,BRRI dhan rice 87,18,7.2,125.0,94.5,25.3,92.2,6.14,SIMULATED_EXPERIMENTAL_TRAINING_DATA
Rajshahi,BRRI dhan rice 87,19,6.77,131.0,102.1,22.6,90.7,6.56,SIMULATED_EXPERIMENTAL_TRAINING_DATA
Rajshahi,BRRI dhan rice 87,20,6.71,133.1,77.9,15.9,106.3,6.35,SIMULATED_EXPERIMENTAL_TRAINING_DATA
Rajshahi,Hybrid H1,1,6.76,134.7,124.7,27.3,92.6,5.93,SIMULATED_EXPERIMENTAL_TRAINING_DATA
Rajshahi,Hybrid H1,2,7.31,134.4,107.9,20.3,88.5,6.59,SIMULATED_EXPERIMENTAL_TRAINING_DATA
Rajshahi,Hybrid H1,3,6.82,131.3,108.5,15.7,86.3,6.2,SIMULATED_EXPERIMENTAL_TRAINING_DATA
Rajshahi,Hybrid H1,4,8.19,121.4,108.5,27.5,95.3,6.04,SIMULATED_EXPERIMENTAL_TRAINING_DATA
Rajshahi,Hybrid H1,5,7.84,130.1,101.8,23.2,117.6,5.95,SIMULATED_EXPERIMENTAL_TRAINING_DATA
Rajshahi,Hybrid H1,6,7.27,139.2,98.0,17.9,92.1,5.87,SIMULATED_EXPERIMENTAL_TRAINING_DATA
Rajshahi,Hybrid H1,7,7.04,137.3,98.5,21.2,111.2,7.07,SIMULATED_EXPERIMENTAL_TRAINING_DATA
Rajshahi,Hybrid H1,8,6.75,127.2,110.5,19.6,76.0,4.88,SIMULATED_EXPERIMENTAL_TRAINING_DATA
Rajshahi,Hybrid H1,9,6.56,139.2,115.4,21.1,107.3,5.98,SIMULATED_EXPERIMENTAL_TRAINING_DATA
Rajshahi,Hybrid H1,10,7.34,114.2,112.1,24.2,102.7,6.27,SIMULATED_EXPERIMENTAL_TRAINING_DATA
Rajshahi,Hybrid H1,11,6.98,135.9,106.3,20.4,92.7,5.84,SIMULATED_EXPERIMENTAL_TRAINING_DATA
Rajshahi,Hybrid H1,12,7.22,134.1,110.3,20.6,105.1,5.76,SIMULATED_EXPERIMENTAL_TRAINING_DATA
Rajshahi,Hybrid H1,13,6.11,126.0,86.3,23.5,104.1,6.87,SIMULATED_EXPERIMENTAL_TRAINING_DATA
Rajshahi,Hybrid H1,14,7.17,138.5,114.9,23.2,101.2,6.08,SIMULATED_EXPERIMENTAL_TRAINING_DATA
Rajshahi,Hybrid H1,15,6.55,121.7,113.9,21.9,105.0,5.7,SIMULATED_EXPERIMENTAL_TRAINING_DATA
Rajshahi,Hybrid H1,16,6.65,129.2,103.8,19.1,107.2,5.98,SIMULATED_EXPERIMENTAL_TRAINING_DATA
Rajshahi,Hybrid H1,17,6.95,124.7,107.7,22.2,93.6,6.11,SIMULATED_EXPERIMENTAL_TRAINING_DATA
Rajshahi,Hybrid H1,18,6.01,124.4,119.8,22.7,108.6,6.28,SIMULATED_EXPERIMENTAL_TRAINING_DATA
Rajshahi,Hybrid H1,19,7.15,121.6,108.9,23.5,96.3,6.2,SIMULATED_EXPERIMENTAL_TRAINING_DATA
Rajshahi,Hybrid H1,20,5.91,125.0,118.1,25.9,105.4,5.79,SIMULATED_EXPERIMENTAL_TRAINING_DATA
Rajshahi,Local variety,1,3.6,146.3,123.4,18.5,108.0,5.69,SIMULATED_EXPERIMENTAL_TRAINING_DATA
Rajshahi,Local variety,2,3.57,161.6,112.6,21.8,98.0,5.58,SIMULATED_EXPERIMENTAL_TRAINING_DATA
Rajshahi,Local variety,3,4.03,160.3,105.4,24.2,84.3,6.03,SIMULATED_EXPERIMENTAL_TRAINING_DATA
Rajshahi,Local variety,4,3.55,146.9,106.8,20.6,93.5,6.62,SIMULATED_EXPERIMENTAL_TRAINING_DATA
Rajshahi,Local variety,5,3.28,146.1,120.2,23.9,101.2,6.2,SIMULATED_EXPERIMENTAL_TRAINING_DATA
Rajshahi,Local variety,6,4.31,171.3,126.2,20.8,101.6,6.13,SIMULATED_EXPERIMENTAL_TRAINING_DATA
Rajshahi,Local variety,7,4.68,162.0,120.9,20.0,90.4,6.73,SIMULATED_EXPERIMENTAL_TRAINING_DATA
Rajshahi,Local variety,8,3.19,157.2,125.4,18.8,105.1,5.82,SIMULATED_EXPERIMENTAL_TRAINING_DATA
Rajshahi,Local variety,9,3.55,148.5,109.4,19.1,94.0,6.34,SIMULATED_EXPERIMENTAL_TRAINING_DATA
Rajshahi,Local variety,10,4.85,154.3,143.8,18.2,106.9,6.38,SIMULATED_EXPERIMENTAL_TRAINING_DATA
Rajshahi,Local variety,11,4.24,147.0,113.7,18.9,124.1,6.23,SIMULATED_EXPERIMENTAL_TRAINING_DATA
Rajshahi,Local variety,12,3.54,152.4,100.0,22.2,110.7,5.64,SIMULATED_EXPERIMENTAL_TRAINING_DATA
Rajshahi,Local variety,13,3.66,169.0,113.7,19.3,88.2,6.06,SIMULATED_EXPERIMENTAL_TRAINING_DATA
Rajshahi,Local variety,14,3.39,163.7,118.0,15.1,113.3,6.1,SIMULATED_EXPERIMENTAL_TRAINING_DATA
Rajshahi,Local variety,15,3.27,155.2,125.5,29.0,95.5,6.18,SIMULATED_EXPERIMENTAL_TRAINING_DATA
Rajshahi,Local variety,16,3.23,162.2,92.4,26.6,93.2,6.27,SIMULATED_EXPERIMENTAL_TRAINING_DATA
Rajshahi,Local variety,17,3.76,158.2,105.5,23.4,91.6,6.5,SIMULATED_EXPERIMENTAL_TRAINING_DATA
Rajshahi,Local variety,18,3.39,167.4,127.1,18.6,95.2,6.41,SIMULATED_EXPERIMENTAL_TRAINING_DATA
Rajshahi,Local variety,19,5.07,156.2,107.2,21.7,91.7,6.23,SIMULATED_EXPERIMENTAL_TRAINING_DATA
Rajshahi,Local variety,20,3.39,169.5,119.3,19.0,94.7,5.48,SIMULATED_EXPERIMENTAL_TRAINING_DATA
Rangpur,BRRI dhan28,1,5.05,136.5,105.9,23.2,126.2,6.03,SIMULATED_EXPERIMENTAL_TRAINING_DATA
Rangpur,BRRI dhan28,2,5.32,142.9,103.7,25.0,128.6,6.53,SIMULATED_EXPERIMENTAL_TRAINING_DATA
Rangpur,BRRI dhan28,3,4.98,143.2,82.6,15.9,126.9,6.34,SIMULATED_EXPERIMENTAL_TRAINING_DATA
Rangpur,BRRI dhan28,4,5.36,145.0,99.4,17.9,94.2,5.63,SIMULATED_EXPERIMENTAL_TRAINING_DATA
Rangpur,BRRI dhan28,5,4.79,145.0,104.3,20.1,90.8,6.06,SIMULATED_EXPERIMENTAL_TRAINING_DATA
Rangpur,BRRI dhan28,6,5.43,150.6,109.3,19.7,101.4,6.19,SIMULATED_EXPERIMENTAL_TRAINING_DATA
Rangpur,BRRI dhan28,7,4.67,135.3,84.8,24.2,99.7,5.97,SIMULATED_EXPERIMENTAL_TRAINING_DATA
Rangpur,BRRI dhan28,8,5.2,146.5,92.3,22.2,122.4,6.22,SIMULATED_EXPERIMENTAL_TRAINING_DATA
Rangpur,BRRI dhan28,9,4.01,161.3,95.1,23.0,116.8,5.47,SIMULATED_EXPERIMENTAL_TRAINING_DATA
Rangpur,BRRI dhan28,10,4.96,143.0,103.5,22.6,105.4,6.15,SIMULATED_EXPERIMENTAL_TRAINING_DATA
Rangpur,BRRI dhan28,11,5.41,145.4,101.0,20.5,87.1,5.82,SIMULATED_EXPERIMENTAL_TRAINING_DATA
Rangpur,BRRI dhan28,12,3.97,151.1,103.0,21.1,119.9,6.62,SIMULATED_EXPERIMENTAL_TRAINING_DATA
Rangpur,BRRI dhan28,13,5.34,152.6,94.4,22.3,114.0,6.62,SIMULATED_EXPERIMENTAL_TRAINING_DATA
Rangpur,BRRI dhan28,14,4.65,146.8,100.3,18.7,100.6,6.45,SIMULATED_EXPERIMENTAL_TRAINING_DATA
Rangpur,BRRI dhan28,15,4.56,151.8,102.0,20.5,108.2,5.93,SIMULATED_EXPERIMENTAL_TRAINING_DATA
Rangpur,BRRI dhan28,16,5.03,144.8,112.4,22.1,118.5,6.23,SIMULATED_EXPERIMENTAL_TRAINING_DATA
Rangpur,BRRI dhan28,17,5.44,159.9,94.8,20.8,100.4,5.52,SIMULATED_EXPERIMENTAL_TRAINING_DATA
Rangpur,BRRI dhan28,18,5.97,142.7,85.4,20.9,105.3,5.59,SIMULATED_EXPERIMENTAL_TRAINING_DATA
Rangpur,BRRI dhan28,19,4.88,150.7,99.8,16.0,111.5,6.12,SIMULATED_EXPERIMENTAL_TRAINING_DATA
Rangpur,BRRI dhan28,20,5.21,145.5,96.7,21.1,99.2,6.23,SIMULATED_EXPERIMENTAL_TRAINING_DATA
Rangpur,BRRI dhan29,1,6.32,167.0,106.1,23.3,85.1,6.29,SIMULATED_EXPERIMENTAL_TRAINING_DATA
Rangpur,BRRI dhan29,2,6.36,156.4,96.9,27.7,117.6,6.46,SIMULATED_EXPERIMENTAL_TRAINING_DATA
Rangpur,BRRI dhan29,3,5.2,152.0,118.2,19.5,117.9,5.92,SIMULATED_EXPERIMENTAL_TRAINING_DATA
Rangpur,BRRI dhan29,4,5.98,148.0,96.6,21.3,101.8,6.65,SIMULATED_EXPERIMENTAL_TRAINING_DATA
Rangpur,BRRI dhan29,5,5.77,152.1,101.0,24.4,87.7,6.79,SIMULATED_EXPERIMENTAL_TRAINING_DATA
Rangpur,BRRI dhan29,6,5.15,150.4,113.9,27.1,95.1,5.73,SIMULATED_EXPERIMENTAL_TRAINING_DATA
Rangpur,BRRI dhan29,7,5.88,149.9,101.1,17.1,85.0,6.13,SIMULATED_EXPERIMENTAL_TRAINING_DATA
Rangpur,BRRI dhan29,8,6.21,151.4,98.0,21.9,100.5,6.31,SIMULATED_EXPERIMENTAL_TRAINING_DATA
Rangpur,BRRI dhan29,9,6.28,165.8,95.9,16.4,113.7,6.77,SIMULATED_EXPERIMENTAL_TRAINING_DATA
Rangpur,BRRI dhan29,10,7.31,149.6,118.5,24.9,104.7,6.64,SIMULATED_EXPERIMENTAL_TRAINING_DATA
Rangpur,BRRI dhan29,11,5.53,158.2,105.3,19.1,86.3,6.01,SIMULATED_EXPERIMENTAL_TRAINING_DATA
Rangpur,BRRI dhan29,12,6.32,158.1,116.6,23.1,95.1,6.52,SIMULATED_EXPERIMENTAL_TRAINING_DATA
Rangpur,BRRI dhan29,13,7.22,160.5,96.4,29.7,96.5,6.23,SIMULATED_EXPERIMENTAL_TRAINING_DATA
Rangpur,BRRI dhan29,14,6.1,147.7,115.4,19.8,104.5,6.36,SIMULATED_EXPERIMENTAL_TRAINING_DATA
Rangpur,BRRI dhan29,15,6.42,148.6,107.3,21.6,110.6,6.55,SIMULATED_EXPERIMENTAL_TRAINING_DATA
Rangpur,BRRI dhan29,16,7.68,150.7,108.9,20.4,90.1,5.92,SIMULATED_EXPERIMENTAL_TRAINING_DATA
Rangpur,BRRI dhan29,17,6.02,160.4,92.7,19.3,110.9,6.64,SIMULATED_EXPERIMENTAL_TRAINING_DATA
Rangpur,BRRI dhan29,18,6.46,146.9,102.2,22.0,109.6,6.29,SIMULATED_EXPERIMENTAL_TRAINING_DATA
Rangpur,BRRI dhan29,19,5.59,146.4,109.6,21.6,104.2,6.64,SIMULATED_EXPERIMENTAL_TRAINING_DATA
Rangpur,BRRI dhan29,20,5.33,150.2,106.1,18.0,93.5,6.46,SIMULATED_EXPERIMENTAL_TRAINING_DATA
Rangpur,BRRI dhan49,1,4.64,154.2,105.6,21.8,97.5,7.01,SIMULATED_EXPERIMENTAL_TRAINING_DATA
Rangpur,BRRI dhan49,2,5.61,145.0,101.9,17.7,114.4,6.29,SIMULATED_EXPERIMENTAL_TRAINING_DATA
Rangpur,BRRI dhan49,3,5.94,151.8,108.7,18.1,88.4,6.57,SIMULATED_EXPERIMENTAL_TRAINING_DATA
Rangpur,BRRI dhan49,4,6.19,144.8,116.8,22.8,99.4,6.23,SIMULATED_EXPERIMENTAL_TRAINING_DATA
Rangpur,BRRI dhan49,5,5.97,145.1,101.4,24.2,101.1,6.42,SIMULATED_EXPERIMENTAL_TRAINING_DATA
Rangpur,BRRI dhan49,6,5.15,137.4,108.4,24.5,101.1,5.98,SIMULATED_EXPERIMENTAL_TRAINING_DATA
Rangpur,BRRI dhan49,7,4.31,141.9,95.6,24.2,107.3,6.7,SIMULATED_EXPERIMENTAL_TRAINING_DATA
Rangpur,BRRI dhan49,8,4.12,133.8,96.4,23.5,89.8,5.96,SIMULATED_EXPERIMENTAL_TRAINING_DATA
Rangpur,BRRI dhan49,9,5.95,133.5,99.1,22.7,91.8,6.06,SIMULATED_EXPERIMENTAL_TRAINING_DATA
Rangpur,BRRI dhan49,10,4.64,146.5,102.9,25.2,98.8,6.0,SIMULATED_EXPERIMENTAL_TRAINING_DATA
Rangpur,BRRI dhan49,11,5.49,133.5,89.6,27.1,99.8,6.21,SIMULATED_EXPERIMENTAL_TRAINING_DATA
Rangpur,BRRI dhan49,12,6.21,136.8,100.1,26.4,100.2,6.21,SIMULATED_EXPERIMENTAL_TRAINING_DATA
Rangpur,BRRI dhan49,13,5.16,147.0,99.4,22.8,104.6,6.11,SIMULATED_EXPERIMENTAL_TRAINING_DATA
Rangpur,BRRI dhan49,14,4.79,142.1,102.4,29.8,105.2,6.82,SIMULATED_EXPERIMENTAL_TRAINING_DATA
Rangpur,BRRI dhan49,15,5.29,147.9,86.8,13.2,99.6,5.98,SIMULATED_EXPERIMENTAL_TRAINING_DATA
Rangpur,BRRI dhan49,16,4.74,144.7,90.4,15.3,105.7,6.75,SIMULATED_EXPERIMENTAL_TRAINING_DATA
Rangpur,BRRI dhan49,17,5.2,146.6,105.3,25.6,108.4,6.41,SIMULATED_EXPERIMENTAL_TRAINING_DATA
Rangpur,BRRI dhan49,18,4.93,148.9,90.6,21.4,101.4,6.59,SIMULATED_EXPERIMENTAL_TRAINING_DATA
Rangpur,BRRI dhan49,19,5.76,140.9,108.1,22.2,114.1,5.95,SIMULATED_EXPERIMENTAL_TRAINING_DATA
Rangpur,BRRI dhan49,20,5.29,151.5,110.3,21.3,86.0,5.98,SIMULATED_EXPERIMENTAL_TRAINING_DATA
Rangpur,BRRI dhan rice 87,1,5.96,136.3,83.0,18.5,120.4,6.31,SIMULATED_EXPERIMENTAL_TRAINING_DATA
Rangpur,BRRI dhan rice 87,2,5.86,119.8,101.1,22.4,78.1,6.83,SIMULATED_EXPERIMENTAL_TRAINING_DATA
Rangpur,BRRI dhan rice 87,3,5.85,143.6,92.4,24.7,98.8,5.34,SIMULATED_EXPERIMENTAL_TRAINING_DATA
Rangpur,BRRI dhan rice 87,4,5.86,131.3,99.2,22.7,119.3,6.19,SIMULATED_EXPERIMENTAL_TRAINING_DATA
Rangpur,BRRI dhan rice 87,5,6.67,140.3,99.6,19.8,102.2,5.97,SIMULATED_EXPERIMENTAL_TRAINING_DATA
Rangpur,BRRI dhan rice 87,6,6.62,126.6,95.7,23.4,82.5,6.11,SIMULATED_EXPERIMENTAL_TRAINING_DATA
Rangpur,BRRI dhan rice 87,7,6.78,149.7,83.1,23.0,115.1,5.98,SIMULATED_EXPERIMENTAL_TRAINING_DATA
Rangpur,BRRI dhan rice 87,8,6.0,134.7,77.0,21.6,101.4,5.67,SIMULATED_EXPERIMENTAL_TRAINING_DATA
Rangpur,BRRI dhan rice 87,9,4.57,129.6,83.3,24.5,106.3,5.82,SIMULATED_EXPERIMENTAL_TRAINING_DATA
Rangpur,BRRI dhan rice 87,10,6.29,120.8,89.7,19.7,86.7,6.85,SIMULATED_EXPERIMENTAL_TRAINING_DATA
Rangpur,BRRI dhan rice 87,11,5.41,142.4,95.3,22.7,104.5,6.24,SIMULATED_EXPERIMENTAL_TRAINING_DATA
Rangpur,BRRI dhan rice 87,12,6.28,125.7,96.8,21.6,118.2,5.84,SIMULATED_EXPERIMENTAL_TRAINING_DATA
Rangpur,BRRI dhan rice 87,13,4.25,142.2,99.8,20.1,103.3,6.05,SIMULATED_EXPERIMENTAL_TRAINING_DATA
Rangpur,BRRI dhan rice 87,14,5.33,137.5,110.5,20.9,112.0,5.81,SIMULATED_EXPERIMENTAL_TRAINING_DATA
Rangpur,BRRI dhan rice 87,15,5.44,142.3,89.7,25.0,83.9,6.52,SIMULATED_EXPERIMENTAL_TRAINING_DATA
Rangpur,BRRI dhan rice 87,16,4.39,139.8,86.8,21.3,92.7,6.08,SIMULATED_EXPERIMENTAL_TRAINING_DATA
Rangpur,BRRI dhan rice 87,17,5.11,124.9,69.0,19.5,90.8,6.17,SIMULATED_EXPERIMENTAL_TRAINING_DATA
Rangpur,BRRI dhan rice 87,18,6.0,130.4,100.6,20.3,96.6,5.74,SIMULATED_EXPERIMENTAL_TRAINING_DATA
Rangpur,BRRI dhan rice 87,19,6.85,127.8,104.1,21.1,91.1,5.95,SIMULATED_EXPERIMENTAL_TRAINING_DATA
Rangpur,BRRI dhan rice 87,20,5.62,139.2,96.4,22.9,102.8,5.61,SIMULATED_EXPERIMENTAL_TRAINING_DATA
Rangpur,Hybrid H1,1,7.01,138.8,106.6,27.7,110.5,5.67,SIMULATED_EXPERIMENTAL_TRAINING_DATA
Rangpur,Hybrid H1,2,6.75,126.9,103.6,20.7,104.6,6.46,SIMULATED_EXPERIMENTAL_TRAINING_DATA
Rangpur,Hybrid H1,3,7.42,126.1,100.9,24.9,97.9,5.92,SIMULATED_EXPERIMENTAL_TRAINING_DATA
Rangpur,Hybrid H1,4,6.55,130.9,116.7,17.8,82.1,6.36,SIMULATED_EXPERIMENTAL_TRAINING_DATA
Rangpur,Hybrid H1,5,7.54,153.0,119.1,24.4,97.3,6.1,SIMULATED_EXPERIMENTAL_TRAINING_DATA
Rangpur,Hybrid H1,6,6.88,130.6,106.4,28.6,94.0,6.63,SIMULATED_EXPERIMENTAL_TRAINING_DATA
Rangpur,Hybrid H1,7,7.38,135.4,112.4,18.5,126.0,6.66,SIMULATED_EXPERIMENTAL_TRAINING_DATA
Rangpur,Hybrid H1,8,6.02,126.3,121.1,21.8,109.0,6.25,SIMULATED_EXPERIMENTAL_TRAINING_DATA
Rangpur,Hybrid H1,9,7.15,131.9,117.3,24.1,114.5,6.25,SIMULATED_EXPERIMENTAL_TRAINING_DATA
Rangpur,Hybrid H1,10,5.87,124.3,110.1,20.6,101.4,6.97,SIMULATED_EXPERIMENTAL_TRAINING_DATA
Rangpur,Hybrid H1,11,5.74,121.0,113.4,25.1,91.1,6.18,SIMULATED_EXPERIMENTAL_TRAINING_DATA
Rangpur,Hybrid H1,12,6.23,125.6,110.9,23.5,96.7,6.74,SIMULATED_EXPERIMENTAL_TRAINING_DATA
Rangpur,Hybrid H1,13,7.09,123.3,114.0,16.0,100.7,6.3,SIMULATED_EXPERIMENTAL_TRAINING_DATA
Rangpur,Hybrid H1,14,6.49,127.7,102.3,20.0,85.7,5.68,SIMULATED_EXPERIMENTAL_TRAINING_DATA
Rangpur,Hybrid H1,15,6.18,124.1,118.2,24.8,91.6,6.48,SIMULATED_EXPERIMENTAL_TRAINING_DATA
Rangpur,Hybrid H1,16,7.29,130.1,107.2,23.1,74.2,6.02,SIMULATED_EXPERIMENTAL_TRAINING_DATA
Rangpur,Hybrid H1,17,7.18,127.3,118.0,22.7,79.7,6.23,SIMULATED_EXPERIMENTAL_TRAINING_DATA
Rangpur,Hybrid H1,18,6.92,127.1,104.7,24.5,105.6,5.92,SIMULATED_EXPERIMENTAL_TRAINING_DATA
Rangpur,Hybrid H1,19,5.62,110.2,95.9,16.8,124.5,6.21,SIMULATED_EXPERIMENTAL_TRAINING_DATA
Rangpur,Hybrid H1,20,6.29,139.1,114.7,21.0,87.1,6.23,SIMULATED_EXPERIMENTAL_TRAINING_DATA
Rangpur,Local variety,1,3.6,165.3,117.8,18.1,114.0,6.51,SIMULATED_EXPERIMENTAL_TRAINING_DATA
Rangpur,Local variety,2,3.18,166.7,119.7,22.6,111.5,5.96,SIMULATED_EXPERIMENTAL_TRAINING_DATA
Rangpur,Local variety,3,3.75,150.0,126.9,21.0,71.8,6.06,SIMULATED_EXPERIMENTAL_TRAINING_DATA
Rangpur,Local variety,4,3.65,158.3,112.8,19.8,100.3,6.69,SIMULATED_EXPERIMENTAL_TRAINING_DATA
Rangpur,Local variety,5,2.77,154.9,125.5,25.1,102.5,6.52,SIMULATED_EXPERIMENTAL_TRAINING_DATA
Rangpur,Local variety,6,3.17,160.6,91.5,17.9,115.5,6.39,SIMULATED_EXPERIMENTAL_TRAINING_DATA
Rangpur,Local variety,7,4.58,164.0,116.4,25.4,105.4,6.37,SIMULATED_EXPERIMENTAL_TRAINING_DATA
Rangpur,Local variety,8,3.32,165.2,111.2,18.1,101.0,6.41,SIMULATED_EXPERIMENTAL_TRAINING_DATA
Rangpur,Local variety,9,5.08,138.3,99.2,21.8,91.8,6.18,SIMULATED_EXPERIMENTAL_TRAINING_DATA
Rangpur,Local variety,10,4.24,167.8,123.2,25.3,120.7,6.04,SIMULATED_EXPERIMENTAL_TRAINING_DATA
Rangpur,Local variety,11,3.77,165.4,102.1,23.0,83.0,6.1,SIMULATED_EXPERIMENTAL_TRAINING_DATA
Rangpur,Local variety,12,4.29,158.4,99.6,18.3,120.9,6.34,SIMULATED_EXPERIMENTAL_TRAINING_DATA
Rangpur,Local variety,13,3.84,165.4,119.6,22.4,94.6,6.13,SIMULATED_EXPERIMENTAL_TRAINING_DATA
Rangpur,Local variety,14,4.25,154.3,119.1,27.0,108.7,6.12,SIMULATED_EXPERIMENTAL_TRAINING_DATA
Rangpur,Local variety,15,3.59,170.2,109.0,25.0,85.8,6.45,SIMULATED_EXPERIMENTAL_TRAINING_DATA
Rangpur,Local variety,16,4.11,153.1,124.2,18.3,93.9,6.22,SIMULATED_EXPERIMENTAL_TRAINING_DATA
Rangpur,Local variety,17,3.17,152.6,117.9,22.2,109.2,6.35,SIMULATED_EXPERIMENTAL_TRAINING_DATA
Rangpur,Local variety,18,3.66,165.7,123.8,23.1,88.5,6.05,SIMULATED_EXPERIMENTAL_TRAINING_DATA
Rangpur,Local variety,19,3.78,164.7,99.9,20.0,91.4,5.86,SIMULATED_EXPERIMENTAL_TRAINING_DATA
Rangpur,Local variety,20,3.78,154.5,128.8,25.1,72.3,6.44,SIMULATED_EXPERIMENTAL_TRAINING_DATA
Cumilla,BRRI dhan28,1,5.77,144.0,100.2,18.4,87.2,6.53,SIMULATED_EXPERIMENTAL_TRAINING_DATA
Cumilla,BRRI dhan28,2,5.43,140.0,109.5,25.5,107.1,6.43,SIMULATED_EXPERIMENTAL_TRAINING_DATA
Cumilla,BRRI dhan28,3,4.51,138.4,90.0,18.1,79.6,6.71,SIMULATED_EXPERIMENTAL_TRAINING_DATA
Cumilla,BRRI dhan28,4,4.87,136.4,107.9,18.9,80.9,6.1,SIMULATED_EXPERIMENTAL_TRAINING_DATA
Cumilla,BRRI dhan28,5,4.75,149.1,101.9,24.9,80.6,6.44,SIMULATED_EXPERIMENTAL_TRAINING_DATA
Cumilla,BRRI dhan28,6,4.56,140.4,93.3,22.1,89.9,6.06,SIMULATED_EXPERIMENTAL_TRAINING_DATA
Cumilla,BRRI dhan28,7,4.17,130.1,96.7,22.5,111.1,6.27,SIMULATED_EXPERIMENTAL_TRAINING_DATA
Cumilla,BRRI dhan28,8,5.42,153.1,92.8,23.9,77.4,6.31,SIMULATED_EXPERIMENTAL_TRAINING_DATA
Cumilla,BRRI dhan28,9,4.35,141.2,93.3,17.4,113.2,6.85,SIMULATED_EXPERIMENTAL_TRAINING_DATA
Cumilla,BRRI dhan28,10,5.1,131.1,110.9,26.6,121.5,5.95,SIMULATED_EXPERIMENTAL_TRAINING_DATA
Cumilla,BRRI dhan28,11,5.9,143.2,90.7,19.4,86.9,6.0,SIMULATED_EXPERIMENTAL_TRAINING_DATA
Cumilla,BRRI dhan28,12,4.75,140.0,110.8,21.0,111.0,6.32,SIMULATED_EXPERIMENTAL_TRAINING_DATA
Cumilla,BRRI dhan28,13,4.94,148.5,97.1,25.4,103.6,6.28,SIMULATED_EXPERIMENTAL_TRAINING_DATA
Cumilla,BRRI dhan28,14,4.51,131.2,111.8,18.3,90.0,5.99,SIMULATED_EXPERIMENTAL_TRAINING_DATA
Cumilla,BRRI dhan28,15,5.26,142.1,98.7,20.2,94.6,5.89,SIMULATED_EXPERIMENTAL_TRAINING_DATA
Cumilla,BRRI dhan28,16,5.12,140.4,112.9,20.3,73.6,6.09,SIMULATED_EXPERIMENTAL_TRAINING_DATA
Cumilla,BRRI dhan28,17,5.0,154.8,102.1,24.3,89.4,6.01,SIMULATED_EXPERIMENTAL_TRAINING_DATA
Cumilla,BRRI dhan28,18,6.09,151.3,92.3,22.8,102.1,5.11,SIMULATED_EXPERIMENTAL_TRAINING_DATA
Cumilla,BRRI dhan28,19,5.2,151.4,88.7,21.0,103.0,6.48,SIMULATED_EXPERIMENTAL_TRAINING_DATA
Cumilla,BRRI dhan28,20,6.58,138.8,101.2,20.2,82.9,6.65,SIMULATED_EXPERIMENTAL_TRAINING_DATA
Cumilla,BRRI dhan29,1,5.77,156.2,114.9,22.3,117.8,5.84,SIMULATED_EXPERIMENTAL_TRAINING_DATA
Cumilla,BRRI dhan29,2,6.55,148.0,107.1,21.8,82.4,6.21,SIMULATED_EXPERIMENTAL_TRAINING_DATA
Cumilla,BRRI dhan29,3,5.58,154.9,96.6,20.5,99.7,6.13,SIMULATED_EXPERIMENTAL_TRAINING_DATA
Cumilla,BRRI dhan29,4,5.57,146.5,97.2,18.8,93.9,6.82,SIMULATED_EXPERIMENTAL_TRAINING_DATA
Cumilla,BRRI dhan29,5,4.84,143.2,103.2,15.4,104.6,6.74,SIMULATED_EXPERIMENTAL_TRAINING_DATA
Cumilla,BRRI dhan29,6,6.36,158.6,103.2,21.2,99.0,6.15,SIMULATED_EXPERIMENTAL_TRAINING_DATA
Cumilla,BRRI dhan29,7,6.7,161.3,106.0,24.5,101.6,6.1,SIMULATED_EXPERIMENTAL_TRAINING_DATA
Cumilla,BRRI dhan29,8,5.74,170.1,92.3,24.0,106.6,6.06,SIMULATED_EXPERIMENTAL_TRAINING_DATA
Cumilla,BRRI dhan29,9,5.86,150.3,100.2,22.0,101.9,6.56,SIMULATED_EXPERIMENTAL_TRAINING_DATA
Cumilla,BRRI dhan29,10,5.48,154.3,100.8,20.1,93.6,6.39,SIMULATED_EXPERIMENTAL_TRAINING_DATA
Cumilla,BRRI dhan29,11,6.77,158.8,84.1,18.9,137.1,6.18,SIMULATED_EXPERIMENTAL_TRAINING_DATA
Cumilla,BRRI dhan29,12,6.54,154.0,112.1,23.2,90.2,6.09,SIMULATED_EXPERIMENTAL_TRAINING_DATA
Cumilla,BRRI dhan29,13,5.87,168.2,102.6,23.5,93.1,6.65,SIMULATED_EXPERIMENTAL_TRAINING_DATA
Cumilla,BRRI dhan29,14,5.85,154.3,94.9,21.8,88.0,6.38,SIMULATED_EXPERIMENTAL_TRAINING_DATA
Cumilla,BRRI dhan29,15,6.9,154.1,112.3,25.3,108.1,6.28,SIMULATED_EXPERIMENTAL_TRAINING_DATA
Cumilla,BRRI dhan29,16,6.47,141.0,119.8,21.4,95.2,5.7,SIMULATED_EXPERIMENTAL_TRAINING_DATA
Cumilla,BRRI dhan29,17,5.7,158.1,95.9,24.8,86.1,6.68,SIMULATED_EXPERIMENTAL_TRAINING_DATA
Cumilla,BRRI dhan29,18,5.04,160.0,104.5,21.6,101.4,6.45,SIMULATED_EXPERIMENTAL_TRAINING_DATA
Cumilla,BRRI dhan29,19,6.54,157.7,106.7,21.7,103.9,5.78,SIMULATED_EXPERIMENTAL_TRAINING_DATA
Cumilla,BRRI dhan29,20,6.3,155.0,105.3,26.7,111.3,6.97,SIMULATED_EXPERIMENTAL_TRAINING_DATA
Cumilla,BRRI dhan49,1,7.51,157.6,93.4,16.4,94.8,6.27,SIMULATED_EXPERIMENTAL_TRAINING_DATA
Cumilla,BRRI dhan49,2,5.58,151.8,106.5,21.6,84.2,6.41,SIMULATED_EXPERIMENTAL_TRAINING_DATA
Cumilla,BRRI dhan49,3,4.99,136.3,100.8,19.5,92.6,6.39,SIMULATED_EXPERIMENTAL_TRAINING_DATA
Cumilla,BRRI dhan49,4,6.16,146.0,107.0,28.1,124.5,6.19,SIMULATED_EXPERIMENTAL_TRAINING_DATA
Cumilla,BRRI dhan49,5,4.81,148.6,110.3,23.7,115.8,6.11,SIMULATED_EXPERIMENTAL_TRAINING_DATA
Cumilla,BRRI dhan49,6,5.32,138.9,99.7,20.4,104.3,6.27,SIMULATED_EXPERIMENTAL_TRAINING_DATA
Cumilla,BRRI dhan49,7,5.08,134.4,97.3,22.7,86.3,6.07,SIMULATED_EXPERIMENTAL_TRAINING_DATA
Cumilla,BRRI dhan49,8,6.59,140.6,105.5,19.8,127.5,6.11,SIMULATED_EXPERIMENTAL_TRAINING_DATA
Cumilla,BRRI dhan49,9,6.25,153.8,99.0,22.3,103.2,6.34,SIMULATED_EXPERIMENTAL_TRAINING_DATA
Cumilla,BRRI dhan49,10,6.16,139.9,92.1,21.2,116.8,6.76,SIMULATED_EXPERIMENTAL_TRAINING_DATA
Cumilla,BRRI dhan49,11,5.89,137.6,100.0,21.0,132.4,6.57,SIMULATED_EXPERIMENTAL_TRAINING_DATA
Cumilla,BRRI dhan49,12,6.16,152.6,110.1,19.7,97.7,5.87,SIMULATED_EXPERIMENTAL_TRAINING_DATA
Cumilla,BRRI dhan49,13,5.16,146.9,91.2,21.3,103.1,6.31,SIMULATED_EXPERIMENTAL_TRAINING_DATA
Cumilla,BRRI dhan49,14,4.71,140.1,95.8,19.4,73.2,6.41,SIMULATED_EXPERIMENTAL_TRAINING_DATA
Cumilla,BRRI dhan49,15,6.75,148.9,107.2,21.5,113.9,6.77,SIMULATED_EXPERIMENTAL_TRAINING_DATA
Cumilla,BRRI dhan49,16,4.91,148.5,106.4,22.1,95.4,6.39,SIMULATED_EXPERIMENTAL_TRAINING_DATA
Cumilla,BRRI dhan49,17,5.57,139.3,92.2,20.2,88.4,5.7,SIMULATED_EXPERIMENTAL_TRAINING_DATA
Cumilla,BRRI dhan49,18,4.13,147.0,101.4,23.2,79.7,6.29,SIMULATED_EXPERIMENTAL_TRAINING_DATA
Cumilla,BRRI dhan49,19,3.49,141.2,99.4,23.0,103.7,6.22,SIMULATED_EXPERIMENTAL_TRAINING_DATA
Cumilla,BRRI dhan49,20,5.3,146.4,108.7,22.7,101.7,5.95,SIMULATED_EXPERIMENTAL_TRAINING_DATA
Cumilla,BRRI dhan rice 87,1,6.34,131.5,81.2,22.7,114.2,6.5,SIMULATED_EXPERIMENTAL_TRAINING_DATA
Cumilla,BRRI dhan rice 87,2,6.0,147.8,95.4,20.9,98.9,6.27,SIMULATED_EXPERIMENTAL_TRAINING_DATA
Cumilla,BRRI dhan rice 87,3,5.9,128.7,78.8,28.9,108.5,6.39,SIMULATED_EXPERIMENTAL_TRAINING_DATA
Cumilla,BRRI dhan rice 87,4,6.8,129.5,100.0,22.0,114.8,7.03,SIMULATED_EXPERIMENTAL_TRAINING_DATA
Cumilla,BRRI dhan rice 87,5,6.22,133.7,80.2,22.4,83.9,6.06,SIMULATED_EXPERIMENTAL_TRAINING_DATA
Cumilla,BRRI dhan rice 87,6,6.5,134.4,77.9,18.2,103.5,6.37,SIMULATED_EXPERIMENTAL_TRAINING_DATA
Cumilla,BRRI dhan rice 87,7,5.94,148.7,97.3,17.6,117.2,5.8,SIMULATED_EXPERIMENTAL_TRAINING_DATA
Cumilla,BRRI dhan rice 87,8,6.23,133.4,91.6,20.4,78.9,6.75,SIMULATED_EXPERIMENTAL_TRAINING_DATA
Cumilla,BRRI dhan rice 87,9,5.98,150.3,92.2,23.7,114.2,6.04,SIMULATED_EXPERIMENTAL_TRAINING_DATA
Cumilla,BRRI dhan rice 87,10,5.45,121.7,93.8,17.8,83.1,6.53,SIMULATED_EXPERIMENTAL_TRAINING_DATA
Cumilla,BRRI dhan rice 87,11,6.97,139.5,88.7,19.7,106.0,5.95,SIMULATED_EXPERIMENTAL_TRAINING_DATA
Cumilla,BRRI dhan rice 87,12,5.95,130.2,90.1,21.8,95.4,6.66,SIMULATED_EXPERIMENTAL_TRAINING_DATA
Cumilla,BRRI dhan rice 87,13,5.94,129.3,88.5,18.6,94.7,5.93,SIMULATED_EXPERIMENTAL_TRAINING_DATA
Cumilla,BRRI dhan rice 87,14,6.26,139.4,85.8,17.7,88.0,6.14,SIMULATED_EXPERIMENTAL_TRAINING_DATA
Cumilla,BRRI dhan rice 87,15,5.34,129.7,90.0,23.1,76.0,5.72,SIMULATED_EXPERIMENTAL_TRAINING_DATA
Cumilla,BRRI dhan rice 87,16,4.89,129.6,92.8,19.4,108.1,5.77,SIMULATED_EXPERIMENTAL_TRAINING_DATA
Cumilla,BRRI dhan rice 87,17,6.25,137.9,85.0,29.4,110.6,6.52,SIMULATED_EXPERIMENTAL_TRAINING_DATA
Cumilla,BRRI dhan rice 87,18,5.71,134.0,98.5,23.4,121.2,6.23,SIMULATED_EXPERIMENTAL_TRAINING_DATA
Cumilla,BRRI dhan rice 87,19,6.53,122.3,92.7,21.2,83.2,6.57,SIMULATED_EXPERIMENTAL_TRAINING_DATA
Cumilla,BRRI dhan rice 87,20,4.73,137.7,100.6,21.1,114.2,5.9,SIMULATED_EXPERIMENTAL_TRAINING_DATA
Cumilla,Hybrid H1,1,6.92,122.7,111.8,18.5,97.4,6.74,SIMULATED_EXPERIMENTAL_TRAINING_DATA
Cumilla,Hybrid H1,2,7.5,133.6,101.4,23.2,78.8,6.05,SIMULATED_EXPERIMENTAL_TRAINING_DATA
Cumilla,Hybrid H1,3,6.09,132.5,102.1,26.1,109.4,6.34,SIMULATED_EXPERIMENTAL_TRAINING_DATA
Cumilla,Hybrid H1,4,6.97,118.5,114.4,18.6,102.6,5.53,SIMULATED_EXPERIMENTAL_TRAINING_DATA
Cumilla,Hybrid H1,5,7.28,136.4,112.7,24.0,114.4,5.33,SIMULATED_EXPERIMENTAL_TRAINING_DATA
Cumilla,Hybrid H1,6,7.3,133.7,116.5,19.7,107.8,6.76,SIMULATED_EXPERIMENTAL_TRAINING_DATA
Cumilla,Hybrid H1,7,7.16,123.3,119.5,23.0,109.5,5.94,SIMULATED_EXPERIMENTAL_TRAINING_DATA
Cumilla,Hybrid H1,8,6.94,116.6,124.6,23.6,96.6,6.67,SIMULATED_EXPERIMENTAL_TRAINING_DATA
Cumilla,Hybrid H1,9,6.7,129.9,118.5,20.3,93.1,6.02,SIMULATED_EXPERIMENTAL_TRAINING_DATA
Cumilla,Hybrid H1,10,6.41,122.7,107.1,21.2,87.3,6.42,SIMULATED_EXPERIMENTAL_TRAINING_DATA
Cumilla,Hybrid H1,11,6.33,133.0,119.8,21.8,113.9,5.92,SIMULATED_EXPERIMENTAL_TRAINING_DATA
Cumilla,Hybrid H1,12,6.91,128.2,103.2,22.4,114.3,6.65,SIMULATED_EXPERIMENTAL_TRAINING_DATA
Cumilla,Hybrid H1,13,6.51,136.6,96.5,18.3,93.3,6.45,SIMULATED_EXPERIMENTAL_TRAINING_DATA
Cumilla,Hybrid H1,14,6.28,133.3,105.7,13.3,108.0,6.48,SIMULATED_EXPERIMENTAL_TRAINING_DATA
Cumilla,Hybrid H1,15,8.0,133.2,113.6,18.2,106.3,6.55,SIMULATED_EXPERIMENTAL_TRAINING_DATA
Cumilla,Hybrid H1,16,6.76,124.2,108.7,21.0,98.1,6.11,SIMULATED_EXPERIMENTAL_TRAINING_DATA
Cumilla,Hybrid H1,17,7.0,140.2,106.5,19.2,93.1,6.43,SIMULATED_EXPERIMENTAL_TRAINING_DATA
Cumilla,Hybrid H1,18,6.65,129.0,108.2,23.1,85.9,6.01,SIMULATED_EXPERIMENTAL_TRAINING_DATA
Cumilla,Hybrid H1,19,6.92,132.8,121.3,25.0,122.7,6.12,SIMULATED_EXPERIMENTAL_TRAINING_DATA
Cumilla,Hybrid H1,20,7.16,133.1,97.6,25.0,99.3,6.52,SIMULATED_EXPERIMENTAL_TRAINING_DATA
Cumilla,Local variety,1,3.9,163.0,109.6,19.9,110.1,6.67,SIMULATED_EXPERIMENTAL_TRAINING_DATA
Cumilla,Local variety,2,3.37,173.2,110.1,22.8,108.6,6.25,SIMULATED_EXPERIMENTAL_TRAINING_DATA
Cumilla,Local variety,3,2.56,157.2,130.1,28.7,110.2,6.88,SIMULATED_EXPERIMENTAL_TRAINING_DATA
Cumilla,Local variety,4,3.91,162.4,121.1,27.4,94.3,5.84,SIMULATED_EXPERIMENTAL_TRAINING_DATA
Cumilla,Local variety,5,3.38,163.6,115.2,27.2,90.0,5.7,SIMULATED_EXPERIMENTAL_TRAINING_DATA
Cumilla,Local variety,6,4.11,161.2,117.2,23.7,95.9,6.35,SIMULATED_EXPERIMENTAL_TRAINING_DATA
Cumilla,Local variety,7,3.74,166.7,108.2,22.4,94.2,5.65,SIMULATED_EXPERIMENTAL_TRAINING_DATA
Cumilla,Local variety,8,3.35,154.2,114.6,21.2,71.8,6.14,SIMULATED_EXPERIMENTAL_TRAINING_DATA
Cumilla,Local variety,9,3.09,156.3,116.3,19.3,108.9,6.52,SIMULATED_EXPERIMENTAL_TRAINING_DATA
Cumilla,Local variety,10,2.55,152.5,108.2,19.2,95.7,6.1,SIMULATED_EXPERIMENTAL_TRAINING_DATA
Cumilla,Local variety,11,2.87,160.8,113.4,24.1,91.8,6.44,SIMULATED_EXPERIMENTAL_TRAINING_DATA
Cumilla,Local variety,12,3.52,171.5,116.1,18.8,115.4,5.55,SIMULATED_EXPERIMENTAL_TRAINING_DATA
Cumilla,Local variety,13,3.84,161.8,110.0,19.2,92.1,6.26,SIMULATED_EXPERIMENTAL_TRAINING_DATA
Cumilla,Local variety,14,3.83,156.5,116.6,21.9,90.1,5.78,SIMULATED_EXPERIMENTAL_TRAINING_DATA
Cumilla,Local variety,15,3.77,159.5,115.1,23.2,97.6,6.5,SIMULATED_EXPERIMENTAL_TRAINING_DATA
Cumilla,Local variety,16,3.12,154.7,107.6,28.3,117.6,6.15,SIMULATED_EXPERIMENTAL_TRAINING_DATA
Cumilla,Local variety,17,3.45,159.7,126.3,18.8,113.9,6.5,SIMULATED_EXPERIMENTAL_TRAINING_DATA
Cumilla,Local variety,18,3.36,157.9,123.1,23.7,87.1,6.3,SIMULATED_EXPERIMENTAL_TRAINING_DATA
Cumilla,Local variety,19,3.89,161.5,131.1,26.4,118.4,6.46,SIMULATED_EXPERIMENTAL_TRAINING_DATA
Cumilla,Local variety,20,2.6,166.5,113.0,22.7,101.6,5.86,SIMULATED_EXPERIMENTAL_TRAINING_DATA
Barishal,BRRI dhan28,1,5.66,146.7,95.2,18.2,81.6,6.17,SIMULATED_EXPERIMENTAL_TRAINING_DATA
Barishal,BRRI dhan28,2,4.46,148.4,77.2,19.2,98.1,6.21,SIMULATED_EXPERIMENTAL_TRAINING_DATA
Barishal,BRRI dhan28,3,5.15,135.0,88.5,19.8,102.6,6.42,SIMULATED_EXPERIMENTAL_TRAINING_DATA
Barishal,BRRI dhan28,4,3.92,134.9,117.1,23.8,101.6,5.91,SIMULATED_EXPERIMENTAL_TRAINING_DATA
Barishal,BRRI dhan28,5,5.03,152.8,90.2,19.9,95.5,7.16,SIMULATED_EXPERIMENTAL_TRAINING_DATA
Barishal,BRRI dhan28,6,4.69,148.2,98.9,21.6,113.5,6.76,SIMULATED_EXPERIMENTAL_TRAINING_DATA
Barishal,BRRI dhan28,7,5.69,153.3,98.8,11.3,84.9,6.65,SIMULATED_EXPERIMENTAL_TRAINING_DATA
Barishal,BRRI dhan28,8,4.14,142.0,101.0,15.5,112.8,6.31,SIMULATED_EXPERIMENTAL_TRAINING_DATA
Barishal,BRRI dhan28,9,5.22,148.6,103.3,23.7,104.5,6.12,SIMULATED_EXPERIMENTAL_TRAINING_DATA
Barishal,BRRI dhan28,10,5.07,145.4,97.0,27.1,119.4,5.94,SIMULATED_EXPERIMENTAL_TRAINING_DATA
Barishal,BRRI dhan28,11,5.86,144.4,82.6,24.5,118.5,6.0,SIMULATED_EXPERIMENTAL_TRAINING_DATA
Barishal,BRRI dhan28,12,5.06,140.9,90.0,17.6,101.1,5.94,SIMULATED_EXPERIMENTAL_TRAINING_DATA
Barishal,BRRI dhan28,13,6.23,149.7,89.1,23.0,79.8,6.68,SIMULATED_EXPERIMENTAL_TRAINING_DATA
Barishal,BRRI dhan28,14,5.89,140.0,93.1,21.0,100.4,5.2,SIMULATED_EXPERIMENTAL_TRAINING_DATA
Barishal,BRRI dhan28,15,5.13,151.5,103.3,19.4,103.9,5.84,SIMULATED_EXPERIMENTAL_TRAINING_DATA
Barishal,BRRI dhan28,16,5.36,151.8,93.1,20.5,88.5,5.83,SIMULATED_EXPERIMENTAL_TRAINING_DATA
Barishal,BRRI dhan28,17,5.23,150.7,94.8,19.8,109.5,6.63,SIMULATED_EXPERIMENTAL_TRAINING_DATA
Barishal,BRRI dhan28,18,5.68,142.6,108.2,25.7,102.7,5.9,SIMULATED_EXPERIMENTAL_TRAINING_DATA
Barishal,BRRI dhan28,19,4.38,139.5,97.9,23.2,78.7,6.17,SIMULATED_EXPERIMENTAL_TRAINING_DATA
Barishal,BRRI dhan28,20,4.14,146.0,107.2,24.4,86.3,6.37,SIMULATED_EXPERIMENTAL_TRAINING_DATA
Barishal,BRRI dhan29,1,6.03,160.2,99.2,21.0,105.3,6.49,SIMULATED_EXPERIMENTAL_TRAINING_DATA
Barishal,BRRI dhan29,2,5.6,155.5,103.9,23.6,86.3,6.64,SIMULATED_EXPERIMENTAL_TRAINING_DATA
Barishal,BRRI dhan29,3,5.87,151.7,113.0,26.2,113.9,5.81,SIMULATED_EXPERIMENTAL_TRAINING_DATA
Barishal,BRRI dhan29,4,6.45,154.1,105.0,21.3,107.0,6.36,SIMULATED_EXPERIMENTAL_TRAINING_DATA
Barishal,BRRI dhan29,5,6.11,155.8,112.7,19.9,113.3,6.73,SIMULATED_EXPERIMENTAL_TRAINING_DATA
Barishal,BRRI dhan29,6,6.55,149.0,124.0,18.9,85.6,6.27,SIMULATED_EXPERIMENTAL_TRAINING_DATA
Barishal,BRRI dhan29,7,4.93,167.5,101.8,18.6,86.9,6.17,SIMULATED_EXPERIMENTAL_TRAINING_DATA
Barishal,BRRI dhan29,8,6.56,161.6,104.3,21.6,83.3,6.27,SIMULATED_EXPERIMENTAL_TRAINING_DATA
Barishal,BRRI dhan29,9,6.56,151.4,108.5,22.0,85.1,5.52,SIMULATED_EXPERIMENTAL_TRAINING_DATA
Barishal,BRRI dhan29,10,4.73,151.4,105.4,21.2,92.0,5.96,SIMULATED_EXPERIMENTAL_TRAINING_DATA
Barishal,BRRI dhan29,11,6.03,150.8,109.2,21.3,116.9,5.79,SIMULATED_EXPERIMENTAL_TRAINING_DATA
Barishal,BRRI dhan29,12,5.59,148.1,110.5,20.9,73.8,6.18,SIMULATED_EXPERIMENTAL_TRAINING_DATA
Barishal,BRRI dhan29,13,6.79,161.4,109.9,23.7,86.1,5.74,SIMULATED_EXPERIMENTAL_TRAINING_DATA
Barishal,BRRI dhan29,14,5.45,153.0,95.6,21.5,91.1,5.41,SIMULATED_EXPERIMENTAL_TRAINING_DATA
Barishal,BRRI dhan29,15,7.72,165.0,113.3,18.7,86.8,6.02,SIMULATED_EXPERIMENTAL_TRAINING_DATA
Barishal,BRRI dhan29,16,5.92,147.7,88.1,20.8,113.1,5.87,SIMULATED_EXPERIMENTAL_TRAINING_DATA
Barishal,BRRI dhan29,17,6.31,150.3,104.7,26.6,110.0,6.65,SIMULATED_EXPERIMENTAL_TRAINING_DATA
Barishal,BRRI dhan29,18,7.13,175.2,94.3,24.0,111.9,6.63,SIMULATED_EXPERIMENTAL_TRAINING_DATA
Barishal,BRRI dhan29,19,5.73,161.1,112.0,18.1,69.6,6.36,SIMULATED_EXPERIMENTAL_TRAINING_DATA
Barishal,BRRI dhan29,20,6.68,150.9,122.0,18.4,107.9,6.51,SIMULATED_EXPERIMENTAL_TRAINING_DATA
Barishal,BRRI dhan49,1,5.45,153.4,91.8,26.3,90.8,5.79,SIMULATED_EXPERIMENTAL_TRAINING_DATA
Barishal,BRRI dhan49,2,5.18,148.4,99.2,19.6,104.0,6.28,SIMULATED_EXPERIMENTAL_TRAINING_DATA
Barishal,BRRI dhan49,3,5.19,151.7,97.9,24.5,106.3,5.63,SIMULATED_EXPERIMENTAL_TRAINING_DATA
Barishal,BRRI dhan49,4,6.2,135.3,99.2,22.4,87.7,6.3,SIMULATED_EXPERIMENTAL_TRAINING_DATA
Barishal,BRRI dhan49,5,5.96,147.0,107.3,20.5,97.4,6.11,SIMULATED_EXPERIMENTAL_TRAINING_DATA
Barishal,BRRI dhan49,6,6.26,148.9,98.4,25.1,117.8,6.28,SIMULATED_EXPERIMENTAL_TRAINING_DATA
Barishal,BRRI dhan49,7,5.48,156.2,116.0,15.0,99.2,6.51,SIMULATED_EXPERIMENTAL_TRAINING_DATA
Barishal,BRRI dhan49,8,6.25,152.2,111.0,22.6,100.6,6.43,SIMULATED_EXPERIMENTAL_TRAINING_DATA
Barishal,BRRI dhan49,9,5.84,142.7,106.1,19.6,116.8,6.55,SIMULATED_EXPERIMENTAL_TRAINING_DATA
Barishal,BRRI dhan49,10,5.14,156.5,106.3,22.3,105.9,5.96,SIMULATED_EXPERIMENTAL_TRAINING_DATA
Barishal,BRRI dhan49,11,4.89,145.9,93.0,25.0,93.1,5.8,SIMULATED_EXPERIMENTAL_TRAINING_DATA
Barishal,BRRI dhan49,12,5.08,147.3,93.1,19.3,96.2,5.46,SIMULATED_EXPERIMENTAL_TRAINING_DATA
Barishal,BRRI dhan49,13,5.5,136.3,105.2,24.4,105.0,6.09,SIMULATED_EXPERIMENTAL_TRAINING_DATA
Barishal,BRRI dhan49,14,4.1,137.5,87.9,23.9,80.2,6.59,SIMULATED_EXPERIMENTAL_TRAINING_DATA
Barishal,BRRI dhan49,15,5.0,155.9,106.1,25.3,75.3,6.56,SIMULATED_EXPERIMENTAL_TRAINING_DATA
Barishal,BRRI dhan49,16,5.54,150.8,87.6,22.7,110.0,6.12,SIMULATED_EXPERIMENTAL_TRAINING_DATA
Barishal,BRRI dhan49,17,6.02,144.4,119.5,23.5,97.8,6.05,SIMULATED_EXPERIMENTAL_TRAINING_DATA
Barishal,BRRI dhan49,18,3.39,144.1,90.5,21.6,104.1,5.77,SIMULATED_EXPERIMENTAL_TRAINING_DATA
Barishal,BRRI dhan49,19,5.45,163.0,100.2,22.1,99.3,6.56,SIMULATED_EXPERIMENTAL_TRAINING_DATA
Barishal,BRRI dhan49,20,5.93,142.1,116.5,15.3,95.9,6.13,SIMULATED_EXPERIMENTAL_TRAINING_DATA
Barishal,BRRI dhan rice 87,1,5.88,137.6,96.6,24.2,103.8,6.0,SIMULATED_EXPERIMENTAL_TRAINING_DATA
Barishal,BRRI dhan rice 87,2,5.8,132.3,83.2,27.4,88.4,6.43,SIMULATED_EXPERIMENTAL_TRAINING_DATA
Barishal,BRRI dhan rice 87,3,5.95,131.8,88.0,23.7,98.7,6.55,SIMULATED_EXPERIMENTAL_TRAINING_DATA
Barishal,BRRI dhan rice 87,4,6.47,125.6,104.5,23.3,116.3,6.22,SIMULATED_EXPERIMENTAL_TRAINING_DATA
Barishal,BRRI dhan rice 87,5,5.54,146.8,87.6,23.6,94.8,6.28,SIMULATED_EXPERIMENTAL_TRAINING_DATA
Barishal,BRRI dhan rice 87,6,6.41,124.3,97.9,23.8,84.9,6.61,SIMULATED_EXPERIMENTAL_TRAINING_DATA
Barishal,BRRI dhan rice 87,7,5.76,136.9,91.7,23.0,118.8,6.2,SIMULATED_EXPERIMENTAL_TRAINING_DATA
Barishal,BRRI dhan rice 87,8,5.88,139.1,103.4,22.8,98.4,5.69,SIMULATED_EXPERIMENTAL_TRAINING_DATA
Barishal,BRRI dhan rice 87,9,4.98,136.4,90.7,29.4,89.4,6.21,SIMULATED_EXPERIMENTAL_TRAINING_DATA
Barishal,BRRI dhan rice 87,10,6.72,123.7,94.9,21.7,98.1,6.2,SIMULATED_EXPERIMENTAL_TRAINING_DATA
Barishal,BRRI dhan rice 87,11,6.13,130.3,94.4,19.3,94.0,6.58,SIMULATED_EXPERIMENTAL_TRAINING_DATA
Barishal,BRRI dhan rice 87,12,5.95,144.5,99.4,22.6,114.8,6.08,SIMULATED_EXPERIMENTAL_TRAINING_DATA
Barishal,BRRI dhan rice 87,13,5.23,145.1,80.0,23.9,83.5,5.99,SIMULATED_EXPERIMENTAL_TRAINING_DATA
Barishal,BRRI dhan rice 87,14,5.42,136.4,104.9,23.9,99.6,6.29,SIMULATED_EXPERIMENTAL_TRAINING_DATA
Barishal,BRRI dhan rice 87,15,5.86,139.2,82.3,22.8,111.1,6.47,SIMULATED_EXPERIMENTAL_TRAINING_DATA
Barishal,BRRI dhan rice 87,16,5.88,135.8,103.3,15.6,96.4,6.54,SIMULATED_EXPERIMENTAL_TRAINING_DATA
Barishal,BRRI dhan rice 87,17,5.66,144.8,95.7,21.6,95.0,6.41,SIMULATED_EXPERIMENTAL_TRAINING_DATA
Barishal,BRRI dhan rice 87,18,6.39,128.0,92.1,21.7,122.8,6.18,SIMULATED_EXPERIMENTAL_TRAINING_DATA
Barishal,BRRI dhan rice 87,19,5.71,128.5,108.1,19.6,105.5,6.37,SIMULATED_EXPERIMENTAL_TRAINING_DATA
Barishal,BRRI dhan rice 87,20,6.06,133.7,89.9,18.4,96.6,6.31,SIMULATED_EXPERIMENTAL_TRAINING_DATA
Barishal,Hybrid H1,1,6.28,127.7,108.7,20.9,77.2,5.84,SIMULATED_EXPERIMENTAL_TRAINING_DATA
Barishal,Hybrid H1,2,6.93,125.9,105.9,21.7,109.7,6.36,SIMULATED_EXPERIMENTAL_TRAINING_DATA
Barishal,Hybrid H1,3,6.91,142.6,108.4,26.1,95.2,6.06,SIMULATED_EXPERIMENTAL_TRAINING_DATA
Barishal,Hybrid H1,4,8.28,127.1,103.9,24.3,116.2,6.32,SIMULATED_EXPERIMENTAL_TRAINING_DATA
Barishal,Hybrid H1,5,7.23,136.3,126.8,21.1,124.3,6.23,SIMULATED_EXPERIMENTAL_TRAINING_DATA
Barishal,Hybrid H1,6,6.68,131.4,115.9,25.5,91.5,6.44,SIMULATED_EXPERIMENTAL_TRAINING_DATA
Barishal,Hybrid H1,7,6.47,132.4,98.3,24.5,108.2,6.28,SIMULATED_EXPERIMENTAL_TRAINING_DATA
Barishal,Hybrid H1,8,7.56,128.8,129.0,23.9,103.9,6.61,SIMULATED_EXPERIMENTAL_TRAINING_DATA
Barishal,Hybrid H1,9,6.98,131.4,106.2,17.9,95.2,6.44,SIMULATED_EXPERIMENTAL_TRAINING_DATA
Barishal,Hybrid H1,10,5.34,133.5,103.5,21.5,94.3,6.03,SIMULATED_EXPERIMENTAL_TRAINING_DATA
Barishal,Hybrid H1,11,7.33,124.6,109.9,22.3,94.3,5.54,SIMULATED_EXPERIMENTAL_TRAINING_DATA
Barishal,Hybrid H1,12,7.89,122.7,98.4,23.3,117.1,5.97,SIMULATED_EXPERIMENTAL_TRAINING_DATA
Barishal,Hybrid H1,13,6.49,125.9,108.0,21.0,107.0,5.69,SIMULATED_EXPERIMENTAL_TRAINING_DATA
Barishal,Hybrid H1,14,6.81,137.8,104.4,31.2,128.8,5.61,SIMULATED_EXPERIMENTAL_TRAINING_DATA
Barishal,Hybrid H1,15,7.99,127.9,102.1,24.8,95.7,5.9,SIMULATED_EXPERIMENTAL_TRAINING_DATA
Barishal,Hybrid H1,16,7.57,141.5,92.5,18.8,105.6,5.71,SIMULATED_EXPERIMENTAL_TRAINING_DATA
Barishal,Hybrid H1,17,7.13,139.9,118.9,21.3,103.5,6.17,SIMULATED_EXPERIMENTAL_TRAINING_DATA
Barishal,Hybrid H1,18,7.03,150.7,113.6,19.4,112.0,6.63,SIMULATED_EXPERIMENTAL_TRAINING_DATA
Barishal,Hybrid H1,19,7.64,121.2,104.6,22.0,94.6,6.45,SIMULATED_EXPERIMENTAL_TRAINING_DATA
Barishal,Hybrid H1,20,7.98,128.3,110.7,19.3,82.6,6.26,SIMULATED_EXPERIMENTAL_TRAINING_DATA
Barishal,Local variety,1,4.48,168.5,117.4,22.8,97.8,6.11,SIMULATED_EXPERIMENTAL_TRAINING_DATA
Barishal,Local variety,2,4.69,158.8,122.7,18.2,80.8,6.25,SIMULATED_EXPERIMENTAL_TRAINING_DATA
Barishal,Local variety,3,4.2,165.1,121.0,17.9,93.2,5.68,SIMULATED_EXPERIMENTAL_TRAINING_DATA
Barishal,Local variety,4,3.13,175.9,117.1,18.4,110.4,6.16,SIMULATED_EXPERIMENTAL_TRAINING_DATA
Barishal,Local variety,5,3.69,160.2,120.1,20.1,104.6,6.17,SIMULATED_EXPERIMENTAL_TRAINING_DATA
Barishal,Local variety,6,3.65,149.8,118.3,21.7,96.5,6.58,SIMULATED_EXPERIMENTAL_TRAINING_DATA
Barishal,Local variety,7,3.5,158.7,103.7,18.9,113.6,6.18,SIMULATED_EXPERIMENTAL_TRAINING_DATA
Barishal,Local variety,8,4.04,163.4,120.0,12.6,123.4,6.14,SIMULATED_EXPERIMENTAL_TRAINING_DATA
Barishal,Local variety,9,3.63,162.6,107.9,19.3,93.9,7.25,SIMULATED_EXPERIMENTAL_TRAINING_DATA
Barishal,Local variety,10,3.46,163.8,105.8,15.3,92.3,6.1,SIMULATED_EXPERIMENTAL_TRAINING_DATA
Barishal,Local variety,11,4.17,154.8,116.4,25.2,100.2,6.86,SIMULATED_EXPERIMENTAL_TRAINING_DATA
Barishal,Local variety,12,3.52,148.5,126.6,21.3,96.8,6.32,SIMULATED_EXPERIMENTAL_TRAINING_DATA
Barishal,Local variety,13,3.6,155.1,111.6,20.1,91.0,6.35,SIMULATED_EXPERIMENTAL_TRAINING_DATA
Barishal,Local variety,14,3.81,152.9,116.0,19.4,117.5,5.84,SIMULATED_EXPERIMENTAL_TRAINING_DATA
Barishal,Local variety,15,3.96,161.7,103.0,19.9,96.4,6.62,SIMULATED_EXPERIMENTAL_TRAINING_DATA
Barishal,Local variety,16,4.0,159.5,117.1,25.2,103.5,6.63,SIMULATED_EXPERIMENTAL_TRAINING_DATA
Barishal,Local variety,17,4.44,153.6,110.2,20.4,84.9,6.22,SIMULATED_EXPERIMENTAL_TRAINING_DATA
Barishal,Local variety,18,3.01,159.9,119.9,26.6,112.0,6.49,SIMULATED_EXPERIMENTAL_TRAINING_DATA
Barishal,Local variety,19,4.06,149.2,107.4,22.6,99.6,6.5,SIMULATED_EXPERIMENTAL_TRAINING_DATA
Barishal,Local variety,20,3.94,164.5,105.2,24.0,110.6,6.2,SIMULATED_EXPERIMENTAL_TRAINING_DATA
Sylhet,BRRI dhan28,1,4.64,140.6,115.4,21.7,102.0,6.59,SIMULATED_EXPERIMENTAL_TRAINING_DATA
Sylhet,BRRI dhan28,2,5.07,147.1,110.4,18.6,109.0,5.93,SIMULATED_EXPERIMENTAL_TRAINING_DATA
Sylhet,BRRI dhan28,3,4.17,147.4,93.9,25.3,100.8,6.19,SIMULATED_EXPERIMENTAL_TRAINING_DATA
Sylhet,BRRI dhan28,4,5.51,145.7,90.9,19.1,96.0,6.12,SIMULATED_EXPERIMENTAL_TRAINING_DATA
Sylhet,BRRI dhan28,5,4.1,153.9,79.7,30.5,116.2,5.96,SIMULATED_EXPERIMENTAL_TRAINING_DATA
Sylhet,BRRI dhan28,6,5.12,148.4,88.1,17.9,85.0,6.23,SIMULATED_EXPERIMENTAL_TRAINING_DATA
Sylhet,BRRI dhan28,7,6.03,158.9,104.4,21.6,73.5,6.76,SIMULATED_EXPERIMENTAL_TRAINING_DATA
Sylhet,BRRI dhan28,8,6.64,150.5,92.9,25.2,109.9,6.97,SIMULATED_EXPERIMENTAL_TRAINING_DATA
Sylhet,BRRI dhan28,9,4.44,152.4,99.0,27.1,85.1,6.28,SIMULATED_EXPERIMENTAL_TRAINING_DATA
Sylhet,BRRI dhan28,10,5.66,153.3,109.6,24.3,92.2,5.71,SIMULATED_EXPERIMENTAL_TRAINING_DATA
Sylhet,BRRI dhan28,11,4.3,150.4,89.4,16.5,95.6,6.21,SIMULATED_EXPERIMENTAL_TRAINING_DATA
Sylhet,BRRI dhan28,12,5.26,135.6,80.3,17.0,104.7,5.83,SIMULATED_EXPERIMENTAL_TRAINING_DATA
Sylhet,BRRI dhan28,13,5.22,146.5,100.5,23.0,110.3,6.59,SIMULATED_EXPERIMENTAL_TRAINING_DATA
Sylhet,BRRI dhan28,14,5.7,156.2,99.5,20.5,87.5,5.99,SIMULATED_EXPERIMENTAL_TRAINING_DATA
Sylhet,BRRI dhan28,15,5.01,144.7,87.6,22.0,104.9,6.26,SIMULATED_EXPERIMENTAL_TRAINING_DATA
Sylhet,BRRI dhan28,16,5.32,142.7,99.1,24.8,90.7,5.48,SIMULATED_EXPERIMENTAL_TRAINING_DATA
Sylhet,BRRI dhan28,17,5.12,132.7,104.6,22.2,80.4,6.1,SIMULATED_EXPERIMENTAL_TRAINING_DATA
Sylhet,BRRI dhan28,18,5.44,145.4,93.8,27.7,88.6,6.45,SIMULATED_EXPERIMENTAL_TRAINING_DATA
Sylhet,BRRI dhan28,19,6.28,142.0,98.0,22.3,106.8,6.66,SIMULATED_EXPERIMENTAL_TRAINING_DATA
Sylhet,BRRI dhan28,20,5.72,148.1,100.2,20.5,105.0,7.01,SIMULATED_EXPERIMENTAL_TRAINING_DATA
Sylhet,BRRI dhan29,1,7.01,162.8,106.2,22.2,94.6,5.64,SIMULATED_EXPERIMENTAL_TRAINING_DATA
Sylhet,BRRI dhan29,2,6.49,156.6,104.0,26.2,107.9,5.98,SIMULATED_EXPERIMENTAL_TRAINING_DATA
Sylhet,BRRI dhan29,3,5.07,146.1,103.6,20.2,116.7,6.04,SIMULATED_EXPERIMENTAL_TRAINING_DATA
Sylhet,BRRI dhan29,4,6.9,163.8,102.1,24.8,104.7,5.07,SIMULATED_EXPERIMENTAL_TRAINING_DATA
Sylhet,BRRI dhan29,5,6.69,149.8,113.8,21.2,79.2,6.64,SIMULATED_EXPERIMENTAL_TRAINING_DATA
Sylhet,BRRI dhan29,6,6.6,154.4,82.0,24.0,100.1,6.1,SIMULATED_EXPERIMENTAL_TRAINING_DATA
Sylhet,BRRI dhan29,7,6.38,150.5,104.8,26.8,97.2,6.64,SIMULATED_EXPERIMENTAL_TRAINING_DATA
Sylhet,BRRI dhan29,8,6.45,150.5,109.9,14.3,121.4,6.0,SIMULATED_EXPERIMENTAL_TRAINING_DATA
Sylhet,BRRI dhan29,9,6.43,150.6,108.0,22.9,86.5,6.57,SIMULATED_EXPERIMENTAL_TRAINING_DATA
Sylhet,BRRI dhan29,10,6.08,154.8,96.4,24.7,93.1,6.35,SIMULATED_EXPERIMENTAL_TRAINING_DATA
Sylhet,BRRI dhan29,11,6.28,158.6,103.8,26.0,82.2,5.86,SIMULATED_EXPERIMENTAL_TRAINING_DATA
Sylhet,BRRI dhan29,12,6.39,154.8,115.1,18.8,98.0,6.63,SIMULATED_EXPERIMENTAL_TRAINING_DATA
Sylhet,BRRI dhan29,13,6.28,157.2,98.1,21.0,108.8,5.59,SIMULATED_EXPERIMENTAL_TRAINING_DATA
Sylhet,BRRI dhan29,14,7.11,151.7,111.3,24.2,105.2,6.36,SIMULATED_EXPERIMENTAL_TRAINING_DATA
Sylhet,BRRI dhan29,15,5.84,158.3,91.9,23.9,92.5,6.49,SIMULATED_EXPERIMENTAL_TRAINING_DATA
Sylhet,BRRI dhan29,16,7.0,143.4,129.9,22.2,109.4,6.02,SIMULATED_EXPERIMENTAL_TRAINING_DATA
Sylhet,BRRI dhan29,17,6.97,153.2,110.5,16.9,106.3,6.22,SIMULATED_EXPERIMENTAL_TRAINING_DATA
Sylhet,BRRI dhan29,18,6.33,158.6,93.1,18.2,101.2,6.53,SIMULATED_EXPERIMENTAL_TRAINING_DATA
Sylhet,BRRI dhan29,19,5.52,154.2,106.1,22.2,87.4,5.67,SIMULATED_EXPERIMENTAL_TRAINING_DATA
Sylhet,BRRI dhan29,20,5.65,154.6,96.1,25.0,108.8,6.24,SIMULATED_EXPERIMENTAL_TRAINING_DATA
Sylhet,BRRI dhan49,1,5.14,153.7,107.2,18.1,103.9,6.08,SIMULATED_EXPERIMENTAL_TRAINING_DATA
Sylhet,BRRI dhan49,2,5.7,153.5,111.0,24.4,123.6,5.8,SIMULATED_EXPERIMENTAL_TRAINING_DATA
Sylhet,BRRI dhan49,3,4.49,136.9,118.5,20.4,89.7,6.4,SIMULATED_EXPERIMENTAL_TRAINING_DATA
Sylhet,BRRI dhan49,4,5.38,137.2,112.3,24.5,122.6,5.63,SIMULATED_EXPERIMENTAL_TRAINING_DATA
Sylhet,BRRI dhan49,5,5.09,134.0,102.1,22.4,103.7,6.12,SIMULATED_EXPERIMENTAL_TRAINING_DATA
Sylhet,BRRI dhan49,6,4.18,153.7,99.0,24.7,86.8,5.89,SIMULATED_EXPERIMENTAL_TRAINING_DATA
Sylhet,BRRI dhan49,7,5.98,138.5,99.7,22.1,103.3,6.4,SIMULATED_EXPERIMENTAL_TRAINING_DATA
Sylhet,BRRI dhan49,8,5.75,138.6,111.7,20.5,87.7,6.36,SIMULATED_EXPERIMENTAL_TRAINING_DATA
Sylhet,BRRI dhan49,9,6.03,147.0,98.9,21.7,104.3,6.04,SIMULATED_EXPERIMENTAL_TRAINING_DATA
Sylhet,BRRI dhan49,10,5.67,154.5,109.4,17.5,74.7,6.08,SIMULATED_EXPERIMENTAL_TRAINING_DATA
Sylhet,BRRI dhan49,11,4.93,142.2,90.3,23.5,98.9,5.72,SIMULATED_EXPERIMENTAL_TRAINING_DATA
Sylhet,BRRI dhan49,12,4.48,147.4,93.4,24.2,88.3,6.07,SIMULATED_EXPERIMENTAL_TRAINING_DATA
Sylhet,BRRI dhan49,13,6.22,146.3,96.7,22.1,109.3,7.1,SIMULATED_EXPERIMENTAL_TRAINING_DATA
Sylhet,BRRI dhan49,14,5.16,152.7,114.2,25.5,128.7,6.59,SIMULATED_EXPERIMENTAL_TRAINING_DATA
Sylhet,BRRI dhan49,15,4.71,150.3,113.0,21.6,81.0,6.51,SIMULATED_EXPERIMENTAL_TRAINING_DATA
Sylhet,BRRI dhan49,16,5.2,143.7,99.7,21.5,99.4,5.88,SIMULATED_EXPERIMENTAL_TRAINING_DATA
Sylhet,BRRI dhan49,17,4.97,154.7,94.1,21.3,117.7,6.17,SIMULATED_EXPERIMENTAL_TRAINING_DATA
Sylhet,BRRI dhan49,18,5.17,153.6,118.3,21.1,108.5,6.24,SIMULATED_EXPERIMENTAL_TRAINING_DATA
Sylhet,BRRI dhan49,19,6.56,147.3,113.2,22.3,100.9,5.8,SIMULATED_EXPERIMENTAL_TRAINING_DATA
Sylhet,BRRI dhan49,20,5.27,153.0,110.9,23.8,114.3,5.99,SIMULATED_EXPERIMENTAL_TRAINING_DATA
Sylhet,BRRI dhan rice 87,1,6.04,122.9,95.2,25.3,124.7,6.36,SIMULATED_EXPERIMENTAL_TRAINING_DATA
Sylhet,BRRI dhan rice 87,2,5.68,133.3,80.7,24.1,81.9,5.67,SIMULATED_EXPERIMENTAL_TRAINING_DATA
Sylhet,BRRI dhan rice 87,3,5.49,130.8,95.1,27.6,94.3,6.1,SIMULATED_EXPERIMENTAL_TRAINING_DATA
Sylhet,BRRI dhan rice 87,4,6.19,133.4,105.6,20.6,101.1,7.03,SIMULATED_EXPERIMENTAL_TRAINING_DATA
Sylhet,BRRI dhan rice 87,5,7.09,136.7,79.2,22.9,111.1,6.53,SIMULATED_EXPERIMENTAL_TRAINING_DATA
Sylhet,BRRI dhan rice 87,6,4.88,129.6,92.3,21.8,90.0,5.59,SIMULATED_EXPERIMENTAL_TRAINING_DATA
Sylhet,BRRI dhan rice 87,7,5.79,123.4,96.3,21.5,80.2,5.88,SIMULATED_EXPERIMENTAL_TRAINING_DATA
Sylhet,BRRI dhan rice 87,8,4.88,151.1,74.9,25.0,81.6,6.1,SIMULATED_EXPERIMENTAL_TRAINING_DATA
Sylhet,BRRI dhan rice 87,9,5.61,127.8,97.3,29.9,104.6,6.28,SIMULATED_EXPERIMENTAL_TRAINING_DATA
Sylhet,BRRI dhan rice 87,10,5.64,155.1,87.8,27.9,108.9,6.32,SIMULATED_EXPERIMENTAL_TRAINING_DATA
Sylhet,BRRI dhan rice 87,11,6.64,130.3,88.9,28.2,93.5,6.19,SIMULATED_EXPERIMENTAL_TRAINING_DATA
Sylhet,BRRI dhan rice 87,12,4.66,137.1,85.3,22.1,108.5,5.82,SIMULATED_EXPERIMENTAL_TRAINING_DATA
Sylhet,BRRI dhan rice 87,13,5.64,129.9,83.9,19.8,134.2,6.08,SIMULATED_EXPERIMENTAL_TRAINING_DATA
Sylhet,BRRI dhan rice 87,14,6.53,142.7,101.6,20.0,110.0,6.27,SIMULATED_EXPERIMENTAL_TRAINING_DATA
Sylhet,BRRI dhan rice 87,15,6.74,135.9,95.2,27.1,80.5,6.31,SIMULATED_EXPERIMENTAL_TRAINING_DATA
Sylhet,BRRI dhan rice 87,16,6.37,124.0,93.2,19.7,103.8,7.18,SIMULATED_EXPERIMENTAL_TRAINING_DATA
Sylhet,BRRI dhan rice 87,17,6.28,134.5,98.1,26.7,113.6,5.8,SIMULATED_EXPERIMENTAL_TRAINING_DATA
Sylhet,BRRI dhan rice 87,18,6.59,141.7,92.1,21.9,103.4,6.33,SIMULATED_EXPERIMENTAL_TRAINING_DATA
Sylhet,BRRI dhan rice 87,19,5.23,135.7,94.3,24.9,104.7,6.35,SIMULATED_EXPERIMENTAL_TRAINING_DATA
Sylhet,BRRI dhan rice 87,20,5.75,133.3,73.3,22.1,100.8,5.89,SIMULATED_EXPERIMENTAL_TRAINING_DATA
Sylhet,Hybrid H1,1,6.98,126.8,110.3,24.2,94.6,5.95,SIMULATED_EXPERIMENTAL_TRAINING_DATA
Sylhet,Hybrid H1,2,5.28,135.4,103.7,18.0,97.5,6.58,SIMULATED_EXPERIMENTAL_TRAINING_DATA
Sylhet,Hybrid H1,3,8.09,144.8,103.3,18.4,93.3,5.8,SIMULATED_EXPERIMENTAL_TRAINING_DATA
Sylhet,Hybrid H1,4,6.34,133.4,118.2,25.9,101.2,6.46,SIMULATED_EXPERIMENTAL_TRAINING_DATA
Sylhet,Hybrid H1,5,6.7,123.9,107.1,26.6,89.9,6.21,SIMULATED_EXPERIMENTAL_TRAINING_DATA
Sylhet,Hybrid H1,6,7.34,125.4,105.3,21.6,98.0,6.2,SIMULATED_EXPERIMENTAL_TRAINING_DATA
Sylhet,Hybrid H1,7,6.73,124.6,123.7,26.5,109.7,6.16,SIMULATED_EXPERIMENTAL_TRAINING_DATA
Sylhet,Hybrid H1,8,7.45,133.8,108.0,21.7,119.2,6.66,SIMULATED_EXPERIMENTAL_TRAINING_DATA
Sylhet,Hybrid H1,9,6.98,133.3,106.4,25.4,103.6,7.04,SIMULATED_EXPERIMENTAL_TRAINING_DATA
Sylhet,Hybrid H1,10,7.6,129.6,115.8,20.3,81.9,5.54,SIMULATED_EXPERIMENTAL_TRAINING_DATA
Sylhet,Hybrid H1,11,5.86,133.4,132.7,17.7,99.4,6.62,SIMULATED_EXPERIMENTAL_TRAINING_DATA
Sylhet,Hybrid H1,12,6.52,129.6,95.6,21.8,129.2,6.91,SIMULATED_EXPERIMENTAL_TRAINING_DATA
Sylhet,Hybrid H1,13,6.57,131.1,88.8,27.7,105.2,5.93,SIMULATED_EXPERIMENTAL_TRAINING_DATA
Sylhet,Hybrid H1,14,7.51,137.2,117.1,24.9,102.0,5.79,SIMULATED_EXPERIMENTAL_TRAINING_DATA
Sylhet,Hybrid H1,15,5.27,136.4,96.8,27.0,86.7,6.11,SIMULATED_EXPERIMENTAL_TRAINING_DATA
Sylhet,Hybrid H1,16,7.57,136.2,128.3,22.8,90.2,5.68,SIMULATED_EXPERIMENTAL_TRAINING_DATA
Sylhet,Hybrid H1,17,6.61,122.7,124.4,25.4,84.6,5.53,SIMULATED_EXPERIMENTAL_TRAINING_DATA
Sylhet,Hybrid H1,18,7.16,122.3,103.5,24.7,110.5,5.95,SIMULATED_EXPERIMENTAL_TRAINING_DATA
Sylhet,Hybrid H1,19,6.89,126.6,108.2,21.4,100.3,6.43,SIMULATED_EXPERIMENTAL_TRAINING_DATA
Sylhet,Hybrid H1,20,6.74,131.5,106.2,17.7,101.5,6.39,SIMULATED_EXPERIMENTAL_TRAINING_DATA
Sylhet,Local variety,1,3.86,171.1,101.6,21.3,96.1,6.41,SIMULATED_EXPERIMENTAL_TRAINING_DATA
Sylhet,Local variety,2,3.91,157.9,119.7,23.9,117.3,6.39,SIMULATED_EXPERIMENTAL_TRAINING_DATA
Sylhet,Local variety,3,4.13,155.3,119.7,20.1,110.0,5.87,SIMULATED_EXPERIMENTAL_TRAINING_DATA
Sylhet,Local variety,4,2.92,155.5,102.8,23.7,115.3,6.36,SIMULATED_EXPERIMENTAL_TRAINING_DATA
Sylhet,Local variety,5,4.34,162.1,116.2,18.6,105.2,6.03,SIMULATED_EXPERIMENTAL_TRAINING_DATA
Sylhet,Local variety,6,2.87,157.0,114.7,20.8,98.9,5.89,SIMULATED_EXPERIMENTAL_TRAINING_DATA
Sylhet,Local variety,7,2.48,165.0,103.0,20.7,91.0,6.73,SIMULATED_EXPERIMENTAL_TRAINING_DATA
Sylhet,Local variety,8,3.48,158.1,118.0,21.4,105.1,6.46,SIMULATED_EXPERIMENTAL_TRAINING_DATA
Sylhet,Local variety,9,4.24,160.5,126.9,20.7,101.1,6.27,SIMULATED_EXPERIMENTAL_TRAINING_DATA
Sylhet,Local variety,10,3.17,154.6,113.3,16.5,114.3,6.61,SIMULATED_EXPERIMENTAL_TRAINING_DATA
Sylhet,Local variety,11,2.3,154.8,110.9,19.2,84.3,5.66,SIMULATED_EXPERIMENTAL_TRAINING_DATA
Sylhet,Local variety,12,2.63,157.6,105.5,16.1,91.5,6.06,SIMULATED_EXPERIMENTAL_TRAINING_DATA
Sylhet,Local variety,13,4.5,158.9,126.2,12.0,96.8,5.89,SIMULATED_EXPERIMENTAL_TRAINING_DATA
Sylhet,Local variety,14,3.18,166.1,120.3,24.6,109.9,6.46,SIMULATED_EXPERIMENTAL_TRAINING_DATA
Sylhet,Local variety,15,3.68,163.1,125.5,23.9,76.5,6.24,SIMULATED_EXPERIMENTAL_TRAINING_DATA
Sylhet,Local variety,16,3.36,158.2,99.3,29.3,100.6,6.22,SIMULATED_EXPERIMENTAL_TRAINING_DATA
Sylhet,Local variety,17,3.26,155.0,119.0,25.2,98.7,6.88,SIMULATED_EXPERIMENTAL_TRAINING_DATA
Sylhet,Local variety,18,3.72,169.5,114.5,21.4,131.7,5.9,SIMULATED_EXPERIMENTAL_TRAINING_DATA
Sylhet,Local variety,19,2.81,143.2,121.4,24.3,91.2,6.26,SIMULATED_EXPERIMENTAL_TRAINING_DATA
Sylhet,Local variety,20,2.59,166.6,105.6,18.3,99.6,6.32,SIMULATED_EXPERIMENTAL_TRAINING_DATA
