District_ID,District,Division,Latitude,Longitude,Illustrative_Rainfall_mm_Annual,Illustrative_Crop_Yield_t_ha,Illustrative_Agriculture_Index,Data_Status
BD-01,Bagerhat,Khulna,22.6516,89.7859,1891.3,3.99,92.5,ILLUSTRATIVE_SYNTHETIC_TRAINING_DATA
BD-02,Bandarban,Chattogram,22.1953,92.2184,2249.0,4.94,79.1,ILLUSTRATIVE_SYNTHETIC_TRAINING_DATA
BD-03,Barguna,Barishal,22.1596,90.1266,1969.7,4.69,56.6,ILLUSTRATIVE_SYNTHETIC_TRAINING_DATA
BD-04,Barishal,Barishal,22.701,90.3535,2915.1,4.13,38.7,ILLUSTRATIVE_SYNTHETIC_TRAINING_DATA
BD-05,Bhola,Barishal,22.6859,90.6482,2137.1,5.09,90.1,ILLUSTRATIVE_SYNTHETIC_TRAINING_DATA
BD-06,Bogra,Rajshahi,24.8465,89.3773,2133.2,4.21,58.3,ILLUSTRATIVE_SYNTHETIC_TRAINING_DATA
BD-07,Brahmanbaria,Chattogram,23.9571,91.1119,2435.8,4.32,41.5,ILLUSTRATIVE_SYNTHETIC_TRAINING_DATA
BD-08,Chandpur,Chattogram,23.2333,90.6631,2621.5,5.04,60.6,ILLUSTRATIVE_SYNTHETIC_TRAINING_DATA
BD-09,Chattogram,Chattogram,22.3569,91.7832,2938.4,4.63,44.4,ILLUSTRATIVE_SYNTHETIC_TRAINING_DATA
BD-10,Chuadanga,Khulna,23.6402,88.8418,1962.2,4.89,94.8,ILLUSTRATIVE_SYNTHETIC_TRAINING_DATA
BD-11,Cox's Bazar,Chattogram,21.4272,92.0058,2437.5,5.13,51.9,ILLUSTRATIVE_SYNTHETIC_TRAINING_DATA
BD-12,Cumilla,Chattogram,23.4607,91.1809,2252.5,3.75,73.8,ILLUSTRATIVE_SYNTHETIC_TRAINING_DATA
BD-13,Dhaka,Dhaka,23.8103,90.4125,2590.1,4.62,89.7,ILLUSTRATIVE_SYNTHETIC_TRAINING_DATA
BD-14,Dinajpur,Rangpur,25.6279,88.6332,2533.7,4.73,57.8,ILLUSTRATIVE_SYNTHETIC_TRAINING_DATA
BD-15,Faridpur,Dhaka,23.607,89.8429,2478.3,3.91,67.2,ILLUSTRATIVE_SYNTHETIC_TRAINING_DATA
BD-16,Feni,Chattogram,23.0159,91.3976,2881.5,4.05,47.6,ILLUSTRATIVE_SYNTHETIC_TRAINING_DATA
BD-17,Gaibandha,Rangpur,25.3288,89.5281,2025.1,4.24,81.4,ILLUSTRATIVE_SYNTHETIC_TRAINING_DATA
BD-18,Gazipur,Dhaka,24.0023,90.4264,1697.3,5.19,89.2,ILLUSTRATIVE_SYNTHETIC_TRAINING_DATA
BD-19,Gopalganj,Dhaka,23.0051,89.8266,1736.2,4.94,69.8,ILLUSTRATIVE_SYNTHETIC_TRAINING_DATA
BD-20,Habiganj,Sylhet,24.3745,91.4155,2308.2,4.12,59.3,ILLUSTRATIVE_SYNTHETIC_TRAINING_DATA
BD-21,Jamalpur,Mymensingh,24.9375,89.937,2036.1,4.01,46.6,ILLUSTRATIVE_SYNTHETIC_TRAINING_DATA
BD-22,Jashore,Khulna,23.1664,89.2081,2141.7,4.81,71.5,ILLUSTRATIVE_SYNTHETIC_TRAINING_DATA
BD-23,Jhalokati,Barishal,22.6406,90.1987,2220.4,4.43,71.3,ILLUSTRATIVE_SYNTHETIC_TRAINING_DATA
BD-24,Jhenaidah,Khulna,23.5448,89.1539,2294.4,4.16,38.5,ILLUSTRATIVE_SYNTHETIC_TRAINING_DATA
BD-25,Joypurhat,Rajshahi,25.0968,89.0227,1987.2,4.29,59.9,ILLUSTRATIVE_SYNTHETIC_TRAINING_DATA
BD-26,Khagrachhari,Chattogram,23.1193,91.9847,2501.8,5.22,53.8,ILLUSTRATIVE_SYNTHETIC_TRAINING_DATA
BD-27,Khulna,Khulna,22.8456,89.5403,2111.8,4.6,82.7,ILLUSTRATIVE_SYNTHETIC_TRAINING_DATA
BD-28,Kishoreganj,Dhaka,24.426,90.9821,2448.1,4.37,86.2,ILLUSTRATIVE_SYNTHETIC_TRAINING_DATA
BD-29,Kurigram,Rangpur,25.8054,89.6362,1968.7,5.06,91.6,ILLUSTRATIVE_SYNTHETIC_TRAINING_DATA
BD-30,Kushtia,Khulna,23.9013,89.1205,2091.5,5.37,51.7,ILLUSTRATIVE_SYNTHETIC_TRAINING_DATA
BD-31,Lakshmipur,Chattogram,22.9447,90.8282,1940.9,4.88,75.0,ILLUSTRATIVE_SYNTHETIC_TRAINING_DATA
BD-32,Lalmonirhat,Rangpur,25.9923,89.2847,1987.1,3.58,42.0,ILLUSTRATIVE_SYNTHETIC_TRAINING_DATA
BD-33,Madaripur,Dhaka,23.1641,90.1897,2466.7,4.28,39.9,ILLUSTRATIVE_SYNTHETIC_TRAINING_DATA
BD-34,Magura,Khulna,23.4873,89.419,2370.1,4.13,81.1,ILLUSTRATIVE_SYNTHETIC_TRAINING_DATA
BD-35,Manikganj,Dhaka,23.8617,90.0003,2617.3,4.56,73.0,ILLUSTRATIVE_SYNTHETIC_TRAINING_DATA
BD-36,Meherpur,Khulna,23.7622,88.6318,2492.5,4.29,81.0,ILLUSTRATIVE_SYNTHETIC_TRAINING_DATA
BD-37,Moulvibazar,Sylhet,24.4829,91.7774,3050.6,4.68,51.5,ILLUSTRATIVE_SYNTHETIC_TRAINING_DATA
BD-38,Munshiganj,Dhaka,23.5422,90.5305,2903.2,3.96,77.5,ILLUSTRATIVE_SYNTHETIC_TRAINING_DATA
BD-39,Mymensingh,Mymensingh,24.7471,90.4203,2240.3,5.08,38.3,ILLUSTRATIVE_SYNTHETIC_TRAINING_DATA
BD-40,Naogaon,Rajshahi,24.7936,88.9318,2284.1,5.59,79.3,ILLUSTRATIVE_SYNTHETIC_TRAINING_DATA
BD-41,Narail,Khulna,23.1725,89.5127,2207.0,5.49,74.0,ILLUSTRATIVE_SYNTHETIC_TRAINING_DATA
BD-42,Narayanganj,Dhaka,23.6238,90.5,2207.3,4.49,40.8,ILLUSTRATIVE_SYNTHETIC_TRAINING_DATA
BD-43,Narsingdi,Dhaka,23.9322,90.7151,2480.8,4.83,35.8,ILLUSTRATIVE_SYNTHETIC_TRAINING_DATA
BD-44,Natore,Rajshahi,24.4206,89.0,2359.9,5.2,83.3,ILLUSTRATIVE_SYNTHETIC_TRAINING_DATA
BD-45,Netrokona,Mymensingh,24.87,90.727,2570.0,4.53,41.5,ILLUSTRATIVE_SYNTHETIC_TRAINING_DATA
BD-46,Nilphamari,Rangpur,25.9318,88.856,1900.1,5.08,36.4,ILLUSTRATIVE_SYNTHETIC_TRAINING_DATA
BD-47,Noakhali,Chattogram,22.8696,91.0995,2335.2,4.42,92.8,ILLUSTRATIVE_SYNTHETIC_TRAINING_DATA
BD-48,Pabna,Rajshahi,24.0064,89.2372,2043.8,4.04,72.9,ILLUSTRATIVE_SYNTHETIC_TRAINING_DATA
BD-49,Panchagarh,Rangpur,26.3411,88.5542,2126.6,4.3,70.5,ILLUSTRATIVE_SYNTHETIC_TRAINING_DATA
BD-50,Patuakhali,Barishal,22.3596,90.3299,2640.8,4.33,54.2,ILLUSTRATIVE_SYNTHETIC_TRAINING_DATA
BD-51,Pirojpur,Barishal,22.5797,89.975,2857.9,4.5,75.9,ILLUSTRATIVE_SYNTHETIC_TRAINING_DATA
BD-52,Rajbari,Dhaka,23.7574,89.6445,1830.1,3.74,56.2,ILLUSTRATIVE_SYNTHETIC_TRAINING_DATA
BD-53,Rajshahi,Rajshahi,24.3745,88.6042,2119.3,4.48,51.7,ILLUSTRATIVE_SYNTHETIC_TRAINING_DATA
BD-54,Rangamati,Chattogram,22.7324,92.2985,2167.6,4.27,58.6,ILLUSTRATIVE_SYNTHETIC_TRAINING_DATA
BD-55,Rangpur,Rangpur,25.7439,89.2752,1769.7,3.95,72.7,ILLUSTRATIVE_SYNTHETIC_TRAINING_DATA
BD-56,Satkhira,Khulna,22.7185,89.0705,2216.1,4.82,49.3,ILLUSTRATIVE_SYNTHETIC_TRAINING_DATA
BD-57,Shariatpur,Dhaka,23.2423,90.4348,2296.3,4.55,71.6,ILLUSTRATIVE_SYNTHETIC_TRAINING_DATA
BD-58,Sherpur,Mymensingh,25.0205,90.0153,2476.4,4.7,64.7,ILLUSTRATIVE_SYNTHETIC_TRAINING_DATA
BD-59,Sirajganj,Rajshahi,24.4534,89.7007,2096.9,4.56,55.3,ILLUSTRATIVE_SYNTHETIC_TRAINING_DATA
BD-60,Sunamganj,Sylhet,25.0658,91.395,2101.2,4.49,84.9,ILLUSTRATIVE_SYNTHETIC_TRAINING_DATA
BD-61,Sylhet,Sylhet,24.8949,91.8687,2393.3,4.12,52.6,ILLUSTRATIVE_SYNTHETIC_TRAINING_DATA
BD-62,Tangail,Dhaka,24.2513,89.9167,2225.2,4.01,73.1,ILLUSTRATIVE_SYNTHETIC_TRAINING_DATA
BD-63,Thakurgaon,Rangpur,26.0337,88.4617,2221.9,4.14,62.2,ILLUSTRATIVE_SYNTHETIC_TRAINING_DATA
