Experiment_ID,Crop,Variety,Nitrogen_kg_ha,Phosphorus_kg_ha,Potassium_kg_ha,Irrigation_Level,Replicate,Plant_Height_cm,Grain_Yield_t_ha,Biomass_t_ha,Harvest_Index_pct,Data_Status
R-dhan28-N0-R-R1,Rice,BRRI dhan28,0,30,40,Rainfed,1,82.8,3.84,9.92,38.7,ILLUSTRATIVE_SYNTHETIC_EXPERIMENTAL_TRAINING_DATA
R-dhan28-N0-R-R2,Rice,BRRI dhan28,0,30,40,Rainfed,2,92.8,4.19,10.49,39.9,ILLUSTRATIVE_SYNTHETIC_EXPERIMENTAL_TRAINING_DATA
R-dhan28-N0-R-R3,Rice,BRRI dhan28,0,30,40,Rainfed,3,94.8,4.46,11.41,39.1,ILLUSTRATIVE_SYNTHETIC_EXPERIMENTAL_TRAINING_DATA
R-dhan28-N0-R-R4,Rice,BRRI dhan28,0,30,40,Rainfed,4,93.0,3.67,9.23,39.8,ILLUSTRATIVE_SYNTHETIC_EXPERIMENTAL_TRAINING_DATA
R-dhan28-N0-S-R1,Rice,BRRI dhan28,0,30,40,Supplemental,1,96.8,4.5,10.35,43.4,ILLUSTRATIVE_SYNTHETIC_EXPERIMENTAL_TRAINING_DATA
R-dhan28-N0-S-R2,Rice,BRRI dhan28,0,30,40,Supplemental,2,88.9,4.74,11.6,40.9,ILLUSTRATIVE_SYNTHETIC_EXPERIMENTAL_TRAINING_DATA
R-dhan28-N0-S-R3,Rice,BRRI dhan28,0,30,40,Supplemental,3,97.7,4.55,10.93,41.7,ILLUSTRATIVE_SYNTHETIC_EXPERIMENTAL_TRAINING_DATA
R-dhan28-N0-S-R4,Rice,BRRI dhan28,0,30,40,Supplemental,4,91.1,5.32,12.75,41.7,ILLUSTRATIVE_SYNTHETIC_EXPERIMENTAL_TRAINING_DATA
R-dhan28-N40-R-R1,Rice,BRRI dhan28,40,30,40,Rainfed,1,96.1,4.25,9.45,45.0,ILLUSTRATIVE_SYNTHETIC_EXPERIMENTAL_TRAINING_DATA
R-dhan28-N40-R-R2,Rice,BRRI dhan28,40,30,40,Rainfed,2,105.6,4.28,10.85,39.5,ILLUSTRATIVE_SYNTHETIC_EXPERIMENTAL_TRAINING_DATA
R-dhan28-N40-R-R3,Rice,BRRI dhan28,40,30,40,Rainfed,3,106.7,4.62,12.1,38.2,ILLUSTRATIVE_SYNTHETIC_EXPERIMENTAL_TRAINING_DATA
R-dhan28-N40-R-R4,Rice,BRRI dhan28,40,30,40,Rainfed,4,95.2,4.69,11.03,42.5,ILLUSTRATIVE_SYNTHETIC_EXPERIMENTAL_TRAINING_DATA
R-dhan28-N40-S-R1,Rice,BRRI dhan28,40,30,40,Supplemental,1,99.6,4.85,12.49,38.8,ILLUSTRATIVE_SYNTHETIC_EXPERIMENTAL_TRAINING_DATA
R-dhan28-N40-S-R2,Rice,BRRI dhan28,40,30,40,Supplemental,2,111.9,4.43,11.42,38.8,ILLUSTRATIVE_SYNTHETIC_EXPERIMENTAL_TRAINING_DATA
R-dhan28-N40-S-R3,Rice,BRRI dhan28,40,30,40,Supplemental,3,106.4,4.56,11.88,38.4,ILLUSTRATIVE_SYNTHETIC_EXPERIMENTAL_TRAINING_DATA
R-dhan28-N40-S-R4,Rice,BRRI dhan28,40,30,40,Supplemental,4,107.8,4.95,11.87,41.7,ILLUSTRATIVE_SYNTHETIC_EXPERIMENTAL_TRAINING_DATA
R-dhan28-N80-R-R1,Rice,BRRI dhan28,80,30,40,Rainfed,1,113.6,4.31,10.65,40.5,ILLUSTRATIVE_SYNTHETIC_EXPERIMENTAL_TRAINING_DATA
R-dhan28-N80-R-R2,Rice,BRRI dhan28,80,30,40,Rainfed,2,108.5,4.01,10.42,38.5,ILLUSTRATIVE_SYNTHETIC_EXPERIMENTAL_TRAINING_DATA
R-dhan28-N80-R-R3,Rice,BRRI dhan28,80,30,40,Rainfed,3,107.0,4.69,11.48,40.8,ILLUSTRATIVE_SYNTHETIC_EXPERIMENTAL_TRAINING_DATA
R-dhan28-N80-R-R4,Rice,BRRI dhan28,80,30,40,Rainfed,4,101.5,4.45,10.78,41.3,ILLUSTRATIVE_SYNTHETIC_EXPERIMENTAL_TRAINING_DATA
R-dhan28-N80-S-R1,Rice,BRRI dhan28,80,30,40,Supplemental,1,113.0,4.97,11.26,44.1,ILLUSTRATIVE_SYNTHETIC_EXPERIMENTAL_TRAINING_DATA
R-dhan28-N80-S-R2,Rice,BRRI dhan28,80,30,40,Supplemental,2,107.3,4.55,12.29,37.0,ILLUSTRATIVE_SYNTHETIC_EXPERIMENTAL_TRAINING_DATA
R-dhan28-N80-S-R3,Rice,BRRI dhan28,80,30,40,Supplemental,3,122.5,4.84,10.42,46.5,ILLUSTRATIVE_SYNTHETIC_EXPERIMENTAL_TRAINING_DATA
R-dhan28-N80-S-R4,Rice,BRRI dhan28,80,30,40,Supplemental,4,113.4,5.46,13.04,41.8,ILLUSTRATIVE_SYNTHETIC_EXPERIMENTAL_TRAINING_DATA
R-dhan28-N120-R-R1,Rice,BRRI dhan28,120,30,40,Rainfed,1,114.7,4.79,11.61,41.3,ILLUSTRATIVE_SYNTHETIC_EXPERIMENTAL_TRAINING_DATA
R-dhan28-N120-R-R2,Rice,BRRI dhan28,120,30,40,Rainfed,2,120.6,4.38,10.1,43.4,ILLUSTRATIVE_SYNTHETIC_EXPERIMENTAL_TRAINING_DATA
R-dhan28-N120-R-R3,Rice,BRRI dhan28,120,30,40,Rainfed,3,116.1,4.2,10.79,38.9,ILLUSTRATIVE_SYNTHETIC_EXPERIMENTAL_TRAINING_DATA
R-dhan28-N120-R-R4,Rice,BRRI dhan28,120,30,40,Rainfed,4,114.3,4.88,12.07,40.4,ILLUSTRATIVE_SYNTHETIC_EXPERIMENTAL_TRAINING_DATA
R-dhan28-N120-S-R1,Rice,BRRI dhan28,120,30,40,Supplemental,1,116.0,4.93,12.19,40.4,ILLUSTRATIVE_SYNTHETIC_EXPERIMENTAL_TRAINING_DATA
R-dhan28-N120-S-R2,Rice,BRRI dhan28,120,30,40,Supplemental,2,119.5,5.31,13.88,38.2,ILLUSTRATIVE_SYNTHETIC_EXPERIMENTAL_TRAINING_DATA
R-dhan28-N120-S-R3,Rice,BRRI dhan28,120,30,40,Supplemental,3,112.2,5.25,12.9,40.7,ILLUSTRATIVE_SYNTHETIC_EXPERIMENTAL_TRAINING_DATA
R-dhan28-N120-S-R4,Rice,BRRI dhan28,120,30,40,Supplemental,4,126.2,5.21,11.61,44.9,ILLUSTRATIVE_SYNTHETIC_EXPERIMENTAL_TRAINING_DATA
R-dhan28-N160-R-R1,Rice,BRRI dhan28,160,30,40,Rainfed,1,113.4,5.09,12.35,41.2,ILLUSTRATIVE_SYNTHETIC_EXPERIMENTAL_TRAINING_DATA
R-dhan28-N160-R-R2,Rice,BRRI dhan28,160,30,40,Rainfed,2,124.9,4.91,11.34,43.2,ILLUSTRATIVE_SYNTHETIC_EXPERIMENTAL_TRAINING_DATA
R-dhan28-N160-R-R3,Rice,BRRI dhan28,160,30,40,Rainfed,3,119.6,4.52,9.98,45.3,ILLUSTRATIVE_SYNTHETIC_EXPERIMENTAL_TRAINING_DATA
R-dhan28-N160-R-R4,Rice,BRRI dhan28,160,30,40,Rainfed,4,126.5,4.26,10.21,41.8,ILLUSTRATIVE_SYNTHETIC_EXPERIMENTAL_TRAINING_DATA
R-dhan28-N160-S-R1,Rice,BRRI dhan28,160,30,40,Supplemental,1,127.4,5.48,11.58,47.3,ILLUSTRATIVE_SYNTHETIC_EXPERIMENTAL_TRAINING_DATA
R-dhan28-N160-S-R2,Rice,BRRI dhan28,160,30,40,Supplemental,2,131.4,5.44,13.0,41.9,ILLUSTRATIVE_SYNTHETIC_EXPERIMENTAL_TRAINING_DATA
R-dhan28-N160-S-R3,Rice,BRRI dhan28,160,30,40,Supplemental,3,125.4,5.39,11.94,45.2,ILLUSTRATIVE_SYNTHETIC_EXPERIMENTAL_TRAINING_DATA
R-dhan28-N160-S-R4,Rice,BRRI dhan28,160,30,40,Supplemental,4,120.5,5.37,10.71,50.1,ILLUSTRATIVE_SYNTHETIC_EXPERIMENTAL_TRAINING_DATA
R-dhan29-N0-R-R1,Rice,BRRI dhan29,0,30,40,Rainfed,1,93.7,4.38,10.92,40.1,ILLUSTRATIVE_SYNTHETIC_EXPERIMENTAL_TRAINING_DATA
R-dhan29-N0-R-R2,Rice,BRRI dhan29,0,30,40,Rainfed,2,96.3,4.33,11.62,37.2,ILLUSTRATIVE_SYNTHETIC_EXPERIMENTAL_TRAINING_DATA
R-dhan29-N0-R-R3,Rice,BRRI dhan29,0,30,40,Rainfed,3,96.1,4.02,9.78,41.1,ILLUSTRATIVE_SYNTHETIC_EXPERIMENTAL_TRAINING_DATA
R-dhan29-N0-R-R4,Rice,BRRI dhan29,0,30,40,Rainfed,4,98.1,4.47,10.89,41.0,ILLUSTRATIVE_SYNTHETIC_EXPERIMENTAL_TRAINING_DATA
R-dhan29-N0-S-R1,Rice,BRRI dhan29,0,30,40,Supplemental,1,92.2,5.37,12.75,42.1,ILLUSTRATIVE_SYNTHETIC_EXPERIMENTAL_TRAINING_DATA
R-dhan29-N0-S-R2,Rice,BRRI dhan29,0,30,40,Supplemental,2,91.0,4.61,11.12,41.5,ILLUSTRATIVE_SYNTHETIC_EXPERIMENTAL_TRAINING_DATA
R-dhan29-N0-S-R3,Rice,BRRI dhan29,0,30,40,Supplemental,3,102.5,4.97,12.04,41.3,ILLUSTRATIVE_SYNTHETIC_EXPERIMENTAL_TRAINING_DATA
R-dhan29-N0-S-R4,Rice,BRRI dhan29,0,30,40,Supplemental,4,107.1,4.42,11.41,38.8,ILLUSTRATIVE_SYNTHETIC_EXPERIMENTAL_TRAINING_DATA
R-dhan29-N40-R-R1,Rice,BRRI dhan29,40,30,40,Rainfed,1,95.5,4.2,10.2,41.2,ILLUSTRATIVE_SYNTHETIC_EXPERIMENTAL_TRAINING_DATA
R-dhan29-N40-R-R2,Rice,BRRI dhan29,40,30,40,Rainfed,2,92.6,4.59,10.61,43.2,ILLUSTRATIVE_SYNTHETIC_EXPERIMENTAL_TRAINING_DATA
R-dhan29-N40-R-R3,Rice,BRRI dhan29,40,30,40,Rainfed,3,104.4,4.44,11.33,39.1,ILLUSTRATIVE_SYNTHETIC_EXPERIMENTAL_TRAINING_DATA
R-dhan29-N40-R-R4,Rice,BRRI dhan29,40,30,40,Rainfed,4,103.6,4.6,10.58,43.4,ILLUSTRATIVE_SYNTHETIC_EXPERIMENTAL_TRAINING_DATA
R-dhan29-N40-S-R1,Rice,BRRI dhan29,40,30,40,Supplemental,1,113.5,4.69,11.93,39.3,ILLUSTRATIVE_SYNTHETIC_EXPERIMENTAL_TRAINING_DATA
R-dhan29-N40-S-R2,Rice,BRRI dhan29,40,30,40,Supplemental,2,102.3,5.01,11.57,43.3,ILLUSTRATIVE_SYNTHETIC_EXPERIMENTAL_TRAINING_DATA
R-dhan29-N40-S-R3,Rice,BRRI dhan29,40,30,40,Supplemental,3,107.9,5.44,13.75,39.5,ILLUSTRATIVE_SYNTHETIC_EXPERIMENTAL_TRAINING_DATA
R-dhan29-N40-S-R4,Rice,BRRI dhan29,40,30,40,Supplemental,4,108.5,5.04,13.04,38.6,ILLUSTRATIVE_SYNTHETIC_EXPERIMENTAL_TRAINING_DATA
R-dhan29-N80-R-R1,Rice,BRRI dhan29,80,30,40,Rainfed,1,108.4,4.64,10.98,42.3,ILLUSTRATIVE_SYNTHETIC_EXPERIMENTAL_TRAINING_DATA
R-dhan29-N80-R-R2,Rice,BRRI dhan29,80,30,40,Rainfed,2,103.3,4.84,12.31,39.3,ILLUSTRATIVE_SYNTHETIC_EXPERIMENTAL_TRAINING_DATA
R-dhan29-N80-R-R3,Rice,BRRI dhan29,80,30,40,Rainfed,3,108.6,4.4,10.24,43.0,ILLUSTRATIVE_SYNTHETIC_EXPERIMENTAL_TRAINING_DATA
R-dhan29-N80-R-R4,Rice,BRRI dhan29,80,30,40,Rainfed,4,117.7,4.66,12.61,36.9,ILLUSTRATIVE_SYNTHETIC_EXPERIMENTAL_TRAINING_DATA
R-dhan29-N80-S-R1,Rice,BRRI dhan29,80,30,40,Supplemental,1,116.5,5.07,12.37,41.0,ILLUSTRATIVE_SYNTHETIC_EXPERIMENTAL_TRAINING_DATA
R-dhan29-N80-S-R2,Rice,BRRI dhan29,80,30,40,Supplemental,2,104.1,4.73,10.89,43.4,ILLUSTRATIVE_SYNTHETIC_EXPERIMENTAL_TRAINING_DATA
R-dhan29-N80-S-R3,Rice,BRRI dhan29,80,30,40,Supplemental,3,110.5,5.33,11.89,44.9,ILLUSTRATIVE_SYNTHETIC_EXPERIMENTAL_TRAINING_DATA
R-dhan29-N80-S-R4,Rice,BRRI dhan29,80,30,40,Supplemental,4,99.1,5.42,12.55,43.2,ILLUSTRATIVE_SYNTHETIC_EXPERIMENTAL_TRAINING_DATA
R-dhan29-N120-R-R1,Rice,BRRI dhan29,120,30,40,Rainfed,1,121.7,4.6,12.25,37.5,ILLUSTRATIVE_SYNTHETIC_EXPERIMENTAL_TRAINING_DATA
R-dhan29-N120-R-R2,Rice,BRRI dhan29,120,30,40,Rainfed,2,118.7,4.95,10.89,45.5,ILLUSTRATIVE_SYNTHETIC_EXPERIMENTAL_TRAINING_DATA
R-dhan29-N120-R-R3,Rice,BRRI dhan29,120,30,40,Rainfed,3,121.9,5.48,13.01,42.1,ILLUSTRATIVE_SYNTHETIC_EXPERIMENTAL_TRAINING_DATA
R-dhan29-N120-R-R4,Rice,BRRI dhan29,120,30,40,Rainfed,4,115.2,4.68,11.11,42.1,ILLUSTRATIVE_SYNTHETIC_EXPERIMENTAL_TRAINING_DATA
R-dhan29-N120-S-R1,Rice,BRRI dhan29,120,30,40,Supplemental,1,121.7,5.45,14.0,38.9,ILLUSTRATIVE_SYNTHETIC_EXPERIMENTAL_TRAINING_DATA
R-dhan29-N120-S-R2,Rice,BRRI dhan29,120,30,40,Supplemental,2,123.0,6.02,14.42,41.8,ILLUSTRATIVE_SYNTHETIC_EXPERIMENTAL_TRAINING_DATA
R-dhan29-N120-S-R3,Rice,BRRI dhan29,120,30,40,Supplemental,3,120.9,5.34,12.87,41.5,ILLUSTRATIVE_SYNTHETIC_EXPERIMENTAL_TRAINING_DATA
R-dhan29-N120-S-R4,Rice,BRRI dhan29,120,30,40,Supplemental,4,119.4,5.54,13.7,40.4,ILLUSTRATIVE_SYNTHETIC_EXPERIMENTAL_TRAINING_DATA
R-dhan29-N160-R-R1,Rice,BRRI dhan29,160,30,40,Rainfed,1,130.9,4.51,10.55,42.8,ILLUSTRATIVE_SYNTHETIC_EXPERIMENTAL_TRAINING_DATA
R-dhan29-N160-R-R2,Rice,BRRI dhan29,160,30,40,Rainfed,2,118.9,5.28,13.5,39.1,ILLUSTRATIVE_SYNTHETIC_EXPERIMENTAL_TRAINING_DATA
R-dhan29-N160-R-R3,Rice,BRRI dhan29,160,30,40,Rainfed,3,121.2,5.27,12.63,41.7,ILLUSTRATIVE_SYNTHETIC_EXPERIMENTAL_TRAINING_DATA
R-dhan29-N160-R-R4,Rice,BRRI dhan29,160,30,40,Rainfed,4,129.1,4.96,10.98,45.2,ILLUSTRATIVE_SYNTHETIC_EXPERIMENTAL_TRAINING_DATA
R-dhan29-N160-S-R1,Rice,BRRI dhan29,160,30,40,Supplemental,1,126.4,4.82,12.22,39.5,ILLUSTRATIVE_SYNTHETIC_EXPERIMENTAL_TRAINING_DATA
R-dhan29-N160-S-R2,Rice,BRRI dhan29,160,30,40,Supplemental,2,129.2,5.23,13.03,40.1,ILLUSTRATIVE_SYNTHETIC_EXPERIMENTAL_TRAINING_DATA
R-dhan29-N160-S-R3,Rice,BRRI dhan29,160,30,40,Supplemental,3,123.8,5.73,13.47,42.5,ILLUSTRATIVE_SYNTHETIC_EXPERIMENTAL_TRAINING_DATA
R-dhan29-N160-S-R4,Rice,BRRI dhan29,160,30,40,Supplemental,4,128.1,5.78,14.53,39.8,ILLUSTRATIVE_SYNTHETIC_EXPERIMENTAL_TRAINING_DATA
R-dhan89-N0-R-R1,Rice,BRRI dhan dhan89,0,30,40,Rainfed,1,85.2,4.26,10.38,41.0,ILLUSTRATIVE_SYNTHETIC_EXPERIMENTAL_TRAINING_DATA
R-dhan89-N0-R-R2,Rice,BRRI dhan dhan89,0,30,40,Rainfed,2,94.0,4.35,9.99,43.5,ILLUSTRATIVE_SYNTHETIC_EXPERIMENTAL_TRAINING_DATA
R-dhan89-N0-R-R3,Rice,BRRI dhan dhan89,0,30,40,Rainfed,3,92.8,4.55,10.75,42.3,ILLUSTRATIVE_SYNTHETIC_EXPERIMENTAL_TRAINING_DATA
R-dhan89-N0-R-R4,Rice,BRRI dhan dhan89,0,30,40,Rainfed,4,99.4,3.96,9.36,42.3,ILLUSTRATIVE_SYNTHETIC_EXPERIMENTAL_TRAINING_DATA
R-dhan89-N0-S-R1,Rice,BRRI dhan dhan89,0,30,40,Supplemental,1,98.0,4.59,10.54,43.6,ILLUSTRATIVE_SYNTHETIC_EXPERIMENTAL_TRAINING_DATA
R-dhan89-N0-S-R2,Rice,BRRI dhan dhan89,0,30,40,Supplemental,2,98.4,4.69,11.73,40.0,ILLUSTRATIVE_SYNTHETIC_EXPERIMENTAL_TRAINING_DATA
R-dhan89-N0-S-R3,Rice,BRRI dhan dhan89,0,30,40,Supplemental,3,85.7,4.62,10.53,43.9,ILLUSTRATIVE_SYNTHETIC_EXPERIMENTAL_TRAINING_DATA
R-dhan89-N0-S-R4,Rice,BRRI dhan dhan89,0,30,40,Supplemental,4,92.5,5.13,12.77,40.1,ILLUSTRATIVE_SYNTHETIC_EXPERIMENTAL_TRAINING_DATA
R-dhan89-N40-R-R1,Rice,BRRI dhan dhan89,40,30,40,Rainfed,1,101.1,3.97,8.84,44.9,ILLUSTRATIVE_SYNTHETIC_EXPERIMENTAL_TRAINING_DATA
R-dhan89-N40-R-R2,Rice,BRRI dhan dhan89,40,30,40,Rainfed,2,99.0,4.84,11.52,42.0,ILLUSTRATIVE_SYNTHETIC_EXPERIMENTAL_TRAINING_DATA
R-dhan89-N40-R-R3,Rice,BRRI dhan dhan89,40,30,40,Rainfed,3,101.5,4.18,9.58,43.7,ILLUSTRATIVE_SYNTHETIC_EXPERIMENTAL_TRAINING_DATA
R-dhan89-N40-R-R4,Rice,BRRI dhan dhan89,40,30,40,Rainfed,4,95.3,4.62,10.55,43.8,ILLUSTRATIVE_SYNTHETIC_EXPERIMENTAL_TRAINING_DATA
R-dhan89-N40-S-R1,Rice,BRRI dhan dhan89,40,30,40,Supplemental,1,108.9,5.2,12.57,41.4,ILLUSTRATIVE_SYNTHETIC_EXPERIMENTAL_TRAINING_DATA
R-dhan89-N40-S-R2,Rice,BRRI dhan dhan89,40,30,40,Supplemental,2,109.3,5.93,13.75,43.1,ILLUSTRATIVE_SYNTHETIC_EXPERIMENTAL_TRAINING_DATA
R-dhan89-N40-S-R3,Rice,BRRI dhan dhan89,40,30,40,Supplemental,3,116.1,5.4,14.42,37.4,ILLUSTRATIVE_SYNTHETIC_EXPERIMENTAL_TRAINING_DATA
R-dhan89-N40-S-R4,Rice,BRRI dhan dhan89,40,30,40,Supplemental,4,109.1,5.07,12.02,42.2,ILLUSTRATIVE_SYNTHETIC_EXPERIMENTAL_TRAINING_DATA
R-dhan89-N80-R-R1,Rice,BRRI dhan dhan89,80,30,40,Rainfed,1,102.6,4.06,10.81,37.6,ILLUSTRATIVE_SYNTHETIC_EXPERIMENTAL_TRAINING_DATA
R-dhan89-N80-R-R2,Rice,BRRI dhan dhan89,80,30,40,Rainfed,2,107.9,5.01,12.34,40.6,ILLUSTRATIVE_SYNTHETIC_EXPERIMENTAL_TRAINING_DATA
R-dhan89-N80-R-R3,Rice,BRRI dhan dhan89,80,30,40,Rainfed,3,109.8,4.58,10.67,42.9,ILLUSTRATIVE_SYNTHETIC_EXPERIMENTAL_TRAINING_DATA
R-dhan89-N80-R-R4,Rice,BRRI dhan dhan89,80,30,40,Rainfed,4,111.9,4.79,12.24,39.1,ILLUSTRATIVE_SYNTHETIC_EXPERIMENTAL_TRAINING_DATA
R-dhan89-N80-S-R1,Rice,BRRI dhan dhan89,80,30,40,Supplemental,1,118.4,5.34,12.16,43.9,ILLUSTRATIVE_SYNTHETIC_EXPERIMENTAL_TRAINING_DATA
R-dhan89-N80-S-R2,Rice,BRRI dhan dhan89,80,30,40,Supplemental,2,116.3,5.15,13.38,38.5,ILLUSTRATIVE_SYNTHETIC_EXPERIMENTAL_TRAINING_DATA
R-dhan89-N80-S-R3,Rice,BRRI dhan dhan89,80,30,40,Supplemental,3,105.1,5.66,12.99,43.6,ILLUSTRATIVE_SYNTHETIC_EXPERIMENTAL_TRAINING_DATA
R-dhan89-N80-S-R4,Rice,BRRI dhan dhan89,80,30,40,Supplemental,4,111.3,5.66,13.61,41.6,ILLUSTRATIVE_SYNTHETIC_EXPERIMENTAL_TRAINING_DATA
R-dhan89-N120-R-R1,Rice,BRRI dhan dhan89,120,30,40,Rainfed,1,115.6,5.41,12.94,41.8,ILLUSTRATIVE_SYNTHETIC_EXPERIMENTAL_TRAINING_DATA
R-dhan89-N120-R-R2,Rice,BRRI dhan dhan89,120,30,40,Rainfed,2,120.4,5.32,12.35,43.1,ILLUSTRATIVE_SYNTHETIC_EXPERIMENTAL_TRAINING_DATA
R-dhan89-N120-R-R3,Rice,BRRI dhan dhan89,120,30,40,Rainfed,3,113.0,4.91,12.26,40.1,ILLUSTRATIVE_SYNTHETIC_EXPERIMENTAL_TRAINING_DATA
R-dhan89-N120-R-R4,Rice,BRRI dhan dhan89,120,30,40,Rainfed,4,116.5,4.55,11.17,40.7,ILLUSTRATIVE_SYNTHETIC_EXPERIMENTAL_TRAINING_DATA
R-dhan89-N120-S-R1,Rice,BRRI dhan dhan89,120,30,40,Supplemental,1,119.0,5.87,14.48,40.5,ILLUSTRATIVE_SYNTHETIC_EXPERIMENTAL_TRAINING_DATA
R-dhan89-N120-S-R2,Rice,BRRI dhan dhan89,120,30,40,Supplemental,2,116.5,5.61,12.96,43.3,ILLUSTRATIVE_SYNTHETIC_EXPERIMENTAL_TRAINING_DATA
R-dhan89-N120-S-R3,Rice,BRRI dhan dhan89,120,30,40,Supplemental,3,119.8,5.14,11.28,45.5,ILLUSTRATIVE_SYNTHETIC_EXPERIMENTAL_TRAINING_DATA
R-dhan89-N120-S-R4,Rice,BRRI dhan dhan89,120,30,40,Supplemental,4,123.8,5.67,13.97,40.6,ILLUSTRATIVE_SYNTHETIC_EXPERIMENTAL_TRAINING_DATA
R-dhan89-N160-R-R1,Rice,BRRI dhan dhan89,160,30,40,Rainfed,1,116.0,4.64,10.6,43.8,ILLUSTRATIVE_SYNTHETIC_EXPERIMENTAL_TRAINING_DATA
R-dhan89-N160-R-R2,Rice,BRRI dhan dhan89,160,30,40,Rainfed,2,119.9,5.25,11.83,44.4,ILLUSTRATIVE_SYNTHETIC_EXPERIMENTAL_TRAINING_DATA
R-dhan89-N160-R-R3,Rice,BRRI dhan dhan89,160,30,40,Rainfed,3,123.0,5.12,12.86,39.8,ILLUSTRATIVE_SYNTHETIC_EXPERIMENTAL_TRAINING_DATA
R-dhan89-N160-R-R4,Rice,BRRI dhan dhan89,160,30,40,Rainfed,4,116.7,4.7,10.44,45.0,ILLUSTRATIVE_SYNTHETIC_EXPERIMENTAL_TRAINING_DATA
R-dhan89-N160-S-R1,Rice,BRRI dhan dhan89,160,30,40,Supplemental,1,124.2,5.27,12.4,42.5,ILLUSTRATIVE_SYNTHETIC_EXPERIMENTAL_TRAINING_DATA
R-dhan89-N160-S-R2,Rice,BRRI dhan dhan89,160,30,40,Supplemental,2,122.2,5.73,13.58,42.2,ILLUSTRATIVE_SYNTHETIC_EXPERIMENTAL_TRAINING_DATA
R-dhan89-N160-S-R3,Rice,BRRI dhan dhan89,160,30,40,Supplemental,3,130.4,4.92,11.77,41.8,ILLUSTRATIVE_SYNTHETIC_EXPERIMENTAL_TRAINING_DATA
R-dhan89-N160-S-R4,Rice,BRRI dhan dhan89,160,30,40,Supplemental,4,127.2,5.71,13.3,43.0,ILLUSTRATIVE_SYNTHETIC_EXPERIMENTAL_TRAINING_DATA
M-Maize-9-N0-R-R1,Maize,BARI Hybrid Maize-9,0,35,45,Rainfed,1,173.0,6.6,12.81,51.6,ILLUSTRATIVE_SYNTHETIC_EXPERIMENTAL_TRAINING_DATA
M-Maize-9-N0-R-R2,Maize,BARI Hybrid Maize-9,0,35,45,Rainfed,2,174.3,6.54,12.74,51.3,ILLUSTRATIVE_SYNTHETIC_EXPERIMENTAL_TRAINING_DATA
M-Maize-9-N0-R-R3,Maize,BARI Hybrid Maize-9,0,35,45,Rainfed,3,165.2,6.42,11.47,56.0,ILLUSTRATIVE_SYNTHETIC_EXPERIMENTAL_TRAINING_DATA
M-Maize-9-N0-R-R4,Maize,BARI Hybrid Maize-9,0,35,45,Rainfed,4,177.0,6.41,11.45,55.9,ILLUSTRATIVE_SYNTHETIC_EXPERIMENTAL_TRAINING_DATA
M-Maize-9-N0-S-R1,Maize,BARI Hybrid Maize-9,0,35,45,Supplemental,1,182.7,6.95,11.92,58.3,ILLUSTRATIVE_SYNTHETIC_EXPERIMENTAL_TRAINING_DATA
M-Maize-9-N0-S-R2,Maize,BARI Hybrid Maize-9,0,35,45,Supplemental,2,181.8,7.0,13.47,51.9,ILLUSTRATIVE_SYNTHETIC_EXPERIMENTAL_TRAINING_DATA
M-Maize-9-N0-S-R3,Maize,BARI Hybrid Maize-9,0,35,45,Supplemental,3,179.7,6.91,11.48,60.2,ILLUSTRATIVE_SYNTHETIC_EXPERIMENTAL_TRAINING_DATA
M-Maize-9-N0-S-R4,Maize,BARI Hybrid Maize-9,0,35,45,Supplemental,4,175.5,6.86,12.52,54.8,ILLUSTRATIVE_SYNTHETIC_EXPERIMENTAL_TRAINING_DATA
M-Maize-9-N40-R-R1,Maize,BARI Hybrid Maize-9,40,35,45,Rainfed,1,180.1,6.69,13.05,51.3,ILLUSTRATIVE_SYNTHETIC_EXPERIMENTAL_TRAINING_DATA
M-Maize-9-N40-R-R2,Maize,BARI Hybrid Maize-9,40,35,45,Rainfed,2,185.8,6.6,12.22,54.0,ILLUSTRATIVE_SYNTHETIC_EXPERIMENTAL_TRAINING_DATA
M-Maize-9-N40-R-R3,Maize,BARI Hybrid Maize-9,40,35,45,Rainfed,3,176.1,7.24,12.92,56.0,ILLUSTRATIVE_SYNTHETIC_EXPERIMENTAL_TRAINING_DATA
M-Maize-9-N40-R-R4,Maize,BARI Hybrid Maize-9,40,35,45,Rainfed,4,186.2,6.71,11.81,56.8,ILLUSTRATIVE_SYNTHETIC_EXPERIMENTAL_TRAINING_DATA
M-Maize-9-N40-S-R1,Maize,BARI Hybrid Maize-9,40,35,45,Supplemental,1,194.4,7.06,13.01,54.3,ILLUSTRATIVE_SYNTHETIC_EXPERIMENTAL_TRAINING_DATA
M-Maize-9-N40-S-R2,Maize,BARI Hybrid Maize-9,40,35,45,Supplemental,2,184.1,7.69,12.28,62.6,ILLUSTRATIVE_SYNTHETIC_EXPERIMENTAL_TRAINING_DATA
M-Maize-9-N40-S-R3,Maize,BARI Hybrid Maize-9,40,35,45,Supplemental,3,191.9,7.17,12.74,56.3,ILLUSTRATIVE_SYNTHETIC_EXPERIMENTAL_TRAINING_DATA
M-Maize-9-N40-S-R4,Maize,BARI Hybrid Maize-9,40,35,45,Supplemental,4,185.2,7.63,12.99,58.7,ILLUSTRATIVE_SYNTHETIC_EXPERIMENTAL_TRAINING_DATA
M-Maize-9-N80-R-R1,Maize,BARI Hybrid Maize-9,80,35,45,Rainfed,1,187.6,7.53,13.96,53.9,ILLUSTRATIVE_SYNTHETIC_EXPERIMENTAL_TRAINING_DATA
M-Maize-9-N80-R-R2,Maize,BARI Hybrid Maize-9,80,35,45,Rainfed,2,198.6,7.04,11.9,59.1,ILLUSTRATIVE_SYNTHETIC_EXPERIMENTAL_TRAINING_DATA
M-Maize-9-N80-R-R3,Maize,BARI Hybrid Maize-9,80,35,45,Rainfed,3,191.0,7.05,13.33,52.9,ILLUSTRATIVE_SYNTHETIC_EXPERIMENTAL_TRAINING_DATA
M-Maize-9-N80-R-R4,Maize,BARI Hybrid Maize-9,80,35,45,Rainfed,4,187.1,7.51,14.34,52.4,ILLUSTRATIVE_SYNTHETIC_EXPERIMENTAL_TRAINING_DATA
M-Maize-9-N80-S-R1,Maize,BARI Hybrid Maize-9,80,35,45,Supplemental,1,200.3,7.7,13.19,58.4,ILLUSTRATIVE_SYNTHETIC_EXPERIMENTAL_TRAINING_DATA
M-Maize-9-N80-S-R2,Maize,BARI Hybrid Maize-9,80,35,45,Supplemental,2,198.4,7.57,13.2,57.4,ILLUSTRATIVE_SYNTHETIC_EXPERIMENTAL_TRAINING_DATA
M-Maize-9-N80-S-R3,Maize,BARI Hybrid Maize-9,80,35,45,Supplemental,3,197.3,7.67,13.33,57.5,ILLUSTRATIVE_SYNTHETIC_EXPERIMENTAL_TRAINING_DATA
M-Maize-9-N80-S-R4,Maize,BARI Hybrid Maize-9,80,35,45,Supplemental,4,194.6,8.15,15.05,54.1,ILLUSTRATIVE_SYNTHETIC_EXPERIMENTAL_TRAINING_DATA
M-Maize-9-N120-R-R1,Maize,BARI Hybrid Maize-9,120,35,45,Rainfed,1,196.8,7.56,13.89,54.5,ILLUSTRATIVE_SYNTHETIC_EXPERIMENTAL_TRAINING_DATA
M-Maize-9-N120-R-R2,Maize,BARI Hybrid Maize-9,120,35,45,Rainfed,2,204.3,7.33,13.03,56.2,ILLUSTRATIVE_SYNTHETIC_EXPERIMENTAL_TRAINING_DATA
M-Maize-9-N120-R-R3,Maize,BARI Hybrid Maize-9,120,35,45,Rainfed,3,187.0,8.26,14.28,57.9,ILLUSTRATIVE_SYNTHETIC_EXPERIMENTAL_TRAINING_DATA
M-Maize-9-N120-R-R4,Maize,BARI Hybrid Maize-9,120,35,45,Rainfed,4,193.6,7.5,13.67,54.9,ILLUSTRATIVE_SYNTHETIC_EXPERIMENTAL_TRAINING_DATA
M-Maize-9-N120-S-R1,Maize,BARI Hybrid Maize-9,120,35,45,Supplemental,1,197.9,7.89,14.53,54.3,ILLUSTRATIVE_SYNTHETIC_EXPERIMENTAL_TRAINING_DATA
M-Maize-9-N120-S-R2,Maize,BARI Hybrid Maize-9,120,35,45,Supplemental,2,194.1,8.1,14.69,55.1,ILLUSTRATIVE_SYNTHETIC_EXPERIMENTAL_TRAINING_DATA
M-Maize-9-N120-S-R3,Maize,BARI Hybrid Maize-9,120,35,45,Supplemental,3,201.5,7.81,13.35,58.5,ILLUSTRATIVE_SYNTHETIC_EXPERIMENTAL_TRAINING_DATA
M-Maize-9-N120-S-R4,Maize,BARI Hybrid Maize-9,120,35,45,Supplemental,4,194.1,8.16,14.77,55.2,ILLUSTRATIVE_SYNTHETIC_EXPERIMENTAL_TRAINING_DATA
M-Maize-9-N160-R-R1,Maize,BARI Hybrid Maize-9,160,35,45,Rainfed,1,202.6,7.48,13.75,54.4,ILLUSTRATIVE_SYNTHETIC_EXPERIMENTAL_TRAINING_DATA
M-Maize-9-N160-R-R2,Maize,BARI Hybrid Maize-9,160,35,45,Rainfed,2,211.4,7.51,12.81,58.6,ILLUSTRATIVE_SYNTHETIC_EXPERIMENTAL_TRAINING_DATA
M-Maize-9-N160-R-R3,Maize,BARI Hybrid Maize-9,160,35,45,Rainfed,3,205.6,7.19,13.4,53.7,ILLUSTRATIVE_SYNTHETIC_EXPERIMENTAL_TRAINING_DATA
M-Maize-9-N160-R-R4,Maize,BARI Hybrid Maize-9,160,35,45,Rainfed,4,209.4,8.05,14.83,54.2,ILLUSTRATIVE_SYNTHETIC_EXPERIMENTAL_TRAINING_DATA
M-Maize-9-N160-S-R1,Maize,BARI Hybrid Maize-9,160,35,45,Supplemental,1,213.6,8.1,14.13,57.3,ILLUSTRATIVE_SYNTHETIC_EXPERIMENTAL_TRAINING_DATA
M-Maize-9-N160-S-R2,Maize,BARI Hybrid Maize-9,160,35,45,Supplemental,2,208.0,8.28,16.3,50.8,ILLUSTRATIVE_SYNTHETIC_EXPERIMENTAL_TRAINING_DATA
M-Maize-9-N160-S-R3,Maize,BARI Hybrid Maize-9,160,35,45,Supplemental,3,212.6,8.29,14.73,56.3,ILLUSTRATIVE_SYNTHETIC_EXPERIMENTAL_TRAINING_DATA
M-Maize-9-N160-S-R4,Maize,BARI Hybrid Maize-9,160,35,45,Supplemental,4,211.7,8.49,15.88,53.5,ILLUSTRATIVE_SYNTHETIC_EXPERIMENTAL_TRAINING_DATA
M-Maize-13-N0-R-R1,Maize,BARI Hybrid Maize-13,0,35,45,Rainfed,1,181.1,6.59,12.26,53.8,ILLUSTRATIVE_SYNTHETIC_EXPERIMENTAL_TRAINING_DATA
M-Maize-13-N0-R-R2,Maize,BARI Hybrid Maize-13,0,35,45,Rainfed,2,181.3,6.88,13.12,52.4,ILLUSTRATIVE_SYNTHETIC_EXPERIMENTAL_TRAINING_DATA
M-Maize-13-N0-R-R3,Maize,BARI Hybrid Maize-13,0,35,45,Rainfed,3,178.5,6.89,11.66,59.1,ILLUSTRATIVE_SYNTHETIC_EXPERIMENTAL_TRAINING_DATA
M-Maize-13-N0-R-R4,Maize,BARI Hybrid Maize-13,0,35,45,Rainfed,4,168.0,6.62,12.63,52.4,ILLUSTRATIVE_SYNTHETIC_EXPERIMENTAL_TRAINING_DATA
M-Maize-13-N0-S-R1,Maize,BARI Hybrid Maize-13,0,35,45,Supplemental,1,178.2,8.25,14.74,56.0,ILLUSTRATIVE_SYNTHETIC_EXPERIMENTAL_TRAINING_DATA
M-Maize-13-N0-S-R2,Maize,BARI Hybrid Maize-13,0,35,45,Supplemental,2,172.2,7.22,13.07,55.2,ILLUSTRATIVE_SYNTHETIC_EXPERIMENTAL_TRAINING_DATA
M-Maize-13-N0-S-R3,Maize,BARI Hybrid Maize-13,0,35,45,Supplemental,3,175.0,7.56,14.56,51.9,ILLUSTRATIVE_SYNTHETIC_EXPERIMENTAL_TRAINING_DATA
M-Maize-13-N0-S-R4,Maize,BARI Hybrid Maize-13,0,35,45,Supplemental,4,185.6,7.1,12.37,57.4,ILLUSTRATIVE_SYNTHETIC_EXPERIMENTAL_TRAINING_DATA
M-Maize-13-N40-R-R1,Maize,BARI Hybrid Maize-13,40,35,45,Rainfed,1,184.8,7.26,13.41,54.1,ILLUSTRATIVE_SYNTHETIC_EXPERIMENTAL_TRAINING_DATA
M-Maize-13-N40-R-R2,Maize,BARI Hybrid Maize-13,40,35,45,Rainfed,2,187.3,7.71,13.06,59.0,ILLUSTRATIVE_SYNTHETIC_EXPERIMENTAL_TRAINING_DATA
M-Maize-13-N40-R-R3,Maize,BARI Hybrid Maize-13,40,35,45,Rainfed,3,186.5,7.18,13.07,54.9,ILLUSTRATIVE_SYNTHETIC_EXPERIMENTAL_TRAINING_DATA
M-Maize-13-N40-R-R4,Maize,BARI Hybrid Maize-13,40,35,45,Rainfed,4,175.7,7.38,14.15,52.1,ILLUSTRATIVE_SYNTHETIC_EXPERIMENTAL_TRAINING_DATA
M-Maize-13-N40-S-R1,Maize,BARI Hybrid Maize-13,40,35,45,Supplemental,1,194.0,7.89,14.73,53.5,ILLUSTRATIVE_SYNTHETIC_EXPERIMENTAL_TRAINING_DATA
M-Maize-13-N40-S-R2,Maize,BARI Hybrid Maize-13,40,35,45,Supplemental,2,183.7,8.07,15.11,53.4,ILLUSTRATIVE_SYNTHETIC_EXPERIMENTAL_TRAINING_DATA
M-Maize-13-N40-S-R3,Maize,BARI Hybrid Maize-13,40,35,45,Supplemental,3,187.5,8.04,13.97,57.6,ILLUSTRATIVE_SYNTHETIC_EXPERIMENTAL_TRAINING_DATA
M-Maize-13-N40-S-R4,Maize,BARI Hybrid Maize-13,40,35,45,Supplemental,4,192.2,8.41,15.56,54.1,ILLUSTRATIVE_SYNTHETIC_EXPERIMENTAL_TRAINING_DATA
M-Maize-13-N80-R-R1,Maize,BARI Hybrid Maize-13,80,35,45,Rainfed,1,186.8,7.6,12.97,58.6,ILLUSTRATIVE_SYNTHETIC_EXPERIMENTAL_TRAINING_DATA
M-Maize-13-N80-R-R2,Maize,BARI Hybrid Maize-13,80,35,45,Rainfed,2,183.0,7.71,14.63,52.7,ILLUSTRATIVE_SYNTHETIC_EXPERIMENTAL_TRAINING_DATA
M-Maize-13-N80-R-R3,Maize,BARI Hybrid Maize-13,80,35,45,Rainfed,3,192.1,8.13,15.22,53.4,ILLUSTRATIVE_SYNTHETIC_EXPERIMENTAL_TRAINING_DATA
M-Maize-13-N80-R-R4,Maize,BARI Hybrid Maize-13,80,35,45,Rainfed,4,189.2,6.98,12.44,56.1,ILLUSTRATIVE_SYNTHETIC_EXPERIMENTAL_TRAINING_DATA
M-Maize-13-N80-S-R1,Maize,BARI Hybrid Maize-13,80,35,45,Supplemental,1,196.2,7.81,13.08,59.7,ILLUSTRATIVE_SYNTHETIC_EXPERIMENTAL_TRAINING_DATA
M-Maize-13-N80-S-R2,Maize,BARI Hybrid Maize-13,80,35,45,Supplemental,2,197.3,7.82,13.96,56.0,ILLUSTRATIVE_SYNTHETIC_EXPERIMENTAL_TRAINING_DATA
M-Maize-13-N80-S-R3,Maize,BARI Hybrid Maize-13,80,35,45,Supplemental,3,189.9,8.38,16.52,50.7,ILLUSTRATIVE_SYNTHETIC_EXPERIMENTAL_TRAINING_DATA
M-Maize-13-N80-S-R4,Maize,BARI Hybrid Maize-13,80,35,45,Supplemental,4,191.1,7.92,13.12,60.4,ILLUSTRATIVE_SYNTHETIC_EXPERIMENTAL_TRAINING_DATA
M-Maize-13-N120-R-R1,Maize,BARI Hybrid Maize-13,120,35,45,Rainfed,1,202.8,7.67,14.01,54.8,ILLUSTRATIVE_SYNTHETIC_EXPERIMENTAL_TRAINING_DATA
M-Maize-13-N120-R-R2,Maize,BARI Hybrid Maize-13,120,35,45,Rainfed,2,199.7,7.67,12.88,59.6,ILLUSTRATIVE_SYNTHETIC_EXPERIMENTAL_TRAINING_DATA
M-Maize-13-N120-R-R3,Maize,BARI Hybrid Maize-13,120,35,45,Rainfed,3,196.4,7.54,12.81,58.9,ILLUSTRATIVE_SYNTHETIC_EXPERIMENTAL_TRAINING_DATA
M-Maize-13-N120-R-R4,Maize,BARI Hybrid Maize-13,120,35,45,Rainfed,4,194.0,7.67,13.12,58.5,ILLUSTRATIVE_SYNTHETIC_EXPERIMENTAL_TRAINING_DATA
M-Maize-13-N120-S-R1,Maize,BARI Hybrid Maize-13,120,35,45,Supplemental,1,200.8,8.62,15.76,54.7,ILLUSTRATIVE_SYNTHETIC_EXPERIMENTAL_TRAINING_DATA
M-Maize-13-N120-S-R2,Maize,BARI Hybrid Maize-13,120,35,45,Supplemental,2,209.3,8.4,15.36,54.7,ILLUSTRATIVE_SYNTHETIC_EXPERIMENTAL_TRAINING_DATA
M-Maize-13-N120-S-R3,Maize,BARI Hybrid Maize-13,120,35,45,Supplemental,3,204.2,8.54,15.36,55.6,ILLUSTRATIVE_SYNTHETIC_EXPERIMENTAL_TRAINING_DATA
M-Maize-13-N120-S-R4,Maize,BARI Hybrid Maize-13,120,35,45,Supplemental,4,198.6,8.48,15.44,54.9,ILLUSTRATIVE_SYNTHETIC_EXPERIMENTAL_TRAINING_DATA
M-Maize-13-N160-R-R1,Maize,BARI Hybrid Maize-13,160,35,45,Rainfed,1,195.9,8.29,15.28,54.2,ILLUSTRATIVE_SYNTHETIC_EXPERIMENTAL_TRAINING_DATA
M-Maize-13-N160-R-R2,Maize,BARI Hybrid Maize-13,160,35,45,Rainfed,2,208.9,7.91,13.51,58.5,ILLUSTRATIVE_SYNTHETIC_EXPERIMENTAL_TRAINING_DATA
M-Maize-13-N160-R-R3,Maize,BARI Hybrid Maize-13,160,35,45,Rainfed,3,199.2,7.88,13.23,59.6,ILLUSTRATIVE_SYNTHETIC_EXPERIMENTAL_TRAINING_DATA
M-Maize-13-N160-R-R4,Maize,BARI Hybrid Maize-13,160,35,45,Rainfed,4,203.8,7.75,12.62,61.4,ILLUSTRATIVE_SYNTHETIC_EXPERIMENTAL_TRAINING_DATA
M-Maize-13-N160-S-R1,Maize,BARI Hybrid Maize-13,160,35,45,Supplemental,1,217.9,8.52,15.16,56.2,ILLUSTRATIVE_SYNTHETIC_EXPERIMENTAL_TRAINING_DATA
M-Maize-13-N160-S-R2,Maize,BARI Hybrid Maize-13,160,35,45,Supplemental,2,213.6,8.62,16.38,52.6,ILLUSTRATIVE_SYNTHETIC_EXPERIMENTAL_TRAINING_DATA
M-Maize-13-N160-S-R3,Maize,BARI Hybrid Maize-13,160,35,45,Supplemental,3,207.2,8.54,15.21,56.2,ILLUSTRATIVE_SYNTHETIC_EXPERIMENTAL_TRAINING_DATA
M-Maize-13-N160-S-R4,Maize,BARI Hybrid Maize-13,160,35,45,Supplemental,4,215.2,8.36,14.21,58.8,ILLUSTRATIVE_SYNTHETIC_EXPERIMENTAL_TRAINING_DATA
M-Maize-15-N0-R-R1,Maize,BARI Hybrid Maize-15,0,35,45,Rainfed,1,173.6,7.23,12.14,59.6,ILLUSTRATIVE_SYNTHETIC_EXPERIMENTAL_TRAINING_DATA
M-Maize-15-N0-R-R2,Maize,BARI Hybrid Maize-15,0,35,45,Rainfed,2,176.6,6.67,11.16,59.7,ILLUSTRATIVE_SYNTHETIC_EXPERIMENTAL_TRAINING_DATA
M-Maize-15-N0-R-R3,Maize,BARI Hybrid Maize-15,0,35,45,Rainfed,3,176.7,6.94,13.29,52.2,ILLUSTRATIVE_SYNTHETIC_EXPERIMENTAL_TRAINING_DATA
M-Maize-15-N0-R-R4,Maize,BARI Hybrid Maize-15,0,35,45,Rainfed,4,175.0,6.91,12.53,55.2,ILLUSTRATIVE_SYNTHETIC_EXPERIMENTAL_TRAINING_DATA
M-Maize-15-N0-S-R1,Maize,BARI Hybrid Maize-15,0,35,45,Supplemental,1,183.2,7.63,12.76,59.8,ILLUSTRATIVE_SYNTHETIC_EXPERIMENTAL_TRAINING_DATA
M-Maize-15-N0-S-R2,Maize,BARI Hybrid Maize-15,0,35,45,Supplemental,2,185.8,7.75,14.52,53.4,ILLUSTRATIVE_SYNTHETIC_EXPERIMENTAL_TRAINING_DATA
M-Maize-15-N0-S-R3,Maize,BARI Hybrid Maize-15,0,35,45,Supplemental,3,174.1,7.81,12.76,61.2,ILLUSTRATIVE_SYNTHETIC_EXPERIMENTAL_TRAINING_DATA
M-Maize-15-N0-S-R4,Maize,BARI Hybrid Maize-15,0,35,45,Supplemental,4,186.4,7.71,14.15,54.5,ILLUSTRATIVE_SYNTHETIC_EXPERIMENTAL_TRAINING_DATA
M-Maize-15-N40-R-R1,Maize,BARI Hybrid Maize-15,40,35,45,Rainfed,1,177.0,7.34,12.37,59.3,ILLUSTRATIVE_SYNTHETIC_EXPERIMENTAL_TRAINING_DATA
M-Maize-15-N40-R-R2,Maize,BARI Hybrid Maize-15,40,35,45,Rainfed,2,191.9,7.58,14.22,53.3,ILLUSTRATIVE_SYNTHETIC_EXPERIMENTAL_TRAINING_DATA
M-Maize-15-N40-R-R3,Maize,BARI Hybrid Maize-15,40,35,45,Rainfed,3,175.0,7.53,12.96,58.1,ILLUSTRATIVE_SYNTHETIC_EXPERIMENTAL_TRAINING_DATA
M-Maize-15-N40-R-R4,Maize,BARI Hybrid Maize-15,40,35,45,Rainfed,4,179.1,7.28,13.5,53.9,ILLUSTRATIVE_SYNTHETIC_EXPERIMENTAL_TRAINING_DATA
M-Maize-15-N40-S-R1,Maize,BARI Hybrid Maize-15,40,35,45,Supplemental,1,190.7,8.0,15.06,53.1,ILLUSTRATIVE_SYNTHETIC_EXPERIMENTAL_TRAINING_DATA
M-Maize-15-N40-S-R2,Maize,BARI Hybrid Maize-15,40,35,45,Supplemental,2,186.6,8.18,15.05,54.4,ILLUSTRATIVE_SYNTHETIC_EXPERIMENTAL_TRAINING_DATA
M-Maize-15-N40-S-R3,Maize,BARI Hybrid Maize-15,40,35,45,Supplemental,3,179.6,8.04,13.74,58.5,ILLUSTRATIVE_SYNTHETIC_EXPERIMENTAL_TRAINING_DATA
M-Maize-15-N40-S-R4,Maize,BARI Hybrid Maize-15,40,35,45,Supplemental,4,188.8,7.56,13.89,54.4,ILLUSTRATIVE_SYNTHETIC_EXPERIMENTAL_TRAINING_DATA
M-Maize-15-N80-R-R1,Maize,BARI Hybrid Maize-15,80,35,45,Rainfed,1,193.0,7.71,13.88,55.5,ILLUSTRATIVE_SYNTHETIC_EXPERIMENTAL_TRAINING_DATA
M-Maize-15-N80-R-R2,Maize,BARI Hybrid Maize-15,80,35,45,Rainfed,2,193.5,7.99,13.66,58.5,ILLUSTRATIVE_SYNTHETIC_EXPERIMENTAL_TRAINING_DATA
M-Maize-15-N80-R-R3,Maize,BARI Hybrid Maize-15,80,35,45,Rainfed,3,179.9,7.38,13.55,54.5,ILLUSTRATIVE_SYNTHETIC_EXPERIMENTAL_TRAINING_DATA
M-Maize-15-N80-R-R4,Maize,BARI Hybrid Maize-15,80,35,45,Rainfed,4,177.4,7.78,13.89,56.0,ILLUSTRATIVE_SYNTHETIC_EXPERIMENTAL_TRAINING_DATA
M-Maize-15-N80-S-R1,Maize,BARI Hybrid Maize-15,80,35,45,Supplemental,1,189.2,8.1,13.8,58.7,ILLUSTRATIVE_SYNTHETIC_EXPERIMENTAL_TRAINING_DATA
M-Maize-15-N80-S-R2,Maize,BARI Hybrid Maize-15,80,35,45,Supplemental,2,194.2,8.81,14.39,61.2,ILLUSTRATIVE_SYNTHETIC_EXPERIMENTAL_TRAINING_DATA
M-Maize-15-N80-S-R3,Maize,BARI Hybrid Maize-15,80,35,45,Supplemental,3,204.9,8.63,16.13,53.5,ILLUSTRATIVE_SYNTHETIC_EXPERIMENTAL_TRAINING_DATA
M-Maize-15-N80-S-R4,Maize,BARI Hybrid Maize-15,80,35,45,Supplemental,4,196.0,8.43,15.34,54.9,ILLUSTRATIVE_SYNTHETIC_EXPERIMENTAL_TRAINING_DATA
M-Maize-15-N120-R-R1,Maize,BARI Hybrid Maize-15,120,35,45,Rainfed,1,196.2,7.78,14.74,52.8,ILLUSTRATIVE_SYNTHETIC_EXPERIMENTAL_TRAINING_DATA
M-Maize-15-N120-R-R2,Maize,BARI Hybrid Maize-15,120,35,45,Rainfed,2,205.5,8.09,14.96,54.1,ILLUSTRATIVE_SYNTHETIC_EXPERIMENTAL_TRAINING_DATA
M-Maize-15-N120-R-R3,Maize,BARI Hybrid Maize-15,120,35,45,Rainfed,3,199.4,7.88,14.86,53.0,ILLUSTRATIVE_SYNTHETIC_EXPERIMENTAL_TRAINING_DATA
M-Maize-15-N120-R-R4,Maize,BARI Hybrid Maize-15,120,35,45,Rainfed,4,196.3,8.13,15.08,53.9,ILLUSTRATIVE_SYNTHETIC_EXPERIMENTAL_TRAINING_DATA
M-Maize-15-N120-S-R1,Maize,BARI Hybrid Maize-15,120,35,45,Supplemental,1,206.5,8.82,15.82,55.7,ILLUSTRATIVE_SYNTHETIC_EXPERIMENTAL_TRAINING_DATA
M-Maize-15-N120-S-R2,Maize,BARI Hybrid Maize-15,120,35,45,Supplemental,2,199.6,8.88,16.03,55.4,ILLUSTRATIVE_SYNTHETIC_EXPERIMENTAL_TRAINING_DATA
M-Maize-15-N120-S-R3,Maize,BARI Hybrid Maize-15,120,35,45,Supplemental,3,197.6,8.51,15.47,55.0,ILLUSTRATIVE_SYNTHETIC_EXPERIMENTAL_TRAINING_DATA
M-Maize-15-N120-S-R4,Maize,BARI Hybrid Maize-15,120,35,45,Supplemental,4,201.9,8.96,16.48,54.4,ILLUSTRATIVE_SYNTHETIC_EXPERIMENTAL_TRAINING_DATA
M-Maize-15-N160-R-R1,Maize,BARI Hybrid Maize-15,160,35,45,Rainfed,1,204.5,8.09,13.93,58.1,ILLUSTRATIVE_SYNTHETIC_EXPERIMENTAL_TRAINING_DATA
M-Maize-15-N160-R-R2,Maize,BARI Hybrid Maize-15,160,35,45,Rainfed,2,205.3,8.1,13.28,61.0,ILLUSTRATIVE_SYNTHETIC_EXPERIMENTAL_TRAINING_DATA
M-Maize-15-N160-R-R3,Maize,BARI Hybrid Maize-15,160,35,45,Rainfed,3,189.4,8.35,14.16,59.0,ILLUSTRATIVE_SYNTHETIC_EXPERIMENTAL_TRAINING_DATA
M-Maize-15-N160-R-R4,Maize,BARI Hybrid Maize-15,160,35,45,Rainfed,4,201.9,8.08,14.27,56.6,ILLUSTRATIVE_SYNTHETIC_EXPERIMENTAL_TRAINING_DATA
M-Maize-15-N160-S-R1,Maize,BARI Hybrid Maize-15,160,35,45,Supplemental,1,201.5,8.6,15.4,55.8,ILLUSTRATIVE_SYNTHETIC_EXPERIMENTAL_TRAINING_DATA
M-Maize-15-N160-S-R2,Maize,BARI Hybrid Maize-15,160,35,45,Supplemental,2,205.4,8.66,16.41,52.7,ILLUSTRATIVE_SYNTHETIC_EXPERIMENTAL_TRAINING_DATA
M-Maize-15-N160-S-R3,Maize,BARI Hybrid Maize-15,160,35,45,Supplemental,3,205.2,8.32,14.43,57.6,ILLUSTRATIVE_SYNTHETIC_EXPERIMENTAL_TRAINING_DATA
M-Maize-15-N160-S-R4,Maize,BARI Hybrid Maize-15,160,35,45,Supplemental,4,207.1,8.43,14.72,57.2,ILLUSTRATIVE_SYNTHETIC_EXPERIMENTAL_TRAINING_DATA
