Trial_ID,Variety,Trial_Site,Replicate,Days_to_Maturity,Plant_Height_cm,Panicles_per_m2,Filled_Grains_per_Panicle,Thousand_Grain_Weight_g,Amylose_Content_pct,Grain_Yield_t_ha
R001,BRRI dhan28,Gazipur,1,114,88.2,311,90,22.1,21.8,4.84
R002,BRRI dhan28,Gazipur,2,125,94.8,282,97,22.8,25.2,5.31
R003,BRRI dhan28,Gazipur,3,124,98.0,236,84,21.2,20.7,5.36
R004,BRRI dhan28,Rangpur,1,112,102.0,281,106,21.3,23.0,5.33
R005,BRRI dhan28,Rangpur,2,116,89.0,277,111,22.5,24.0,5.23
R006,BRRI dhan28,Rangpur,3,129,111.7,284,116,21.7,21.5,5.74
R007,BRRI dhan28,Mymensingh,1,124,105.8,269,100,21.6,22.4,5.26
R008,BRRI dhan28,Mymensingh,2,122,89.6,293,94,20.0,22.4,5.14
R009,BRRI dhan28,Mymensingh,3,122,100.7,263,105,21.2,23.1,5.06
R010,BRRI dhan28,Cumilla,1,122,101.6,265,119,20.7,21.3,4.49
R011,BRRI dhan28,Cumilla,2,119,104.2,318,86,21.8,22.9,5.23
R012,BRRI dhan28,Cumilla,3,113,95.6,321,115,20.4,20.1,4.43
R013,BRRI dhan29,Gazipur,1,120,97.5,291,130,22.6,22.6,6.67
R014,BRRI dhan29,Gazipur,2,130,107.1,254,107,21.2,23.3,6.84
R015,BRRI dhan29,Gazipur,3,122,94.8,333,139,25.1,23.0,6.3
R016,BRRI dhan29,Rangpur,1,128,102.4,333,111,21.0,22.3,6.89
R017,BRRI dhan29,Rangpur,2,121,91.9,302,107,20.7,24.4,6.53
R018,BRRI dhan29,Rangpur,3,123,102.7,302,103,20.9,21.7,6.69
R019,BRRI dhan29,Mymensingh,1,118,96.0,312,104,22.0,21.9,5.96
R020,BRRI dhan29,Mymensingh,2,118,115.3,314,117,23.0,23.2,6.53
R021,BRRI dhan29,Mymensingh,3,126,102.5,308,116,21.8,21.7,6.5
R022,BRRI dhan29,Cumilla,1,118,97.8,295,96,23.3,25.7,6.61
R023,BRRI dhan29,Cumilla,2,122,98.8,345,127,22.6,23.3,5.92
R024,BRRI dhan29,Cumilla,3,119,100.7,279,132,22.0,26.0,6.11
R025,BRRI dhan58,Gazipur,1,124,110.0,322,137,23.0,27.8,5.82
R026,BRRI dhan58,Gazipur,2,127,117.6,323,125,23.1,26.1,5.64
R027,BRRI dhan58,Gazipur,3,128,99.4,335,114,23.3,25.4,5.48
R028,BRRI dhan58,Rangpur,1,114,111.0,337,122,23.9,27.1,5.87
R029,BRRI dhan58,Rangpur,2,129,98.0,325,127,22.6,24.1,6.23
R030,BRRI dhan58,Rangpur,3,126,95.3,328,119,23.3,24.2,5.85
R031,BRRI dhan58,Mymensingh,1,118,104.8,321,113,21.7,24.4,6.58
R032,BRRI dhan58,Mymensingh,2,128,113.1,355,136,25.2,22.6,6.14
R033,BRRI dhan58,Mymensingh,3,123,99.0,350,104,25.0,26.2,5.65
R034,BRRI dhan58,Cumilla,1,125,113.1,330,128,23.1,23.4,5.22
R035,BRRI dhan58,Cumilla,2,126,95.9,327,133,24.3,24.1,5.96
R036,BRRI dhan58,Cumilla,3,124,98.1,324,118,23.3,22.5,5.66
R037,BRRI dhan67,Gazipur,1,122,119.7,322,127,21.7,28.0,4.99
R038,BRRI dhan67,Gazipur,2,126,112.8,338,106,23.0,27.4,5.63
R039,BRRI dhan67,Gazipur,3,120,109.5,363,117,23.8,26.2,5.36
R040,BRRI dhan67,Rangpur,1,123,111.2,351,104,26.0,25.9,5.48
R041,BRRI dhan67,Rangpur,2,129,109.0,369,90,26.0,22.1,5.26
R042,BRRI dhan67,Rangpur,3,131,111.0,324,100,23.2,23.1,5.82
R043,BRRI dhan67,Mymensingh,1,131,107.8,359,105,21.0,26.6,5.02
R044,BRRI dhan67,Mymensingh,2,126,111.3,329,89,24.5,22.8,5.71
R045,BRRI dhan67,Mymensingh,3,130,110.0,352,110,25.0,28.5,4.46
R046,BRRI dhan67,Cumilla,1,131,109.2,362,118,24.2,29.0,5.04
R047,BRRI dhan67,Cumilla,2,126,103.9,310,105,24.7,27.3,4.95
R048,BRRI dhan67,Cumilla,3,120,120.1,366,95,22.8,25.6,5.3
R049,BRRI dhan74,Gazipur,1,110,107.6,284,123,22.8,27.4,6.21
R050,BRRI dhan74,Gazipur,2,114,103.4,327,123,21.3,25.6,6.31
R051,BRRI dhan74,Gazipur,3,124,115.0,309,112,22.5,28.8,5.84
R052,BRRI dhan74,Rangpur,1,119,109.5,302,104,22.8,24.9,6.26
R053,BRRI dhan74,Rangpur,2,115,111.5,335,135,20.7,27.9,6.34
R054,BRRI dhan74,Rangpur,3,108,101.3,269,116,21.1,24.1,6.34
R055,BRRI dhan74,Mymensingh,1,104,107.0,270,128,23.8,27.6,6.16
R056,BRRI dhan74,Mymensingh,2,110,125.0,318,110,21.1,26.5,6.2
R057,BRRI dhan74,Mymensingh,3,119,113.2,316,138,22.3,26.3,5.89
R058,BRRI dhan74,Cumilla,1,119,111.5,300,112,22.2,24.3,5.72
R059,BRRI dhan74,Cumilla,2,116,120.5,268,125,23.5,26.0,6.3
R060,BRRI dhan74,Cumilla,3,120,119.1,253,88,21.2,28.1,5.74
R061,BRRI dhan81,Gazipur,1,122,103.1,327,113,21.8,24.2,6.01
R062,BRRI dhan81,Gazipur,2,125,97.0,270,123,22.3,22.7,6.29
R063,BRRI dhan81,Gazipur,3,124,99.9,297,105,24.2,21.6,6.04
R064,BRRI dhan81,Rangpur,1,121,94.9,280,124,23.2,19.9,6.04
R065,BRRI dhan81,Rangpur,2,116,102.8,281,128,19.4,22.5,5.73
R066,BRRI dhan81,Rangpur,3,125,98.3,300,104,22.8,20.8,6.14
R067,BRRI dhan81,Mymensingh,1,116,94.4,303,130,22.5,26.7,6.18
R068,BRRI dhan81,Mymensingh,2,117,103.3,358,143,21.7,23.6,6.45
R069,BRRI dhan81,Mymensingh,3,108,93.5,339,129,22.5,22.8,6.08
R070,BRRI dhan81,Cumilla,1,123,96.3,303,131,23.7,21.7,5.71
R071,BRRI dhan81,Cumilla,2,116,94.0,322,136,23.6,19.4,6.35
R072,BRRI dhan81,Cumilla,3,125,97.9,304,140,22.5,21.9,5.68
R073,BRRI dhan89,Gazipur,1,129,98.5,320,101,24.0,20.7,7.11
R074,BRRI dhan89,Gazipur,2,125,109.6,317,111,23.5,21.9,6.76
R075,BRRI dhan89,Gazipur,3,117,102.0,285,111,24.1,24.0,6.42
R076,BRRI dhan89,Rangpur,1,117,97.4,342,99,21.7,23.9,6.45
R077,BRRI dhan89,Rangpur,2,128,95.8,293,91,21.6,21.9,6.89
R078,BRRI dhan89,Rangpur,3,126,95.7,315,78,23.9,23.0,6.74
R079,BRRI dhan89,Mymensingh,1,123,98.4,316,100,24.8,22.4,6.69
R080,BRRI dhan89,Mymensingh,2,130,97.1,273,103,22.0,23.8,6.5
R081,BRRI dhan89,Mymensingh,3,118,105.3,300,95,23.6,25.3,6.51
R082,BRRI dhan89,Cumilla,1,123,93.8,287,95,23.4,21.1,5.96
R083,BRRI dhan89,Cumilla,2,131,93.3,336,110,24.2,20.8,6.19
R084,BRRI dhan89,Cumilla,3,118,106.4,311,83,24.9,23.9,6.3
R085,BRRI dhan92,Gazipur,1,123,91.6,301,122,23.6,24.3,6.24
R086,BRRI dhan92,Gazipur,2,121,110.3,326,119,22.8,27.2,6.0
R087,BRRI dhan92,Gazipur,3,122,106.0,360,121,23.1,26.3,5.8
R088,BRRI dhan92,Rangpur,1,132,99.2,312,120,23.1,22.8,6.15
R089,BRRI dhan92,Rangpur,2,123,110.8,335,119,24.3,23.8,6.48
R090,BRRI dhan92,Rangpur,3,124,112.9,333,144,21.1,22.7,6.48
R091,BRRI dhan92,Mymensingh,1,122,106.5,323,102,24.5,24.4,6.08
R092,BRRI dhan92,Mymensingh,2,127,99.3,332,101,24.3,21.1,5.49
R093,BRRI dhan92,Mymensingh,3,125,101.6,348,110,25.5,22.4,6.09
R094,BRRI dhan92,Cumilla,1,127,108.9,379,121,24.6,23.7,5.41
R095,BRRI dhan92,Cumilla,2,123,107.1,327,134,24.4,25.0,6.06
R096,BRRI dhan92,Cumilla,3,132,106.6,359,99,25.5,25.2,5.76
R097,BRRI dhan95,Gazipur,1,124,114.3,279,128,20.1,23.2,5.87
R098,BRRI dhan95,Gazipur,2,123,123.1,276,119,20.0,22.5,5.5
R099,BRRI dhan95,Gazipur,3,118,102.0,317,103,23.0,24.2,5.99
R100,BRRI dhan95,Rangpur,1,120,110.9,319,131,20.0,24.5,6.09
R101,BRRI dhan95,Rangpur,2,119,109.5,252,134,21.4,27.6,6.4
R102,BRRI dhan95,Rangpur,3,120,103.3,305,126,21.5,24.0,6.39
R103,BRRI dhan95,Mymensingh,1,122,111.5,286,113,20.2,26.1,6.43
R104,BRRI dhan95,Mymensingh,2,123,119.7,294,130,18.7,24.9,5.39
R105,BRRI dhan95,Mymensingh,3,111,109.2,251,106,22.1,25.0,5.79
R106,BRRI dhan95,Cumilla,1,112,120.3,262,111,19.4,24.7,5.88
R107,BRRI dhan95,Cumilla,2,119,105.8,294,106,20.4,24.8,5.97
R108,BRRI dhan95,Cumilla,3,116,103.5,261,130,21.0,25.9,5.3
R109,BRRI dhan98,Gazipur,1,127,113.0,317,108,22.3,27.1,6.39
R110,BRRI dhan98,Gazipur,2,122,119.8,257,110,22.4,27.7,6.08
R111,BRRI dhan98,Gazipur,3,121,103.6,270,99,21.9,23.0,6.02
R112,BRRI dhan98,Rangpur,1,128,109.6,314,111,23.9,26.8,6.6
R113,BRRI dhan98,Rangpur,2,119,108.4,325,91,22.9,25.9,6.34
R114,BRRI dhan98,Rangpur,3,113,112.9,274,98,22.7,28.4,6.15
R115,BRRI dhan98,Mymensingh,1,120,111.8,297,111,20.5,26.7,6.04
R116,BRRI dhan98,Mymensingh,2,125,113.3,274,84,22.3,28.7,6.62
R117,BRRI dhan98,Mymensingh,3,118,104.2,274,109,24.7,27.9,6.38
R118,BRRI dhan98,Cumilla,1,113,106.0,288,97,23.0,26.0,6.13
R119,BRRI dhan98,Cumilla,2,125,113.7,298,109,22.2,23.5,6.25
R120,BRRI dhan98,Cumilla,3,112,112.5,312,104,23.0,26.4,5.72
R121,Local A,Gazipur,1,127,92.8,291,90,23.6,22.3,4.24
R122,Local A,Gazipur,2,123,94.1,292,100,25.3,21.7,3.13
R123,Local A,Gazipur,3,129,110.7,341,116,23.3,22.4,3.28
R124,Local A,Rangpur,1,122,105.3,335,129,23.8,21.7,3.99
R125,Local A,Rangpur,2,128,103.6,313,119,24.5,23.3,4.25
R126,Local A,Rangpur,3,130,95.2,322,112,21.7,22.4,4.13
R127,Local A,Mymensingh,1,123,102.1,326,111,21.9,22.5,4.35
R128,Local A,Mymensingh,2,114,105.9,244,99,23.4,20.7,3.84
R129,Local A,Mymensingh,3,123,88.4,318,114,21.8,24.1,3.72
R130,Local A,Cumilla,1,118,94.4,303,105,22.3,19.4,3.29
R131,Local A,Cumilla,2,117,110.7,305,112,23.1,25.4,4.0
R132,Local A,Cumilla,3,122,101.3,319,119,25.1,23.1,3.83
R133,Local B,Gazipur,1,128,96.6,365,113,22.1,23.0,4.41
R134,Local B,Gazipur,2,123,105.4,324,107,25.1,21.3,4.53
R135,Local B,Gazipur,3,122,107.7,315,133,20.8,21.4,3.92
R136,Local B,Rangpur,1,123,107.8,362,135,23.2,21.7,5.36
R137,Local B,Rangpur,2,126,100.7,381,122,22.5,22.5,4.11
R138,Local B,Rangpur,3,129,106.2,331,109,22.4,23.4,4.64
R139,Local B,Mymensingh,1,142,98.0,357,139,23.1,20.6,3.69
R140,Local B,Mymensingh,2,124,90.1,344,124,23.8,24.4,3.54
R141,Local B,Mymensingh,3,125,104.3,316,142,22.9,21.7,4.11
R142,Local B,Cumilla,1,123,105.0,357,116,25.8,23.1,3.51
R143,Local B,Cumilla,2,128,100.1,310,125,24.2,21.4,4.02
R144,Local B,Cumilla,3,130,100.5,325,121,23.0,22.2,3.99
