District,Year,Rice_Season,Mean_Temperature_C,Seasonal_Rainfall_mm,Mean_Relative_Humidity_pct,Mean_Wind_Speed_ms,Rice_Yield_t_ha
Rangpur,2010,Aus,25.94,857.9,77.6,1.8,2.22
Rangpur,2010,Aman,24.38,1372.7,76.0,1.26,3.23
Rangpur,2010,Boro,22.93,400.4,75.3,1.42,4.69
Rangpur,2011,Aus,26.73,1184.1,71.8,1.69,2.87
Rangpur,2011,Aman,24.52,1894.6,72.3,1.35,3.29
Rangpur,2011,Boro,24.14,552.6,73.4,1.27,5.2
Rangpur,2012,Aus,26.49,914.0,70.4,1.85,2.46
Rangpur,2012,Aman,25.37,1462.4,72.4,0.82,3.85
Rangpur,2012,Boro,25.04,426.5,69.9,1.55,4.46
Rangpur,2013,Aus,27.39,1056.2,75.9,1.0,3.22
Rangpur,2013,Aman,24.96,1689.9,73.1,1.27,4.38
Rangpur,2013,Boro,24.93,492.9,73.0,1.02,4.32
Rangpur,2014,Aus,26.58,974.6,69.1,2.03,2.63
Rangpur,2014,Aman,25.37,1559.4,73.3,1.79,3.21
Rangpur,2014,Boro,24.87,454.8,72.2,1.79,4.32
Rangpur,2015,Aus,26.62,1116.7,72.7,1.0,2.88
Rangpur,2015,Aman,25.27,1786.7,71.5,1.3,3.51
Rangpur,2015,Boro,24.82,521.1,69.5,1.64,4.65
Rangpur,2016,Aus,26.74,1107.5,80.0,1.88,2.87
Rangpur,2016,Aman,25.03,1772.0,81.5,1.61,3.18
Rangpur,2016,Boro,24.37,516.8,75.1,1.4,4.31
Rangpur,2017,Aus,26.23,1200.5,79.0,0.81,3.14
Rangpur,2017,Aman,25.23,1920.8,73.9,1.17,3.41
Rangpur,2017,Boro,24.93,560.2,70.4,1.25,4.86
Rangpur,2018,Aus,26.33,1280.2,75.1,1.89,3.2
Rangpur,2018,Aman,24.37,2048.4,81.1,2.43,3.32
Rangpur,2018,Boro,24.21,597.4,77.3,0.98,4.55
Rangpur,2019,Aus,26.26,983.2,77.6,1.28,2.5
Rangpur,2019,Aman,24.89,1573.1,78.2,1.67,3.55
Rangpur,2019,Boro,24.58,458.8,80.4,1.57,4.56
Rangpur,2020,Aus,27.01,956.1,74.9,1.39,2.42
Rangpur,2020,Aman,25.28,1529.7,73.2,1.49,3.58
Rangpur,2020,Boro,24.69,446.2,72.3,2.24,4.64
Rangpur,2021,Aus,26.83,1329.1,79.6,1.95,3.13
Rangpur,2021,Aman,24.76,2126.5,79.0,0.97,3.29
Rangpur,2021,Boro,24.27,620.2,81.1,1.66,4.03
Rangpur,2022,Aus,27.08,1021.5,84.4,1.79,2.79
Rangpur,2022,Aman,25.54,1634.4,79.7,1.62,3.75
Rangpur,2022,Boro,24.95,476.7,77.0,1.82,4.34
Rangpur,2023,Aus,26.58,1172.0,69.7,1.69,2.5
Rangpur,2023,Aman,25.15,1875.1,72.1,1.75,3.48
Rangpur,2023,Boro,24.54,546.9,70.8,1.58,4.84
Rangpur,2024,Aus,26.94,955.4,77.9,1.71,2.1
Rangpur,2024,Aman,25.42,1528.6,76.9,1.27,3.38
Rangpur,2024,Boro,24.71,445.9,77.8,1.96,4.63
Dinajpur,2010,Aus,25.83,1246.2,79.3,1.65,2.82
Dinajpur,2010,Aman,24.5,1993.9,78.3,1.45,3.55
Dinajpur,2010,Boro,23.97,581.5,82.2,1.2,4.83
Dinajpur,2011,Aus,26.16,1141.3,77.8,1.25,2.46
Dinajpur,2011,Aman,24.31,1826.1,82.6,1.44,3.87
Dinajpur,2011,Boro,24.03,532.6,81.4,1.41,5.2
Dinajpur,2012,Aus,26.49,1139.0,71.0,1.34,1.95
Dinajpur,2012,Aman,25.02,1822.4,69.6,1.87,4.06
Dinajpur,2012,Boro,24.32,531.5,72.9,1.84,4.47
Dinajpur,2013,Aus,26.69,993.1,71.2,1.78,2.7
Dinajpur,2013,Aman,25.49,1589.0,72.5,1.4,3.64
Dinajpur,2013,Boro,24.64,463.4,72.2,1.05,4.56
Dinajpur,2014,Aus,27.04,1416.0,79.0,1.82,2.68
Dinajpur,2014,Aman,25.54,2265.6,77.3,1.51,3.98
Dinajpur,2014,Boro,25.87,660.8,74.7,1.85,4.3
Dinajpur,2015,Aus,26.96,1125.5,78.6,1.39,2.68
Dinajpur,2015,Aman,25.19,1800.8,77.2,1.71,3.61
Dinajpur,2015,Boro,24.93,525.2,75.3,0.63,5.22
Dinajpur,2016,Aus,26.45,1009.9,88.0,1.1,2.46
Dinajpur,2016,Aman,24.38,1615.9,81.0,1.92,4.05
Dinajpur,2016,Boro,24.63,471.3,84.9,2.16,4.67
Dinajpur,2017,Aus,26.79,1393.0,77.3,1.46,2.94
Dinajpur,2017,Aman,25.38,2228.8,73.1,1.08,3.58
Dinajpur,2017,Boro,24.69,650.1,76.5,1.56,4.33
Dinajpur,2018,Aus,26.73,1036.7,74.2,1.94,2.72
Dinajpur,2018,Aman,25.04,1658.7,74.1,1.73,3.19
Dinajpur,2018,Boro,24.53,483.8,76.1,1.31,4.99
Dinajpur,2019,Aus,26.56,1184.0,82.8,1.67,3.01
Dinajpur,2019,Aman,24.94,1894.4,79.5,1.76,4.29
Dinajpur,2019,Boro,24.65,552.5,81.4,1.51,5.13
Dinajpur,2020,Aus,26.65,1272.2,79.0,1.72,2.87
Dinajpur,2020,Aman,25.12,2035.5,78.7,1.78,3.64
Dinajpur,2020,Boro,24.99,593.7,77.1,1.94,4.69
Dinajpur,2021,Aus,26.71,1172.3,73.8,1.25,2.93
Dinajpur,2021,Aman,25.43,1875.7,72.0,0.96,3.3
Dinajpur,2021,Boro,24.5,547.1,75.7,1.31,4.41
Dinajpur,2022,Aus,26.65,1033.8,76.6,1.77,2.8
Dinajpur,2022,Aman,25.27,1654.1,78.3,1.36,3.65
Dinajpur,2022,Boro,24.44,482.4,72.8,1.88,4.59
Dinajpur,2023,Aus,26.64,1265.4,72.3,1.41,2.51
Dinajpur,2023,Aman,25.16,2024.7,74.9,1.09,3.41
Dinajpur,2023,Boro,24.81,590.5,71.5,1.37,4.51
Dinajpur,2024,Aus,26.56,1049.1,83.4,1.9,2.99
Dinajpur,2024,Aman,25.36,1678.6,79.9,1.36,3.4
Dinajpur,2024,Boro,24.74,489.6,78.9,1.46,4.47
Bogura,2010,Aus,26.91,1285.1,76.2,1.43,2.88
Bogura,2010,Aman,24.74,2056.2,72.3,1.9,3.79
Bogura,2010,Boro,24.55,599.7,74.0,1.45,4.85
Bogura,2011,Aus,26.14,1242.7,64.9,1.74,3.34
Bogura,2011,Aman,24.88,1988.4,69.2,1.7,4.08
Bogura,2011,Boro,24.3,579.9,68.1,1.2,5.1
Bogura,2012,Aus,25.88,1176.0,80.8,1.52,2.99
Bogura,2012,Aman,24.46,1881.6,77.8,1.28,3.48
Bogura,2012,Boro,23.87,548.8,78.8,2.07,5.08
Bogura,2013,Aus,26.13,1255.7,83.4,1.89,3.36
Bogura,2013,Aman,24.96,2009.2,82.2,1.61,4.0
Bogura,2013,Boro,24.34,586.0,83.4,1.17,5.39
Bogura,2014,Aus,26.1,1201.7,78.7,1.63,2.59
Bogura,2014,Aman,24.51,1922.7,76.3,1.52,3.62
Bogura,2014,Boro,24.26,560.8,81.3,1.61,5.07
Bogura,2015,Aus,26.13,1092.9,73.9,1.17,2.97
Bogura,2015,Aman,24.27,1748.6,77.5,1.66,3.55
Bogura,2015,Boro,23.76,510.0,76.8,1.74,5.08
Bogura,2016,Aus,26.67,1163.6,74.5,1.48,3.27
Bogura,2016,Aman,24.67,1861.8,72.9,1.57,4.13
Bogura,2016,Boro,24.45,543.0,73.7,1.26,4.91
Bogura,2017,Aus,26.04,1184.6,65.7,1.33,3.43
Bogura,2017,Aman,24.33,1895.4,70.0,1.19,3.46
Bogura,2017,Boro,24.35,552.8,69.0,1.32,5.43
Bogura,2018,Aus,27.09,1102.0,81.2,1.6,2.73
Bogura,2018,Aman,25.42,1763.2,85.3,1.47,3.65
Bogura,2018,Boro,24.96,514.3,84.1,1.32,4.59
Bogura,2019,Aus,26.37,1166.0,79.0,1.36,2.98
Bogura,2019,Aman,24.53,1865.5,74.1,1.41,3.47
Bogura,2019,Boro,24.15,544.1,73.5,1.91,4.73
Bogura,2020,Aus,26.35,1378.7,80.4,1.92,2.78
Bogura,2020,Aman,24.8,2205.9,77.3,1.89,3.71
Bogura,2020,Boro,24.47,643.4,75.6,1.27,5.04
Bogura,2021,Aus,26.64,1315.3,73.7,1.38,2.65
Bogura,2021,Aman,25.67,2104.5,73.7,1.56,3.63
Bogura,2021,Boro,24.66,613.8,71.4,1.71,4.61
Bogura,2022,Aus,26.26,1239.9,79.2,1.45,2.34
Bogura,2022,Aman,24.95,1983.8,77.1,1.69,3.6
Bogura,2022,Boro,24.58,578.6,78.6,1.57,4.69
Bogura,2023,Aus,27.0,1034.3,73.8,1.68,3.24
Bogura,2023,Aman,25.97,1654.9,68.4,1.64,3.79
Bogura,2023,Boro,25.48,482.7,65.0,1.22,5.03
Bogura,2024,Aus,26.94,966.3,82.1,1.72,2.45
Bogura,2024,Aman,25.42,1546.1,78.4,1.55,3.06
Bogura,2024,Boro,25.16,451.0,81.2,1.91,4.56
Mymensingh,2010,Aus,26.08,1192.9,70.7,1.55,3.83
Mymensingh,2010,Aman,24.75,1908.7,71.8,1.51,3.6
Mymensingh,2010,Boro,24.11,556.7,71.7,1.36,4.58
Mymensingh,2011,Aus,26.64,1379.2,80.2,2.01,3.19
Mymensingh,2011,Aman,25.16,2206.7,81.7,1.63,3.98
Mymensingh,2011,Boro,24.55,643.6,81.9,1.66,5.34
Mymensingh,2012,Aus,27.1,1362.1,77.9,1.66,3.21
Mymensingh,2012,Aman,25.41,2179.4,76.0,1.61,4.2
Mymensingh,2012,Boro,24.61,635.7,75.9,1.22,5.53
Mymensingh,2013,Aus,26.61,1138.3,72.4,1.23,3.13
Mymensingh,2013,Aman,25.33,1821.3,69.4,1.33,3.78
Mymensingh,2013,Boro,24.52,531.2,75.2,1.33,5.37
Mymensingh,2014,Aus,26.87,1244.7,82.3,2.21,3.0
Mymensingh,2014,Aman,24.98,1991.5,79.7,1.8,4.17
Mymensingh,2014,Boro,24.6,580.8,79.8,1.43,5.13
Mymensingh,2015,Aus,26.77,1385.3,77.3,1.27,3.08
Mymensingh,2015,Aman,25.28,2216.5,79.3,1.58,3.84
Mymensingh,2015,Boro,24.97,646.5,83.2,1.36,5.42
Mymensingh,2016,Aus,26.56,1335.2,80.8,1.6,3.09
Mymensingh,2016,Aman,25.0,2136.3,78.2,0.83,3.97
Mymensingh,2016,Boro,24.43,623.1,83.0,1.56,5.12
Mymensingh,2017,Aus,26.29,1191.3,75.1,1.68,3.2
Mymensingh,2017,Aman,25.16,1906.1,82.5,1.4,4.16
Mymensingh,2017,Boro,24.6,555.9,75.5,1.35,5.38
Mymensingh,2018,Aus,27.13,1500.0,80.4,1.65,2.96
Mymensingh,2018,Aman,25.7,2400.0,82.8,1.18,4.06
Mymensingh,2018,Boro,24.89,700.0,82.9,0.81,4.44
Mymensingh,2019,Aus,26.56,1398.2,85.0,2.03,3.0
Mymensingh,2019,Aman,25.26,2237.1,85.9,1.65,3.74
Mymensingh,2019,Boro,24.74,652.5,86.6,2.08,4.85
Mymensingh,2020,Aus,26.22,1453.6,80.2,0.81,3.09
Mymensingh,2020,Aman,24.5,2325.7,75.3,1.59,3.39
Mymensingh,2020,Boro,24.0,678.3,80.8,1.43,4.93
Mymensingh,2021,Aus,26.52,1318.9,82.0,1.87,3.3
Mymensingh,2021,Aman,24.59,2110.2,80.0,1.67,4.33
Mymensingh,2021,Boro,23.97,615.5,80.5,1.85,5.27
Mymensingh,2022,Aus,26.98,1403.9,72.2,1.38,2.97
Mymensingh,2022,Aman,25.49,2246.3,71.4,1.05,4.03
Mymensingh,2022,Boro,25.06,655.2,67.8,2.07,5.2
Mymensingh,2023,Aus,26.41,1239.8,78.0,1.33,2.82
Mymensingh,2023,Aman,24.89,1983.8,78.9,1.27,3.9
Mymensingh,2023,Boro,24.47,578.6,79.4,0.97,4.44
Mymensingh,2024,Aus,26.46,1459.6,68.8,1.49,3.08
Mymensingh,2024,Aman,25.21,2335.4,70.8,1.52,4.34
Mymensingh,2024,Boro,24.14,681.2,69.7,1.9,5.15
Cumilla,2010,Aus,26.75,1232.4,74.9,1.3,3.15
Cumilla,2010,Aman,25.63,1971.8,67.2,1.65,3.95
Cumilla,2010,Boro,25.11,575.1,73.0,2.43,5.01
Cumilla,2011,Aus,26.0,1321.4,74.5,1.04,3.83
Cumilla,2011,Aman,24.32,2114.2,74.7,1.64,3.92
Cumilla,2011,Boro,23.76,616.6,74.9,1.84,5.5
Cumilla,2012,Aus,26.25,1203.8,75.8,1.21,3.08
Cumilla,2012,Aman,24.9,1926.1,75.1,1.18,4.39
Cumilla,2012,Boro,24.79,561.8,75.1,1.45,5.66
Cumilla,2013,Aus,27.24,1228.5,76.0,1.37,3.14
Cumilla,2013,Aman,25.58,1965.6,79.0,1.59,3.82
Cumilla,2013,Boro,24.61,573.3,77.8,1.77,5.3
Cumilla,2014,Aus,26.29,1439.1,73.5,1.58,3.17
Cumilla,2014,Aman,24.98,2302.5,75.1,1.91,3.78
Cumilla,2014,Boro,24.41,671.6,76.1,1.33,5.62
Cumilla,2015,Aus,26.46,1485.2,75.6,1.29,3.11
Cumilla,2015,Aman,25.13,2376.3,78.6,0.99,3.81
Cumilla,2015,Boro,24.73,693.1,76.6,1.72,5.18
Cumilla,2016,Aus,26.29,1241.7,80.5,1.17,3.27
Cumilla,2016,Aman,24.76,1986.7,76.5,1.47,3.74
Cumilla,2016,Boro,24.19,579.5,75.0,1.51,5.42
Cumilla,2017,Aus,26.85,1377.3,70.9,1.49,3.11
Cumilla,2017,Aman,25.43,2203.6,68.1,1.55,4.44
Cumilla,2017,Boro,25.31,642.7,75.5,1.8,5.25
Cumilla,2018,Aus,27.42,1390.5,74.2,1.86,3.17
Cumilla,2018,Aman,25.46,2224.8,73.0,1.88,4.08
Cumilla,2018,Boro,25.65,648.9,68.2,1.86,5.42
Cumilla,2019,Aus,27.81,1116.1,73.3,1.9,3.39
Cumilla,2019,Aman,25.88,1785.8,77.4,1.03,3.95
Cumilla,2019,Boro,25.18,520.9,71.8,1.21,5.33
Cumilla,2020,Aus,26.85,1304.5,74.1,1.64,3.45
Cumilla,2020,Aman,25.33,2087.3,78.3,1.63,3.58
Cumilla,2020,Boro,25.03,608.8,79.4,1.1,5.06
Cumilla,2021,Aus,26.25,1500.0,76.8,1.72,3.32
Cumilla,2021,Aman,24.78,2400.0,69.1,1.56,3.61
Cumilla,2021,Boro,24.57,700.0,73.3,1.67,5.03
Cumilla,2022,Aus,26.97,1408.8,79.7,1.28,3.09
Cumilla,2022,Aman,25.37,2254.1,78.1,1.72,3.98
Cumilla,2022,Boro,24.21,657.4,77.3,1.44,5.29
Cumilla,2023,Aus,26.72,1469.2,75.3,1.99,3.09
Cumilla,2023,Aman,25.2,2350.7,70.3,1.75,4.31
Cumilla,2023,Boro,25.0,685.6,69.5,1.53,5.02
Cumilla,2024,Aus,27.06,1181.4,78.6,1.25,3.33
Cumilla,2024,Aman,25.88,1890.3,80.1,1.13,3.73
Cumilla,2024,Boro,25.17,551.3,80.6,1.9,4.75
Jashore,2010,Aus,25.44,1249.3,73.7,0.92,3.17
Jashore,2010,Aman,24.43,1998.8,79.5,1.07,4.34
Jashore,2010,Boro,23.69,583.0,76.5,1.1,5.16
Jashore,2011,Aus,26.6,1313.8,74.5,1.59,3.3
Jashore,2011,Aman,25.54,2102.1,75.0,1.54,4.07
Jashore,2011,Boro,24.74,613.1,74.3,1.03,5.06
Jashore,2012,Aus,26.56,1015.6,80.9,1.81,3.41
Jashore,2012,Aman,24.62,1624.9,76.4,1.99,3.67
Jashore,2012,Boro,24.39,473.9,78.6,1.97,5.32
Jashore,2013,Aus,26.16,1163.7,77.7,1.39,3.88
Jashore,2013,Aman,24.56,1862.0,77.1,1.11,4.18
Jashore,2013,Boro,24.22,543.1,81.3,1.69,5.03
Jashore,2014,Aus,27.12,1020.8,70.1,1.39,3.78
Jashore,2014,Aman,25.09,1633.3,68.1,1.38,3.72
Jashore,2014,Boro,24.99,476.4,68.6,1.49,5.27
Jashore,2015,Aus,26.52,1074.8,80.3,1.62,3.02
Jashore,2015,Aman,24.83,1719.7,82.6,1.48,3.85
Jashore,2015,Boro,24.37,501.6,81.6,1.02,5.14
Jashore,2016,Aus,26.35,1273.0,77.7,1.68,3.68
Jashore,2016,Aman,25.5,2036.8,80.3,1.6,3.68
Jashore,2016,Boro,24.3,594.1,78.0,1.26,4.25
Jashore,2017,Aus,25.91,1176.1,74.0,1.54,3.21
Jashore,2017,Aman,25.16,1881.8,69.3,0.84,4.36
Jashore,2017,Boro,24.6,548.9,70.1,1.71,5.21
Jashore,2018,Aus,26.53,1250.1,72.1,1.51,3.54
Jashore,2018,Aman,25.02,2000.2,70.3,0.75,3.85
Jashore,2018,Boro,24.16,583.4,73.6,2.04,5.11
Jashore,2019,Aus,27.03,1252.7,85.1,0.93,3.39
Jashore,2019,Aman,25.75,2004.4,81.3,1.72,4.16
Jashore,2019,Boro,24.78,584.6,80.8,1.38,5.13
Jashore,2020,Aus,26.44,1151.4,75.5,0.91,3.11
Jashore,2020,Aman,24.94,1842.2,82.2,1.48,3.79
Jashore,2020,Boro,24.06,537.3,84.5,1.55,5.1
Jashore,2021,Aus,26.32,1125.6,71.2,1.16,3.6
Jashore,2021,Aman,24.7,1800.9,72.5,1.4,4.51
Jashore,2021,Boro,23.97,525.3,75.2,1.76,5.48
Jashore,2022,Aus,26.96,1008.7,78.2,1.57,2.88
Jashore,2022,Aman,25.12,1613.9,77.6,1.66,4.08
Jashore,2022,Boro,24.99,470.7,78.3,1.05,5.33
Jashore,2023,Aus,26.87,1230.3,76.4,1.29,3.46
Jashore,2023,Aman,24.98,1968.4,74.9,2.13,4.19
Jashore,2023,Boro,25.07,574.1,78.6,1.69,5.61
Jashore,2024,Aus,26.96,964.6,72.5,2.13,2.74
Jashore,2024,Aman,25.51,1543.4,71.4,1.04,4.46
Jashore,2024,Boro,25.22,450.2,73.7,1.45,5.39
Faridpur,2010,Aus,26.34,1133.6,85.4,2.3,2.41
Faridpur,2010,Aman,24.84,1813.7,85.6,2.35,3.63
Faridpur,2010,Boro,24.41,529.0,83.2,1.22,5.08
Faridpur,2011,Aus,26.49,1092.7,77.6,1.53,2.42
Faridpur,2011,Aman,25.02,1748.4,79.9,1.61,3.53
Faridpur,2011,Boro,24.51,509.9,74.7,2.65,4.8
Faridpur,2012,Aus,26.0,1191.9,82.4,1.79,2.73
Faridpur,2012,Aman,25.03,1907.0,80.8,1.09,3.69
Faridpur,2012,Boro,24.33,556.2,81.2,2.19,5.09
Faridpur,2013,Aus,26.22,1325.4,74.3,1.13,3.08
Faridpur,2013,Aman,25.28,2120.6,70.7,1.27,3.64
Faridpur,2013,Boro,24.32,618.5,72.9,1.46,4.93
Faridpur,2014,Aus,26.43,1034.9,71.7,1.21,2.64
Faridpur,2014,Aman,24.72,1655.9,69.9,1.56,2.92
Faridpur,2014,Boro,23.43,483.0,69.1,1.34,4.26
Faridpur,2015,Aus,25.94,1117.2,81.5,1.99,2.55
Faridpur,2015,Aman,24.54,1787.5,79.5,0.61,3.2
Faridpur,2015,Boro,23.95,521.4,76.4,1.27,4.56
Faridpur,2016,Aus,27.04,1313.4,83.6,1.5,2.42
Faridpur,2016,Aman,25.34,2101.4,82.8,1.2,3.57
Faridpur,2016,Boro,24.62,612.9,84.7,0.85,4.56
Faridpur,2017,Aus,26.96,975.6,71.0,1.97,2.64
Faridpur,2017,Aman,25.13,1560.9,70.2,1.49,3.6
Faridpur,2017,Boro,24.99,455.3,71.9,2.47,4.4
Faridpur,2018,Aus,27.0,1110.2,73.4,2.32,2.73
Faridpur,2018,Aman,24.87,1776.3,74.9,2.07,3.21
Faridpur,2018,Boro,24.54,518.1,69.8,0.94,4.46
Faridpur,2019,Aus,26.67,1260.7,75.4,1.41,3.17
Faridpur,2019,Aman,25.13,2017.0,77.2,1.39,2.97
Faridpur,2019,Boro,24.29,588.3,75.2,1.52,4.49
Faridpur,2020,Aus,27.1,1005.2,76.5,1.12,3.02
Faridpur,2020,Aman,25.48,1608.3,76.8,0.92,3.02
Faridpur,2020,Boro,25.6,469.1,76.3,1.67,4.6
Faridpur,2021,Aus,26.16,1172.8,72.0,1.44,2.69
Faridpur,2021,Aman,25.02,1876.5,76.3,1.67,3.67
Faridpur,2021,Boro,24.39,547.3,73.9,1.68,4.4
Faridpur,2022,Aus,26.84,1058.8,80.9,2.13,2.13
Faridpur,2022,Aman,25.51,1694.1,81.5,1.46,3.83
Faridpur,2022,Boro,24.87,494.1,82.4,1.79,4.16
Faridpur,2023,Aus,26.92,1053.2,75.1,2.15,2.8
Faridpur,2023,Aman,25.31,1685.2,70.8,1.26,3.62
Faridpur,2023,Boro,25.24,491.5,71.9,1.2,4.72
Faridpur,2024,Aus,26.03,1059.3,82.7,1.27,2.7
Faridpur,2024,Aman,24.76,1694.9,82.1,1.74,3.51
Faridpur,2024,Boro,24.46,494.3,82.6,1.46,4.49
Barishal,2010,Aus,26.64,1192.5,70.5,1.52,3.23
Barishal,2010,Aman,25.6,1907.9,71.0,1.47,3.87
Barishal,2010,Boro,25.34,556.5,69.8,1.04,4.61
Barishal,2011,Aus,26.95,1225.6,76.2,1.09,2.47
Barishal,2011,Aman,25.44,1960.9,75.3,1.65,4.01
Barishal,2011,Boro,25.12,571.9,71.9,1.72,5.04
Barishal,2012,Aus,26.07,1179.8,70.6,2.03,3.04
Barishal,2012,Aman,25.12,1887.6,71.0,2.27,3.64
Barishal,2012,Boro,24.11,550.6,75.6,2.13,4.8
Barishal,2013,Aus,26.53,1226.6,76.5,1.92,2.95
Barishal,2013,Aman,24.45,1962.5,82.0,1.56,4.12
Barishal,2013,Boro,24.72,572.4,84.9,2.39,4.77
Barishal,2014,Aus,26.93,1263.4,72.5,1.51,3.0
Barishal,2014,Aman,26.05,2021.4,73.5,2.09,3.56
Barishal,2014,Boro,25.26,589.6,71.3,1.24,5.07
Barishal,2015,Aus,26.29,1212.3,75.7,1.38,2.73
Barishal,2015,Aman,24.81,1939.6,75.1,1.67,3.72
Barishal,2015,Boro,24.68,565.7,76.8,1.1,5.16
Barishal,2016,Aus,26.53,1237.9,76.7,1.48,2.49
Barishal,2016,Aman,25.12,1980.6,76.9,1.51,3.75
Barishal,2016,Boro,24.89,577.7,80.1,1.54,4.66
Barishal,2017,Aus,26.63,1328.7,72.8,1.95,2.56
Barishal,2017,Aman,24.77,2125.9,68.5,1.81,3.25
Barishal,2017,Boro,24.9,620.1,71.1,1.6,4.57
Barishal,2018,Aus,26.11,1287.2,79.8,1.27,3.0
Barishal,2018,Aman,24.53,2059.5,79.5,1.52,3.09
Barishal,2018,Boro,24.33,600.7,79.0,1.49,4.83
Barishal,2019,Aus,25.98,1202.8,81.1,1.32,2.79
Barishal,2019,Aman,24.63,1924.5,81.0,1.67,3.52
Barishal,2019,Boro,24.12,561.3,77.1,0.97,4.63
Barishal,2020,Aus,26.77,1441.6,74.8,1.83,3.27
Barishal,2020,Aman,25.64,2306.6,76.5,1.54,3.5
Barishal,2020,Boro,25.17,672.8,78.3,1.36,4.76
Barishal,2021,Aus,26.27,1144.3,81.6,1.53,2.75
Barishal,2021,Aman,25.22,1830.8,80.9,1.97,3.54
Barishal,2021,Boro,24.44,534.0,81.4,1.19,5.1
Barishal,2022,Aus,26.99,1369.6,79.0,1.82,2.74
Barishal,2022,Aman,25.9,2191.4,79.7,1.46,3.4
Barishal,2022,Boro,24.9,639.1,75.1,1.11,4.79
Barishal,2023,Aus,26.94,1393.6,75.2,1.36,3.23
Barishal,2023,Aman,25.18,2229.8,77.4,2.03,3.79
Barishal,2023,Boro,25.16,650.3,74.1,1.68,4.49
Barishal,2024,Aus,27.32,1063.1,67.7,1.48,2.32
Barishal,2024,Aman,26.06,1701.0,71.9,1.85,3.81
Barishal,2024,Boro,25.64,496.1,70.5,1.22,4.52
Sylhet,2010,Aus,26.28,1324.4,70.3,1.73,3.06
Sylhet,2010,Aman,24.6,2119.0,67.9,1.79,3.88
Sylhet,2010,Boro,23.81,618.0,70.9,1.52,4.82
Sylhet,2011,Aus,26.99,1228.5,78.4,1.8,2.95
Sylhet,2011,Aman,25.83,1965.7,75.1,1.17,3.35
Sylhet,2011,Boro,25.12,573.3,80.3,1.52,4.54
Sylhet,2012,Aus,26.58,1262.6,76.9,1.04,3.09
Sylhet,2012,Aman,25.25,2020.2,74.7,1.51,3.99
Sylhet,2012,Boro,24.6,589.2,77.1,1.74,4.68
Sylhet,2013,Aus,26.41,1289.2,75.4,1.35,2.79
Sylhet,2013,Aman,24.68,2062.8,76.8,1.81,3.51
Sylhet,2013,Boro,24.43,601.6,74.5,1.31,4.93
Sylhet,2014,Aus,26.69,1162.8,77.9,1.44,2.88
Sylhet,2014,Aman,25.12,1860.5,73.4,2.06,3.82
Sylhet,2014,Boro,24.55,542.6,74.8,1.47,4.75
Sylhet,2015,Aus,26.84,1200.5,84.9,0.99,3.46
Sylhet,2015,Aman,25.8,1920.8,82.5,0.91,3.99
Sylhet,2015,Boro,25.05,560.2,82.4,1.52,5.0
Sylhet,2016,Aus,27.02,1341.1,79.0,2.07,2.94
Sylhet,2016,Aman,25.73,2145.7,77.2,0.95,3.63
Sylhet,2016,Boro,25.37,625.8,78.6,2.06,4.63
Sylhet,2017,Aus,26.24,1158.3,77.8,1.26,2.77
Sylhet,2017,Aman,24.7,1853.3,78.8,1.53,3.51
Sylhet,2017,Boro,24.65,540.5,78.2,1.59,4.7
Sylhet,2018,Aus,26.7,1324.9,71.0,1.25,2.76
Sylhet,2018,Aman,24.71,2119.9,73.7,1.17,3.47
Sylhet,2018,Boro,24.28,618.3,70.3,1.71,4.88
Sylhet,2019,Aus,26.72,1126.8,72.8,1.88,2.5
Sylhet,2019,Aman,25.15,1802.9,75.6,1.62,3.98
Sylhet,2019,Boro,25.12,525.8,75.0,2.14,4.93
Sylhet,2020,Aus,26.83,1344.7,77.4,1.19,3.08
Sylhet,2020,Aman,25.83,2151.5,75.0,1.71,3.37
Sylhet,2020,Boro,24.97,627.5,77.9,1.64,4.65
Sylhet,2021,Aus,27.13,1368.8,75.0,1.1,3.27
Sylhet,2021,Aman,25.03,2190.0,76.4,1.18,3.65
Sylhet,2021,Boro,24.66,638.8,75.5,1.5,4.84
Sylhet,2022,Aus,27.07,1422.6,77.7,1.65,2.67
Sylhet,2022,Aman,25.32,2276.1,78.4,1.55,4.29
Sylhet,2022,Boro,25.31,663.9,77.1,1.79,4.57
Sylhet,2023,Aus,26.16,1124.6,74.0,1.93,3.06
Sylhet,2023,Aman,25.2,1799.3,72.2,1.2,3.67
Sylhet,2023,Boro,24.34,524.8,76.7,1.4,5.11
Sylhet,2024,Aus,27.89,1256.7,67.9,1.41,3.21
Sylhet,2024,Aman,26.02,2010.7,69.5,1.28,3.82
Sylhet,2024,Boro,25.17,586.5,71.5,1.41,4.47
Rajshahi,2010,Aus,25.79,1374.3,76.0,1.6,3.2
Rajshahi,2010,Aman,24.68,2198.8,70.5,1.43,3.99
Rajshahi,2010,Boro,24.36,641.3,74.4,1.31,5.07
Rajshahi,2011,Aus,26.34,1265.6,72.5,1.29,3.09
Rajshahi,2011,Aman,24.84,2024.9,75.7,0.96,3.83
Rajshahi,2011,Boro,24.18,590.6,71.1,1.1,4.95
Rajshahi,2012,Aus,25.99,1241.3,79.4,1.77,3.05
Rajshahi,2012,Aman,23.92,1986.1,79.4,1.8,3.99
Rajshahi,2012,Boro,24.1,579.3,79.9,1.11,4.94
Rajshahi,2013,Aus,27.78,1371.8,76.6,1.4,3.25
Rajshahi,2013,Aman,25.46,2194.9,78.3,1.77,3.93
Rajshahi,2013,Boro,25.21,640.2,78.1,1.32,5.3
Rajshahi,2014,Aus,26.61,1299.2,87.4,1.67,3.47
Rajshahi,2014,Aman,25.2,2078.8,89.2,1.81,3.67
Rajshahi,2014,Boro,24.73,606.3,85.2,1.63,4.32
Rajshahi,2015,Aus,26.75,1388.2,76.5,0.98,3.24
Rajshahi,2015,Aman,25.32,2221.1,75.8,1.39,3.74
Rajshahi,2015,Boro,24.96,647.8,73.8,1.37,4.73
Rajshahi,2016,Aus,26.88,1464.7,82.6,1.56,2.92
Rajshahi,2016,Aman,25.47,2343.5,77.9,1.3,3.59
Rajshahi,2016,Boro,24.83,683.5,86.0,1.81,4.67
Rajshahi,2017,Aus,26.2,1438.9,83.9,1.28,3.31
Rajshahi,2017,Aman,24.51,2302.2,81.5,0.5,3.91
Rajshahi,2017,Boro,24.41,671.5,84.0,1.68,5.24
Rajshahi,2018,Aus,27.03,1437.0,70.1,2.17,3.78
Rajshahi,2018,Aman,25.59,2299.2,75.3,1.47,3.84
Rajshahi,2018,Boro,25.73,670.6,74.6,1.42,5.31
Rajshahi,2019,Aus,26.82,1357.1,78.4,1.15,3.53
Rajshahi,2019,Aman,25.73,2171.3,73.6,2.41,4.26
Rajshahi,2019,Boro,25.11,633.3,72.9,2.09,5.2
Rajshahi,2020,Aus,26.46,1424.0,78.5,2.03,3.26
Rajshahi,2020,Aman,25.09,2278.3,75.1,1.43,3.62
Rajshahi,2020,Boro,24.43,664.5,81.1,2.25,5.49
Rajshahi,2021,Aus,26.22,1431.1,69.7,1.48,3.06
Rajshahi,2021,Aman,24.99,2289.8,75.5,1.88,3.84
Rajshahi,2021,Boro,24.69,667.9,72.5,1.89,4.94
Rajshahi,2022,Aus,27.21,1201.9,65.4,1.6,3.15
Rajshahi,2022,Aman,25.45,1923.0,68.6,0.94,4.12
Rajshahi,2022,Boro,24.71,560.9,64.1,1.63,4.87
Rajshahi,2023,Aus,27.46,1360.2,81.0,1.05,3.0
Rajshahi,2023,Aman,25.08,2176.3,79.4,1.59,4.25
Rajshahi,2023,Boro,24.94,634.8,76.5,1.42,5.12
Rajshahi,2024,Aus,26.86,1361.6,72.0,1.42,3.7
Rajshahi,2024,Aman,25.5,2178.5,77.0,1.5,3.42
Rajshahi,2024,Boro,25.04,635.4,72.5,1.29,4.36
Pabna,2010,Aus,25.87,1067.7,78.9,0.8,3.18
Pabna,2010,Aman,25.0,1708.3,81.1,1.4,3.89
Pabna,2010,Boro,24.04,498.3,80.8,1.65,4.76
Pabna,2011,Aus,26.5,1315.4,83.0,1.48,3.65
Pabna,2011,Aman,25.54,2104.6,82.7,1.19,4.19
Pabna,2011,Boro,24.22,613.8,83.3,1.13,5.5
Pabna,2012,Aus,27.27,1045.3,74.0,1.21,2.95
Pabna,2012,Aman,25.15,1672.5,75.4,1.59,3.55
Pabna,2012,Boro,24.45,487.8,75.2,1.41,5.28
Pabna,2013,Aus,26.36,944.3,76.2,1.27,3.5
Pabna,2013,Aman,24.37,1510.9,75.9,1.79,3.62
Pabna,2013,Boro,24.46,440.7,78.1,1.57,5.03
Pabna,2014,Aus,27.04,945.0,78.2,1.13,3.51
Pabna,2014,Aman,25.62,1512.0,78.1,1.47,4.0
Pabna,2014,Boro,24.63,441.0,75.3,0.65,5.22
Pabna,2015,Aus,26.57,1102.4,84.5,1.63,3.24
Pabna,2015,Aman,25.28,1763.9,83.8,2.41,3.57
Pabna,2015,Boro,24.99,514.5,82.3,1.73,4.99
Pabna,2016,Aus,26.26,874.5,78.6,1.77,3.45
Pabna,2016,Aman,24.76,1399.2,76.2,2.12,3.53
Pabna,2016,Boro,24.88,408.1,80.0,1.58,4.61
Pabna,2017,Aus,26.39,1033.9,71.5,1.52,2.83
Pabna,2017,Aman,25.46,1654.2,70.5,1.98,3.72
Pabna,2017,Boro,24.66,482.5,71.0,1.83,4.96
Pabna,2018,Aus,26.52,1077.6,68.5,1.61,3.81
Pabna,2018,Aman,24.47,1724.2,67.4,1.16,4.11
Pabna,2018,Boro,24.47,502.9,70.6,1.13,4.59
Pabna,2019,Aus,26.52,1155.5,73.3,1.48,3.19
Pabna,2019,Aman,25.54,1848.8,70.8,1.99,3.92
Pabna,2019,Boro,24.88,539.2,72.4,1.56,4.97
Pabna,2020,Aus,26.74,1155.0,75.5,1.33,3.2
Pabna,2020,Aman,25.01,1847.9,75.4,1.07,3.51
Pabna,2020,Boro,25.18,539.0,75.1,0.98,5.0
Pabna,2021,Aus,26.56,927.6,79.0,1.07,3.25
Pabna,2021,Aman,25.29,1484.2,77.0,1.54,3.95
Pabna,2021,Boro,25.01,432.9,78.1,1.61,4.93
Pabna,2022,Aus,26.92,930.2,78.1,1.9,3.15
Pabna,2022,Aman,25.53,1488.4,83.6,1.61,4.12
Pabna,2022,Boro,25.19,434.1,80.4,1.22,5.58
Pabna,2023,Aus,27.16,899.2,80.1,1.36,2.39
Pabna,2023,Aman,25.88,1438.8,82.7,1.76,3.67
Pabna,2023,Boro,24.56,419.6,83.3,1.69,5.27
Pabna,2024,Aus,26.85,1309.0,60.5,1.33,3.26
Pabna,2024,Aman,25.53,2094.4,66.0,1.12,4.11
Pabna,2024,Boro,24.81,610.9,66.3,0.5,5.34
Kishoreganj,2010,Aus,26.39,1126.5,71.1,1.38,3.21
Kishoreganj,2010,Aman,24.84,1802.5,74.6,1.61,4.21
Kishoreganj,2010,Boro,24.43,525.7,73.5,1.83,4.99
Kishoreganj,2011,Aus,25.66,1234.2,75.5,1.34,3.43
Kishoreganj,2011,Aman,24.15,1974.7,77.3,2.07,3.95
Kishoreganj,2011,Boro,23.81,576.0,79.6,0.99,5.68
Kishoreganj,2012,Aus,26.27,1299.4,72.3,1.31,3.29
Kishoreganj,2012,Aman,24.84,2079.0,76.0,1.17,3.91
Kishoreganj,2012,Boro,24.21,606.4,74.8,1.56,5.22
Kishoreganj,2013,Aus,26.19,1099.4,72.7,1.9,3.93
Kishoreganj,2013,Aman,25.09,1759.1,75.5,1.13,4.4
Kishoreganj,2013,Boro,24.68,513.1,74.4,1.57,5.31
Kishoreganj,2014,Aus,26.17,1025.8,68.9,0.99,3.65
Kishoreganj,2014,Aman,24.81,1641.3,67.4,1.51,4.09
Kishoreganj,2014,Boro,24.64,478.7,68.8,1.2,5.23
Kishoreganj,2015,Aus,26.62,1041.9,74.6,2.43,3.11
Kishoreganj,2015,Aman,24.89,1667.0,74.1,1.08,4.22
Kishoreganj,2015,Boro,24.52,486.2,72.5,1.93,4.84
Kishoreganj,2016,Aus,26.06,1077.9,73.2,1.03,3.62
Kishoreganj,2016,Aman,24.36,1724.6,74.7,1.03,3.94
Kishoreganj,2016,Boro,24.45,503.0,77.9,2.16,5.08
Kishoreganj,2017,Aus,26.19,1239.8,74.7,1.34,3.81
Kishoreganj,2017,Aman,25.1,1983.7,78.8,1.42,3.9
Kishoreganj,2017,Boro,24.37,578.6,77.0,2.13,5.27
Kishoreganj,2018,Aus,26.59,1194.9,71.3,1.39,3.62
Kishoreganj,2018,Aman,25.3,1911.8,64.5,1.73,4.12
Kishoreganj,2018,Boro,24.74,557.6,69.4,1.77,4.83
Kishoreganj,2019,Aus,26.8,1127.6,74.1,1.23,2.96
Kishoreganj,2019,Aman,25.56,1804.2,74.5,1.86,3.93
Kishoreganj,2019,Boro,24.95,526.2,69.1,1.42,5.36
Kishoreganj,2020,Aus,26.78,1063.4,71.6,1.76,3.35
Kishoreganj,2020,Aman,24.52,1701.4,69.5,1.61,4.05
Kishoreganj,2020,Boro,24.18,496.2,73.5,1.39,5.26
Kishoreganj,2021,Aus,27.46,1147.4,72.7,2.06,2.9
Kishoreganj,2021,Aman,26.27,1835.9,70.8,1.21,4.11
Kishoreganj,2021,Boro,25.18,535.5,69.4,1.41,5.7
Kishoreganj,2022,Aus,27.21,1231.2,76.0,1.65,3.83
Kishoreganj,2022,Aman,25.59,1969.9,78.2,1.49,4.19
Kishoreganj,2022,Boro,25.22,574.5,77.1,1.41,5.24
Kishoreganj,2023,Aus,27.22,1308.0,80.0,1.66,4.17
Kishoreganj,2023,Aman,25.32,2092.8,82.4,0.98,4.34
Kishoreganj,2023,Boro,24.88,610.4,84.5,1.73,5.19
Kishoreganj,2024,Aus,26.94,1072.4,78.3,0.97,3.03
Kishoreganj,2024,Aman,25.73,1715.9,73.1,1.66,3.84
Kishoreganj,2024,Boro,25.88,500.5,77.2,2.03,4.92
