Fertilizer_kg_ha,Irrigation_mm,Temperature_C,Crop,Simulated_Yield_t_ha
0,50,22,Rice,1.963
0,50,26,Rice,2.395
0,50,30,Rice,2.25
0,50,34,Rice,1.531
0,75,22,Rice,2.141
0,75,26,Rice,2.573
0,75,30,Rice,2.429
0,75,34,Rice,1.709
0,100,22,Rice,2.3
0,100,26,Rice,2.732
0,100,30,Rice,2.588
0,100,34,Rice,1.868
0,125,22,Rice,2.441
0,125,26,Rice,2.873
0,125,30,Rice,2.729
0,125,34,Rice,2.009
0,150,22,Rice,2.562
0,150,26,Rice,2.994
0,150,30,Rice,2.85
0,150,34,Rice,2.13
0,175,22,Rice,2.666
0,175,26,Rice,3.098
0,175,30,Rice,2.954
0,175,34,Rice,2.234
0,200,22,Rice,2.75
0,200,26,Rice,3.182
0,200,30,Rice,3.038
0,200,34,Rice,2.318
0,225,22,Rice,2.816
0,225,26,Rice,3.248
0,225,30,Rice,3.104
0,225,34,Rice,2.384
0,250,22,Rice,2.862
0,250,26,Rice,3.294
0,250,30,Rice,3.15
0,250,34,Rice,2.431
0,275,22,Rice,2.891
0,275,26,Rice,3.323
0,275,30,Rice,3.179
0,275,34,Rice,2.459
0,300,22,Rice,2.9
0,300,26,Rice,3.332
0,300,30,Rice,3.188
0,300,34,Rice,2.468
0,325,22,Rice,2.891
0,325,26,Rice,3.323
0,325,30,Rice,3.179
0,325,34,Rice,2.459
0,350,22,Rice,2.862
0,350,26,Rice,3.294
0,350,30,Rice,3.15
0,350,34,Rice,2.431
0,375,22,Rice,2.816
0,375,26,Rice,3.248
0,375,30,Rice,3.104
0,375,34,Rice,2.384
0,400,22,Rice,2.75
0,400,26,Rice,3.182
0,400,30,Rice,3.038
0,400,34,Rice,2.318
10,50,22,Rice,2.246
10,50,26,Rice,2.678
10,50,30,Rice,2.534
10,50,34,Rice,1.814
10,75,22,Rice,2.43
10,75,26,Rice,2.862
10,75,30,Rice,2.718
10,75,34,Rice,1.998
10,100,22,Rice,2.596
10,100,26,Rice,3.028
10,100,30,Rice,2.884
10,100,34,Rice,2.164
10,125,22,Rice,2.743
10,125,26,Rice,3.175
10,125,30,Rice,3.031
10,125,34,Rice,2.311
10,150,22,Rice,2.871
10,150,26,Rice,3.303
10,150,30,Rice,3.159
10,150,34,Rice,2.439
10,175,22,Rice,2.98
10,175,26,Rice,3.412
10,175,30,Rice,3.268
10,175,34,Rice,2.548
10,200,22,Rice,3.071
10,200,26,Rice,3.503
10,200,30,Rice,3.359
10,200,34,Rice,2.639
10,225,22,Rice,3.143
10,225,26,Rice,3.575
10,225,30,Rice,3.431
10,225,34,Rice,2.711
10,250,22,Rice,3.196
10,250,26,Rice,3.628
10,250,30,Rice,3.484
10,250,34,Rice,2.764
10,275,22,Rice,3.23
10,275,26,Rice,3.662
10,275,30,Rice,3.518
10,275,34,Rice,2.798
10,300,22,Rice,3.246
10,300,26,Rice,3.678
10,300,30,Rice,3.534
10,300,34,Rice,2.814
10,325,22,Rice,3.243
10,325,26,Rice,3.675
10,325,30,Rice,3.531
10,325,34,Rice,2.811
10,350,22,Rice,3.221
10,350,26,Rice,3.653
10,350,30,Rice,3.509
10,350,34,Rice,2.789
10,375,22,Rice,3.18
10,375,26,Rice,3.612
10,375,30,Rice,3.468
10,375,34,Rice,2.748
10,400,22,Rice,3.121
10,400,26,Rice,3.553
10,400,30,Rice,3.409
10,400,34,Rice,2.689
20,50,22,Rice,2.512
20,50,26,Rice,2.944
20,50,30,Rice,2.8
20,50,34,Rice,2.08
20,75,22,Rice,2.702
20,75,26,Rice,3.134
20,75,30,Rice,2.99
20,75,34,Rice,2.27
20,100,22,Rice,2.874
20,100,26,Rice,3.306
20,100,30,Rice,3.162
20,100,34,Rice,2.442
20,125,22,Rice,3.027
20,125,26,Rice,3.459
20,125,30,Rice,3.315
20,125,34,Rice,2.595
20,150,22,Rice,3.162
20,150,26,Rice,3.594
20,150,30,Rice,3.45
20,150,34,Rice,2.73
20,175,22,Rice,3.277
20,175,26,Rice,3.709
20,175,30,Rice,3.565
20,175,34,Rice,2.845
20,200,22,Rice,3.374
20,200,26,Rice,3.806
20,200,30,Rice,3.662
20,200,34,Rice,2.942
20,225,22,Rice,3.452
20,225,26,Rice,3.884
20,225,30,Rice,3.74
20,225,34,Rice,3.02
20,250,22,Rice,3.512
20,250,26,Rice,3.944
20,250,30,Rice,3.8
20,250,34,Rice,3.08
20,275,22,Rice,3.552
20,275,26,Rice,3.984
20,275,30,Rice,3.84
20,275,34,Rice,3.12
20,300,22,Rice,3.574
20,300,26,Rice,4.006
20,300,30,Rice,3.862
20,300,34,Rice,3.142
20,325,22,Rice,3.577
20,325,26,Rice,4.009
20,325,30,Rice,3.865
20,325,34,Rice,3.145
20,350,22,Rice,3.561
20,350,26,Rice,3.993
20,350,30,Rice,3.849
20,350,34,Rice,3.129
20,375,22,Rice,3.527
20,375,26,Rice,3.959
20,375,30,Rice,3.815
20,375,34,Rice,3.095
20,400,22,Rice,3.474
20,400,26,Rice,3.906
20,400,30,Rice,3.762
20,400,34,Rice,3.042
30,50,22,Rice,2.759
30,50,26,Rice,3.191
30,50,30,Rice,3.047
30,50,34,Rice,2.327
30,75,22,Rice,2.956
30,75,26,Rice,3.388
30,75,30,Rice,3.244
30,75,34,Rice,2.524
30,100,22,Rice,3.134
30,100,26,Rice,3.566
30,100,30,Rice,3.422
30,100,34,Rice,2.702
30,125,22,Rice,3.293
30,125,26,Rice,3.725
30,125,30,Rice,3.581
30,125,34,Rice,2.861
30,150,22,Rice,3.434
30,150,26,Rice,3.866
30,150,30,Rice,3.722
30,150,34,Rice,3.002
30,175,22,Rice,3.556
30,175,26,Rice,3.988
30,175,30,Rice,3.844
30,175,34,Rice,3.124
30,200,22,Rice,3.659
30,200,26,Rice,4.091
30,200,30,Rice,3.947
30,200,34,Rice,3.227
30,225,22,Rice,3.743
30,225,26,Rice,4.175
30,225,30,Rice,4.031
30,225,34,Rice,3.311
30,250,22,Rice,3.809
30,250,26,Rice,4.241
30,250,30,Rice,4.097
30,250,34,Rice,3.377
30,275,22,Rice,3.856
30,275,26,Rice,4.288
30,275,30,Rice,4.144
30,275,34,Rice,3.424
30,300,22,Rice,3.884
30,300,26,Rice,4.316
30,300,30,Rice,4.172
30,300,34,Rice,3.452
30,325,22,Rice,3.893
30,325,26,Rice,4.325
30,325,30,Rice,4.181
30,325,34,Rice,3.461
30,350,22,Rice,3.884
30,350,26,Rice,4.316
30,350,30,Rice,4.172
30,350,34,Rice,3.452
30,375,22,Rice,3.856
30,375,26,Rice,4.288
30,375,30,Rice,4.144
30,375,34,Rice,3.424
30,400,22,Rice,3.809
30,400,26,Rice,4.241
30,400,30,Rice,4.097
30,400,34,Rice,3.377
40,50,22,Rice,2.988
40,50,26,Rice,3.42
40,50,30,Rice,3.276
40,50,34,Rice,2.556
40,75,22,Rice,3.192
40,75,26,Rice,3.624
40,75,30,Rice,3.48
40,75,34,Rice,2.76
40,100,22,Rice,3.376
40,100,26,Rice,3.808
40,100,30,Rice,3.664
40,100,34,Rice,2.944
40,125,22,Rice,3.542
40,125,26,Rice,3.974
40,125,30,Rice,3.83
40,125,34,Rice,3.11
40,150,22,Rice,3.688
40,150,26,Rice,4.12
40,150,30,Rice,3.976
40,150,34,Rice,3.256
40,175,22,Rice,3.817
40,175,26,Rice,4.249
40,175,30,Rice,4.105
40,175,34,Rice,3.385
40,200,22,Rice,3.926
40,200,26,Rice,4.358
40,200,30,Rice,4.214
40,200,34,Rice,3.494
40,225,22,Rice,4.017
40,225,26,Rice,4.449
40,225,30,Rice,4.305
40,225,34,Rice,3.585
40,250,22,Rice,4.088
40,250,26,Rice,4.52
40,250,30,Rice,4.376
40,250,34,Rice,3.657
40,275,22,Rice,4.142
40,275,26,Rice,4.574
40,275,30,Rice,4.43
40,275,34,Rice,3.71
40,300,22,Rice,4.176
40,300,26,Rice,4.608
40,300,30,Rice,4.464
40,300,34,Rice,3.744
40,325,22,Rice,4.192
40,325,26,Rice,4.624
40,325,30,Rice,4.48
40,325,34,Rice,3.76
40,350,22,Rice,4.188
40,350,26,Rice,4.62
40,350,30,Rice,4.476
40,350,34,Rice,3.756
40,375,22,Rice,4.167
40,375,26,Rice,4.599
40,375,30,Rice,4.455
40,375,34,Rice,3.735
40,400,22,Rice,4.126
40,400,26,Rice,4.558
40,400,30,Rice,4.414
40,400,34,Rice,3.694
50,50,22,Rice,3.2
50,50,26,Rice,3.632
50,50,30,Rice,3.488
50,50,34,Rice,2.768
50,75,22,Rice,3.409
50,75,26,Rice,3.841
50,75,30,Rice,3.697
50,75,34,Rice,2.977
50,100,22,Rice,3.6
50,100,26,Rice,4.032
50,100,30,Rice,3.888
50,100,34,Rice,3.168
50,125,22,Rice,3.772
50,125,26,Rice,4.204
50,125,30,Rice,4.06
50,125,34,Rice,3.34
50,150,22,Rice,3.925
50,150,26,Rice,4.357
50,150,30,Rice,4.213
50,150,34,Rice,3.493
50,175,22,Rice,4.059
50,175,26,Rice,4.491
50,175,30,Rice,4.347
50,175,34,Rice,3.627
50,200,22,Rice,4.175
50,200,26,Rice,4.607
50,200,30,Rice,4.463
50,200,34,Rice,3.743
50,225,22,Rice,4.272
50,225,26,Rice,4.704
50,225,30,Rice,4.56
50,225,34,Rice,3.84
50,250,22,Rice,4.35
50,250,26,Rice,4.782
50,250,30,Rice,4.638
50,250,34,Rice,3.918
50,275,22,Rice,4.409
50,275,26,Rice,4.841
50,275,30,Rice,4.697
50,275,34,Rice,3.977
50,300,22,Rice,4.45
50,300,26,Rice,4.882
50,300,30,Rice,4.738
50,300,34,Rice,4.018
50,325,22,Rice,4.472
50,325,26,Rice,4.904
50,325,30,Rice,4.76
50,325,34,Rice,4.04
50,350,22,Rice,4.475
50,350,26,Rice,4.907
50,350,30,Rice,4.763
50,350,34,Rice,4.043
50,375,22,Rice,4.459
50,375,26,Rice,4.891
50,375,30,Rice,4.747
50,375,34,Rice,4.027
50,400,22,Rice,4.425
50,400,26,Rice,4.857
50,400,30,Rice,4.713
50,400,34,Rice,3.993
60,50,22,Rice,3.394
60,50,26,Rice,3.826
60,50,30,Rice,3.682
60,50,34,Rice,2.962
60,75,22,Rice,3.609
60,75,26,Rice,4.041
60,75,30,Rice,3.897
60,75,34,Rice,3.177
60,100,22,Rice,3.806
60,100,26,Rice,4.238
60,100,30,Rice,4.094
60,100,34,Rice,3.374
60,125,22,Rice,3.984
60,125,26,Rice,4.416
60,125,30,Rice,4.272
60,125,34,Rice,3.552
60,150,22,Rice,4.143
60,150,26,Rice,4.575
60,150,30,Rice,4.431
60,150,34,Rice,3.711
60,175,22,Rice,4.284
60,175,26,Rice,4.716
60,175,30,Rice,4.572
60,175,34,Rice,3.852
60,200,22,Rice,4.406
60,200,26,Rice,4.838
60,200,30,Rice,4.694
60,200,34,Rice,3.974
60,225,22,Rice,4.509
60,225,26,Rice,4.941
60,225,30,Rice,4.797
60,225,34,Rice,4.077
60,250,22,Rice,4.594
60,250,26,Rice,5.026
60,250,30,Rice,4.882
60,250,34,Rice,4.162
60,275,22,Rice,4.659
60,275,26,Rice,5.091
60,275,30,Rice,4.947
60,275,34,Rice,4.227
60,300,22,Rice,4.706
60,300,26,Rice,5.138
60,300,30,Rice,4.994
60,300,34,Rice,4.274
60,325,22,Rice,4.734
60,325,26,Rice,5.166
60,325,30,Rice,5.022
60,325,34,Rice,4.302
60,350,22,Rice,4.744
60,350,26,Rice,5.176
60,350,30,Rice,5.032
60,350,34,Rice,4.312
60,375,22,Rice,4.734
60,375,26,Rice,5.166
60,375,30,Rice,5.022
60,375,34,Rice,4.302
60,400,22,Rice,4.706
60,400,26,Rice,5.138
60,400,30,Rice,4.994
60,400,34,Rice,4.274
70,50,22,Rice,3.569
70,50,26,Rice,4.001
70,50,30,Rice,3.857
70,50,34,Rice,3.137
70,75,22,Rice,3.791
70,75,26,Rice,4.223
70,75,30,Rice,4.079
70,75,34,Rice,3.359
70,100,22,Rice,3.994
70,100,26,Rice,4.426
70,100,30,Rice,4.282
70,100,34,Rice,3.562
70,125,22,Rice,4.178
70,125,26,Rice,4.61
70,125,30,Rice,4.466
70,125,34,Rice,3.746
70,150,22,Rice,4.344
70,150,26,Rice,4.776
70,150,30,Rice,4.632
70,150,34,Rice,3.912
70,175,22,Rice,4.491
70,175,26,Rice,4.923
70,175,30,Rice,4.779
70,175,34,Rice,4.059
70,200,22,Rice,4.619
70,200,26,Rice,5.051
70,200,30,Rice,4.907
70,200,34,Rice,4.187
70,225,22,Rice,4.728
70,225,26,Rice,5.16
70,225,30,Rice,5.016
70,225,34,Rice,4.296
70,250,22,Rice,4.819
70,250,26,Rice,5.251
70,250,30,Rice,5.107
70,250,34,Rice,4.387
70,275,22,Rice,4.891
70,275,26,Rice,5.323
70,275,30,Rice,5.179
70,275,34,Rice,4.459
70,300,22,Rice,4.944
70,300,26,Rice,5.376
70,300,30,Rice,5.232
70,300,34,Rice,4.512
70,325,22,Rice,4.978
70,325,26,Rice,5.41
70,325,30,Rice,5.266
70,325,34,Rice,4.546
70,350,22,Rice,4.994
70,350,26,Rice,5.426
70,350,30,Rice,5.282
70,350,34,Rice,4.562
70,375,22,Rice,4.991
70,375,26,Rice,5.423
70,375,30,Rice,5.279
70,375,34,Rice,4.559
70,400,22,Rice,4.969
70,400,26,Rice,5.401
70,400,30,Rice,5.257
70,400,34,Rice,4.537
80,50,22,Rice,3.726
80,50,26,Rice,4.158
80,50,30,Rice,4.014
80,50,34,Rice,3.295
80,75,22,Rice,3.955
80,75,26,Rice,4.387
80,75,30,Rice,4.243
80,75,34,Rice,3.523
80,100,22,Rice,4.164
80,100,26,Rice,4.596
80,100,30,Rice,4.452
80,100,34,Rice,3.732
80,125,22,Rice,4.355
80,125,26,Rice,4.787
80,125,30,Rice,4.643
80,125,34,Rice,3.923
80,150,22,Rice,4.526
80,150,26,Rice,4.958
80,150,30,Rice,4.814
80,150,34,Rice,4.094
80,175,22,Rice,4.68
80,175,26,Rice,5.112
80,175,30,Rice,4.968
80,175,34,Rice,4.248
80,200,22,Rice,4.814
80,200,26,Rice,5.246
80,200,30,Rice,5.102
80,200,34,Rice,4.382
80,225,22,Rice,4.93
80,225,26,Rice,5.362
80,225,30,Rice,5.218
80,225,34,Rice,4.498
80,250,22,Rice,5.026
80,250,26,Rice,5.458
80,250,30,Rice,5.314
80,250,34,Rice,4.594
80,275,22,Rice,5.105
80,275,26,Rice,5.537
80,275,30,Rice,5.393
80,275,34,Rice,4.673
80,300,22,Rice,5.164
80,300,26,Rice,5.596
80,300,30,Rice,5.452
80,300,34,Rice,4.732
80,325,22,Rice,5.205
80,325,26,Rice,5.637
80,325,30,Rice,5.493
80,325,34,Rice,4.773
80,350,22,Rice,5.226
80,350,26,Rice,5.658
80,350,30,Rice,5.514
80,350,34,Rice,4.794
80,375,22,Rice,5.23
80,375,26,Rice,5.662
80,375,30,Rice,5.518
80,375,34,Rice,4.798
80,400,22,Rice,5.214
80,400,26,Rice,5.646
80,400,30,Rice,5.502
80,400,34,Rice,4.782
90,50,22,Rice,3.866
90,50,26,Rice,4.298
90,50,30,Rice,4.154
90,50,34,Rice,3.434
90,75,22,Rice,4.1
90,75,26,Rice,4.532
90,75,30,Rice,4.388
90,75,34,Rice,3.668
90,100,22,Rice,4.316
90,100,26,Rice,4.748
90,100,30,Rice,4.604
90,100,34,Rice,3.884
90,125,22,Rice,4.513
90,125,26,Rice,4.945
90,125,30,Rice,4.801
90,125,34,Rice,4.081
90,150,22,Rice,4.691
90,150,26,Rice,5.123
90,150,30,Rice,4.979
90,150,34,Rice,4.259
90,175,22,Rice,4.85
90,175,26,Rice,5.282
90,175,30,Rice,5.138
90,175,34,Rice,4.418
90,200,22,Rice,4.991
90,200,26,Rice,5.423
90,200,30,Rice,5.279
90,200,34,Rice,4.559
90,225,22,Rice,5.113
90,225,26,Rice,5.545
90,225,30,Rice,5.401
90,225,34,Rice,4.681
90,250,22,Rice,5.216
90,250,26,Rice,5.648
90,250,30,Rice,5.504
90,250,34,Rice,4.784
90,275,22,Rice,5.3
90,275,26,Rice,5.732
90,275,30,Rice,5.588
90,275,34,Rice,4.868
90,300,22,Rice,5.366
90,300,26,Rice,5.798
90,300,30,Rice,5.654
90,300,34,Rice,4.934
90,325,22,Rice,5.413
90,325,26,Rice,5.845
90,325,30,Rice,5.701
90,325,34,Rice,4.981
90,350,22,Rice,5.441
90,350,26,Rice,5.873
90,350,30,Rice,5.729
90,350,34,Rice,5.009
90,375,22,Rice,5.45
90,375,26,Rice,5.882
90,375,30,Rice,5.738
90,375,34,Rice,5.018
90,400,22,Rice,5.441
90,400,26,Rice,5.873
90,400,30,Rice,5.729
90,400,34,Rice,5.009
100,50,22,Rice,3.988
100,50,26,Rice,4.42
100,50,30,Rice,4.276
100,50,34,Rice,3.556
100,75,22,Rice,4.228
100,75,26,Rice,4.66
100,75,30,Rice,4.516
100,75,34,Rice,3.796
100,100,22,Rice,4.45
100,100,26,Rice,4.882
100,100,30,Rice,4.738
100,100,34,Rice,4.018
100,125,22,Rice,4.653
100,125,26,Rice,5.085
100,125,30,Rice,4.941
100,125,34,Rice,4.221
100,150,22,Rice,4.838
100,150,26,Rice,5.27
100,150,30,Rice,5.126
100,150,34,Rice,4.406
100,175,22,Rice,5.003
100,175,26,Rice,5.435
100,175,30,Rice,5.291
100,175,34,Rice,4.571
100,200,22,Rice,5.15
100,200,26,Rice,5.582
100,200,30,Rice,5.438
100,200,34,Rice,4.718
100,225,22,Rice,5.278
100,225,26,Rice,5.71
100,225,30,Rice,5.566
100,225,34,Rice,4.846
100,250,22,Rice,5.388
100,250,26,Rice,5.82
100,250,30,Rice,5.676
100,250,34,Rice,4.956
100,275,22,Rice,5.478
100,275,26,Rice,5.91
100,275,30,Rice,5.766
100,275,34,Rice,5.046
100,300,22,Rice,5.55
100,300,26,Rice,5.982
100,300,30,Rice,5.838
100,300,34,Rice,5.118
100,325,22,Rice,5.603
100,325,26,Rice,6.035
100,325,30,Rice,5.891
100,325,34,Rice,5.171
100,350,22,Rice,5.638
100,350,26,Rice,6.07
100,350,30,Rice,5.926
100,350,34,Rice,5.206
100,375,22,Rice,5.653
100,375,26,Rice,6.085
100,375,30,Rice,5.941
100,375,34,Rice,5.221
100,400,22,Rice,5.65
100,400,26,Rice,6.082
100,400,30,Rice,5.938
100,400,34,Rice,5.218
110,50,22,Rice,4.091
110,50,26,Rice,4.523
110,50,30,Rice,4.379
110,50,34,Rice,3.659
110,75,22,Rice,4.338
110,75,26,Rice,4.77
110,75,30,Rice,4.626
110,75,34,Rice,3.906
110,100,22,Rice,4.566
110,100,26,Rice,4.998
110,100,30,Rice,4.854
110,100,34,Rice,4.134
110,125,22,Rice,4.775
110,125,26,Rice,5.207
110,125,30,Rice,5.063
110,125,34,Rice,4.343
110,150,22,Rice,4.966
110,150,26,Rice,5.398
110,150,30,Rice,5.254
110,150,34,Rice,4.534
110,175,22,Rice,5.138
110,175,26,Rice,5.57
110,175,30,Rice,5.426
110,175,34,Rice,4.706
110,200,22,Rice,5.291
110,200,26,Rice,5.723
110,200,30,Rice,5.579
110,200,34,Rice,4.859
110,225,22,Rice,5.425
110,225,26,Rice,5.857
110,225,30,Rice,5.713
110,225,34,Rice,4.993
110,250,22,Rice,5.541
110,250,26,Rice,5.973
110,250,30,Rice,5.829
110,250,34,Rice,5.109
110,275,22,Rice,5.638
110,275,26,Rice,6.07
110,275,30,Rice,5.926
110,275,34,Rice,5.206
110,300,22,Rice,5.716
110,300,26,Rice,6.148
110,300,30,Rice,6.004
110,300,34,Rice,5.284
110,325,22,Rice,5.775
110,325,26,Rice,6.207
110,325,30,Rice,6.063
110,325,34,Rice,5.343
110,350,22,Rice,5.816
110,350,26,Rice,6.248
110,350,30,Rice,6.104
110,350,34,Rice,5.384
110,375,22,Rice,5.838
110,375,26,Rice,6.27
110,375,30,Rice,6.126
110,375,34,Rice,5.406
110,400,22,Rice,5.841
110,400,26,Rice,6.273
110,400,30,Rice,6.129
110,400,34,Rice,5.409
120,50,22,Rice,4.176
120,50,26,Rice,4.608
120,50,30,Rice,4.464
120,50,34,Rice,3.744
120,75,22,Rice,4.43
120,75,26,Rice,4.862
120,75,30,Rice,4.718
120,75,34,Rice,3.998
120,100,22,Rice,4.664
120,100,26,Rice,5.096
120,100,30,Rice,4.952
120,100,34,Rice,4.232
120,125,22,Rice,4.88
120,125,26,Rice,5.312
120,125,30,Rice,5.168
120,125,34,Rice,4.448
120,150,22,Rice,5.076
120,150,26,Rice,5.508
120,150,30,Rice,5.364
120,150,34,Rice,4.644
120,175,22,Rice,5.255
120,175,26,Rice,5.687
120,175,30,Rice,5.543
120,175,34,Rice,4.823
120,200,22,Rice,5.414
120,200,26,Rice,5.846
120,200,30,Rice,5.702
120,200,34,Rice,4.982
120,225,22,Rice,5.555
120,225,26,Rice,5.987
120,225,30,Rice,5.843
120,225,34,Rice,5.123
120,250,22,Rice,5.676
120,250,26,Rice,6.108
120,250,30,Rice,5.964
120,250,34,Rice,5.244
120,275,22,Rice,5.78
120,275,26,Rice,6.212
120,275,30,Rice,6.068
120,275,34,Rice,5.348
120,300,22,Rice,5.864
120,300,26,Rice,6.296
120,300,30,Rice,6.152
120,300,34,Rice,5.432
120,325,22,Rice,5.93
120,325,26,Rice,6.362
120,325,30,Rice,6.218
120,325,34,Rice,5.498
120,350,22,Rice,5.976
120,350,26,Rice,6.408
120,350,30,Rice,6.264
120,350,34,Rice,5.544
120,375,22,Rice,6.005
120,375,26,Rice,6.437
120,375,30,Rice,6.293
120,375,34,Rice,5.573
120,400,22,Rice,6.014
120,400,26,Rice,6.446
120,400,30,Rice,6.302
120,400,34,Rice,5.582
130,50,22,Rice,4.244
130,50,26,Rice,4.676
130,50,30,Rice,4.532
130,50,34,Rice,3.812
130,75,22,Rice,4.503
130,75,26,Rice,4.935
130,75,30,Rice,4.791
130,75,34,Rice,4.071
130,100,22,Rice,4.744
130,100,26,Rice,5.176
130,100,30,Rice,5.032
130,100,34,Rice,4.312
130,125,22,Rice,4.966
130,125,26,Rice,5.398
130,125,30,Rice,5.254
130,125,34,Rice,4.534
130,150,22,Rice,5.169
130,150,26,Rice,5.601
130,150,30,Rice,5.457
130,150,34,Rice,4.737
130,175,22,Rice,5.353
130,175,26,Rice,5.785
130,175,30,Rice,5.641
130,175,34,Rice,4.921
130,200,22,Rice,5.519
130,200,26,Rice,5.951
130,200,30,Rice,5.807
130,200,34,Rice,5.087
130,225,22,Rice,5.666
130,225,26,Rice,6.098
130,225,30,Rice,5.954
130,225,34,Rice,5.234
130,250,22,Rice,5.794
130,250,26,Rice,6.226
130,250,30,Rice,6.082
130,250,34,Rice,5.362
130,275,22,Rice,5.903
130,275,26,Rice,6.335
130,275,30,Rice,6.191
130,275,34,Rice,5.471
130,300,22,Rice,5.994
130,300,26,Rice,6.426
130,300,30,Rice,6.282
130,300,34,Rice,5.562
130,325,22,Rice,6.066
130,325,26,Rice,6.498
130,325,30,Rice,6.354
130,325,34,Rice,5.634
130,350,22,Rice,6.119
130,350,26,Rice,6.551
130,350,30,Rice,6.407
130,350,34,Rice,5.687
130,375,22,Rice,6.153
130,375,26,Rice,6.585
130,375,30,Rice,6.441
130,375,34,Rice,5.721
130,400,22,Rice,6.169
130,400,26,Rice,6.601
130,400,30,Rice,6.457
130,400,34,Rice,5.737
140,50,22,Rice,4.294
140,50,26,Rice,4.726
140,50,30,Rice,4.582
140,50,34,Rice,3.862
140,75,22,Rice,4.559
140,75,26,Rice,4.991
140,75,30,Rice,4.847
140,75,34,Rice,4.127
140,100,22,Rice,4.806
140,100,26,Rice,5.238
140,100,30,Rice,5.094
140,100,34,Rice,4.374
140,125,22,Rice,5.034
140,125,26,Rice,5.466
140,125,30,Rice,5.322
140,125,34,Rice,4.602
140,150,22,Rice,5.243
140,150,26,Rice,5.676
140,150,30,Rice,5.531
140,150,34,Rice,4.812
140,175,22,Rice,5.434
140,175,26,Rice,5.866
140,175,30,Rice,5.722
140,175,34,Rice,5.002
140,200,22,Rice,5.606
140,200,26,Rice,6.038
140,200,30,Rice,5.894
140,200,34,Rice,5.174
140,225,22,Rice,5.759
140,225,26,Rice,6.191
140,225,30,Rice,6.047
140,225,34,Rice,5.327
140,250,22,Rice,5.893
140,250,26,Rice,6.326
140,250,30,Rice,6.182
140,250,34,Rice,5.462
140,275,22,Rice,6.009
140,275,26,Rice,6.441
140,275,30,Rice,6.297
140,275,34,Rice,5.577
140,300,22,Rice,6.106
140,300,26,Rice,6.538
140,300,30,Rice,6.394
140,300,34,Rice,5.674
140,325,22,Rice,6.184
140,325,26,Rice,6.616
140,325,30,Rice,6.472
140,325,34,Rice,5.752
140,350,22,Rice,6.243
140,350,26,Rice,6.676
140,350,30,Rice,6.531
140,350,34,Rice,5.811
140,375,22,Rice,6.284
140,375,26,Rice,6.716
140,375,30,Rice,6.572
140,375,34,Rice,5.852
140,400,22,Rice,6.306
140,400,26,Rice,6.738
140,400,30,Rice,6.594
140,400,34,Rice,5.874
150,50,22,Rice,4.325
150,50,26,Rice,4.757
150,50,30,Rice,4.613
150,50,34,Rice,3.893
150,75,22,Rice,4.597
150,75,26,Rice,5.029
150,75,30,Rice,4.885
150,75,34,Rice,4.165
150,100,22,Rice,4.85
150,100,26,Rice,5.282
150,100,30,Rice,5.138
150,100,34,Rice,4.418
150,125,22,Rice,5.084
150,125,26,Rice,5.516
150,125,30,Rice,5.372
150,125,34,Rice,4.652
150,150,22,Rice,5.3
150,150,26,Rice,5.732
150,150,30,Rice,5.588
150,150,34,Rice,4.868
150,175,22,Rice,5.497
150,175,26,Rice,5.929
150,175,30,Rice,5.785
150,175,34,Rice,5.065
150,200,22,Rice,5.675
150,200,26,Rice,6.107
150,200,30,Rice,5.963
150,200,34,Rice,5.243
150,225,22,Rice,5.834
150,225,26,Rice,6.266
150,225,30,Rice,6.122
150,225,34,Rice,5.402
150,250,22,Rice,5.975
150,250,26,Rice,6.407
150,250,30,Rice,6.263
150,250,34,Rice,5.543
150,275,22,Rice,6.097
150,275,26,Rice,6.529
150,275,30,Rice,6.385
150,275,34,Rice,5.665
150,300,22,Rice,6.2
150,300,26,Rice,6.632
150,300,30,Rice,6.488
150,300,34,Rice,5.768
150,325,22,Rice,6.284
150,325,26,Rice,6.716
150,325,30,Rice,6.572
150,325,34,Rice,5.852
150,350,22,Rice,6.35
150,350,26,Rice,6.782
150,350,30,Rice,6.638
150,350,34,Rice,5.918
150,375,22,Rice,6.397
150,375,26,Rice,6.829
150,375,30,Rice,6.685
150,375,34,Rice,5.965
150,400,22,Rice,6.425
150,400,26,Rice,6.857
150,400,30,Rice,6.713
150,400,34,Rice,5.993
160,50,22,Rice,4.339
160,50,26,Rice,4.771
160,50,30,Rice,4.627
160,50,34,Rice,3.907
160,75,22,Rice,4.617
160,75,26,Rice,5.049
160,75,30,Rice,4.905
160,75,34,Rice,4.185
160,100,22,Rice,4.876
160,100,26,Rice,5.308
160,100,30,Rice,5.164
160,100,34,Rice,4.444
160,125,22,Rice,5.117
160,125,26,Rice,5.549
160,125,30,Rice,5.405
160,125,34,Rice,4.685
160,150,22,Rice,5.338
160,150,26,Rice,5.77
160,150,30,Rice,5.626
160,150,34,Rice,4.906
160,175,22,Rice,5.542
160,175,26,Rice,5.974
160,175,30,Rice,5.83
160,175,34,Rice,5.11
160,200,22,Rice,5.726
160,200,26,Rice,6.158
160,200,30,Rice,6.014
160,200,34,Rice,5.294
160,225,22,Rice,5.892
160,225,26,Rice,6.324
160,225,30,Rice,6.18
160,225,34,Rice,5.46
160,250,22,Rice,6.038
160,250,26,Rice,6.47
160,250,30,Rice,6.326
160,250,34,Rice,5.607
160,275,22,Rice,6.167
160,275,26,Rice,6.599
160,275,30,Rice,6.455
160,275,34,Rice,5.735
160,300,22,Rice,6.276
160,300,26,Rice,6.708
160,300,30,Rice,6.564
160,300,34,Rice,5.844
160,325,22,Rice,6.367
160,325,26,Rice,6.799
160,325,30,Rice,6.655
160,325,34,Rice,5.935
160,350,22,Rice,6.438
160,350,26,Rice,6.871
160,350,30,Rice,6.727
160,350,34,Rice,6.007
160,375,22,Rice,6.492
160,375,26,Rice,6.924
160,375,30,Rice,6.78
160,375,34,Rice,6.06
160,400,22,Rice,6.526
160,400,26,Rice,6.958
160,400,30,Rice,6.814
160,400,34,Rice,6.094
170,50,22,Rice,4.334
170,50,26,Rice,4.766
170,50,30,Rice,4.622
170,50,34,Rice,3.902
170,75,22,Rice,4.618
170,75,26,Rice,5.05
170,75,30,Rice,4.906
170,75,34,Rice,4.186
170,100,22,Rice,4.884
170,100,26,Rice,5.316
170,100,30,Rice,5.172
170,100,34,Rice,4.452
170,125,22,Rice,5.131
170,125,26,Rice,5.563
170,125,30,Rice,5.419
170,125,34,Rice,4.699
170,150,22,Rice,5.359
170,150,26,Rice,5.791
170,150,30,Rice,5.647
170,150,34,Rice,4.927
170,175,22,Rice,5.568
170,175,26,Rice,6.0
170,175,30,Rice,5.856
170,175,34,Rice,5.136
170,200,22,Rice,5.759
170,200,26,Rice,6.191
170,200,30,Rice,6.047
170,200,34,Rice,5.327
170,225,22,Rice,5.931
170,225,26,Rice,6.363
170,225,30,Rice,6.219
170,225,34,Rice,5.499
170,250,22,Rice,6.084
170,250,26,Rice,6.516
170,250,30,Rice,6.372
170,250,34,Rice,5.652
170,275,22,Rice,6.218
170,275,26,Rice,6.65
170,275,30,Rice,6.506
170,275,34,Rice,5.786
170,300,22,Rice,6.334
170,300,26,Rice,6.766
170,300,30,Rice,6.622
170,300,34,Rice,5.902
170,325,22,Rice,6.431
170,325,26,Rice,6.863
170,325,30,Rice,6.719
170,325,34,Rice,5.999
170,350,22,Rice,6.509
170,350,26,Rice,6.941
170,350,30,Rice,6.797
170,350,34,Rice,6.077
170,375,22,Rice,6.568
170,375,26,Rice,7.0
170,375,30,Rice,6.856
170,375,34,Rice,6.136
170,400,22,Rice,6.609
170,400,26,Rice,7.041
170,400,30,Rice,6.897
170,400,34,Rice,6.177
180,50,22,Rice,4.312
180,50,26,Rice,4.744
180,50,30,Rice,4.6
180,50,34,Rice,3.88
180,75,22,Rice,4.602
180,75,26,Rice,5.034
180,75,30,Rice,4.89
180,75,34,Rice,4.17
180,100,22,Rice,4.874
180,100,26,Rice,5.306
180,100,30,Rice,5.162
180,100,34,Rice,4.442
180,125,22,Rice,5.127
180,125,26,Rice,5.559
180,125,30,Rice,5.415
180,125,34,Rice,4.695
180,150,22,Rice,5.361
180,150,26,Rice,5.793
180,150,30,Rice,5.649
180,150,34,Rice,4.929
180,175,22,Rice,5.577
180,175,26,Rice,6.009
180,175,30,Rice,5.865
180,175,34,Rice,5.145
180,200,22,Rice,5.774
180,200,26,Rice,6.206
180,200,30,Rice,6.062
180,200,34,Rice,5.342
180,225,22,Rice,5.952
180,225,26,Rice,6.384
180,225,30,Rice,6.24
180,225,34,Rice,5.52
180,250,22,Rice,6.111
180,250,26,Rice,6.544
180,250,30,Rice,6.4
180,250,34,Rice,5.68
180,275,22,Rice,6.252
180,275,26,Rice,6.684
180,275,30,Rice,6.54
180,275,34,Rice,5.82
180,300,22,Rice,6.374
180,300,26,Rice,6.806
180,300,30,Rice,6.662
180,300,34,Rice,5.942
180,325,22,Rice,6.477
180,325,26,Rice,6.909
180,325,30,Rice,6.765
180,325,34,Rice,6.045
180,350,22,Rice,6.561
180,350,26,Rice,6.993
180,350,30,Rice,6.849
180,350,34,Rice,6.129
180,375,22,Rice,6.627
180,375,26,Rice,7.059
180,375,30,Rice,6.915
180,375,34,Rice,6.195
180,400,22,Rice,6.674
180,400,26,Rice,7.106
180,400,30,Rice,6.962
180,400,34,Rice,6.242
190,50,22,Rice,4.271
190,50,26,Rice,4.703
190,50,30,Rice,4.559
190,50,34,Rice,3.839
190,75,22,Rice,4.568
190,75,26,Rice,5.0
190,75,30,Rice,4.856
190,75,34,Rice,4.136
190,100,22,Rice,4.846
190,100,26,Rice,5.278
190,100,30,Rice,5.134
190,100,34,Rice,4.414
190,125,22,Rice,5.105
190,125,26,Rice,5.537
190,125,30,Rice,5.393
190,125,34,Rice,4.673
190,150,22,Rice,5.346
190,150,26,Rice,5.778
190,150,30,Rice,5.634
190,150,34,Rice,4.914
190,175,22,Rice,5.568
190,175,26,Rice,6.0
190,175,30,Rice,5.856
190,175,34,Rice,5.136
190,200,22,Rice,5.771
190,200,26,Rice,6.203
190,200,30,Rice,6.059
190,200,34,Rice,5.339
190,225,22,Rice,5.955
190,225,26,Rice,6.387
190,225,30,Rice,6.243
190,225,34,Rice,5.523
190,250,22,Rice,6.121
190,250,26,Rice,6.553
190,250,30,Rice,6.409
190,250,34,Rice,5.689
190,275,22,Rice,6.268
190,275,26,Rice,6.7
190,275,30,Rice,6.556
190,275,34,Rice,5.836
190,300,22,Rice,6.396
190,300,26,Rice,6.828
190,300,30,Rice,6.684
190,300,34,Rice,5.964
190,325,22,Rice,6.505
190,325,26,Rice,6.937
190,325,30,Rice,6.793
190,325,34,Rice,6.073
190,350,22,Rice,6.596
190,350,26,Rice,7.028
190,350,30,Rice,6.884
190,350,34,Rice,6.164
190,375,22,Rice,6.668
190,375,26,Rice,7.1
190,375,30,Rice,6.956
190,375,34,Rice,6.236
190,400,22,Rice,6.721
190,400,26,Rice,7.153
190,400,30,Rice,7.009
190,400,34,Rice,6.289
200,50,22,Rice,4.212
200,50,26,Rice,4.645
200,50,30,Rice,4.501
200,50,34,Rice,3.781
200,75,22,Rice,4.516
200,75,26,Rice,4.948
200,75,30,Rice,4.804
200,75,34,Rice,4.084
200,100,22,Rice,4.8
200,100,26,Rice,5.232
200,100,30,Rice,5.088
200,100,34,Rice,4.368
200,125,22,Rice,5.066
200,125,26,Rice,5.498
200,125,30,Rice,5.354
200,125,34,Rice,4.634
200,150,22,Rice,5.312
200,150,26,Rice,5.744
200,150,30,Rice,5.6
200,150,34,Rice,4.88
200,175,22,Rice,5.541
200,175,26,Rice,5.973
200,175,30,Rice,5.829
200,175,34,Rice,5.109
200,200,22,Rice,5.75
200,200,26,Rice,6.182
200,200,30,Rice,6.038
200,200,34,Rice,5.318
200,225,22,Rice,5.941
200,225,26,Rice,6.373
200,225,30,Rice,6.229
200,225,34,Rice,5.509
200,250,22,Rice,6.112
200,250,26,Rice,6.544
200,250,30,Rice,6.4
200,250,34,Rice,5.68
200,275,22,Rice,6.266
200,275,26,Rice,6.698
200,275,30,Rice,6.554
200,275,34,Rice,5.834
200,300,22,Rice,6.4
200,300,26,Rice,6.832
200,300,30,Rice,6.688
200,300,34,Rice,5.968
200,325,22,Rice,6.516
200,325,26,Rice,6.948
200,325,30,Rice,6.804
200,325,34,Rice,6.084
200,350,22,Rice,6.612
200,350,26,Rice,7.044
200,350,30,Rice,6.9
200,350,34,Rice,6.18
200,375,22,Rice,6.691
200,375,26,Rice,7.123
200,375,30,Rice,6.979
200,375,34,Rice,6.259
200,400,22,Rice,6.75
200,400,26,Rice,7.182
200,400,30,Rice,7.038
200,400,34,Rice,6.318
